lon,lat,wl,attwl,obsnm,rf,kind,dataType,ymdhm,obscd,fbscd,wrnwl,almwl,srswl,fcodvcd,sttnm,sumrf24,wl10,cnfno,sfw,cnfdt,appsdt,cnfotf,cmt,cnfseq,fvanm,addr,seq,media_nm,hls_url,rsobscd,observationCount,totalcnt,fldcnt0,fldcnt1,fldcnt2,fldcnt3,fldcnt4,fldcnt5,cnt,itm,itmid,ansid,rsrt,crwl,crewl,dwl,msg,act,fvacnt,fvacd,ospilwl,rwl,iqty,tdqty,spnds,anctm,spnefttm,spnttl,spnzn,pspeftds,cctvurl,cctvhurl,cctvtype,media_id,media_type,proto_type,media_status,hls_status,fw,floodCode,floodName,floodSubName,ldUrl,hdUrl,addtcd,data,note
128.2777777777778,35.72916666666667,2.19,,고령군(회천교),,,flood,2025-09-07 14:30,2013650,,3.60,4.20,,,,,,,,,,,,,,,,,,,0,,,,,,,,0,,,,,,,,,,,,,,,,,,,,,,,,,,,,,,,,,,,,,,
126.86583333333333,37.684999999999995,0.42,,고양시(원당교),,,flood,2025-09-07 14:30,1019667,,2.50,3.00,,,,,,,,,,,,,,,,,,,0,,,,,,,,0,,,,,,,,,,,,,,,,,,,,,,,,,,,,,,,,,,,,,,
129.01722222222224,37.09583333333334,0.99,,태백시(문화교),,,flood,2025-09-07 14:30,2001610,,4.20,5.10,,,,,,,,,,,,,,,,,,,0,,,,,,,,0,,,,,,,,,,,,,,,,,,,,,,,,,,,,,,,,,,,,,,
126.86,36.60638888888889,0.72,,예산군(서계양교),,,flood,2025-09-07 14:30,3101613,,3.00,4.00,,,,,,,,,,,,,,,,,,,0,,,,,,,,0,,,,,,,,,,,,,,,,,,,,,,,,,,,,,,,,,,,,,,
128.15861111111113,36.42805555555555,1.39,,상주시(후천교),,,flood,2025-09-07 14:30,2006665,,3.30,3.90,,,,,,,,,,,,,,,,,,,0,,,,,,,,0,,,,,,,,,,,,,,,,,,,,,,,,,,,,,,,,,,,,,,
127.285,36.446666666666665,0.33,,세종시(도암교),,,flood,2025-09-07 14:30,3012607,,2.50,3.30,,,,,,,,,,,,,,,,,,,0,,,,,,,,0,,,,,,,,,,,,,,,,,,,,,,,,,,,,,,,,,,,,,,
126.62333333333332,35.472500000000004,2.17,,고창군(부정교),,,flood,2025-09-07 14:30,5301660,,4.00,4.80,,,,,,,,,,,,,,,,,,,0,,,,,,,,0,,,,,,,,,,,,,,,,,,,,,,,,,,,,,,,,,,,,,,
127.15,35.49638888888889,2.50,,임실군(일중리),,,flood,2025-09-07 14:30,4002640,,4.50,5.50,,,,,,,,,,,,,,,,,,,0,,,,,,,,0,,,,,,,,,,,,,,,,,,,,,,,,,,,,,,,,,,,,,,
127.07194444444444,38.087500000000006,0.98,,연천군(차탄교),,,flood,2025-09-07 14:30,1022662,,4.50,6.50,,,,,,,,,,,,,,,,,,,0,,,,,,,,0,,,,,,,,,,,,,,,,,,,,,,,,,,,,,,,,,,,,,,
128.33555555555557,36.93111111111111,0.16,,단양군(단양1교),,,flood,2025-09-07 14:30,1003645,,4.00,5.00,,,,,,,,,,,,,,,,,,,0,,,,,,,,0,,,,,,,,,,,,,,,,,,,,,,,,,,,,,,,,,,,,,,
128.72916666666666,37.473333333333336,1.32,,정선군(제1여량교),,,flood,2025-09-07 14:30,1001626,,5.20,6.50,,,,,,,,,,,,,,,,,,,0,,,,,,,,0,,,,,,,,,,,,,,,,,,,,,,,,,,,,,,,,,,,,,,
127.78361111111111,35.05916666666666,0.77,,하동군(대석교),,,flood,2025-09-07 14:30,4009670,,4.00,5.00,,,,,,,,,,,,,,,,,,,0,,,,,,,,0,,,,,,,,,,,,,,,,,,,,,,,,,,,,,,,,,,,,,,
126.52833333333334,35.01861111111111,1.95,,함평군(학야교),,,flood,2025-09-07 14:30,5006630,,4.80,5.90,,,,,,,,,,,,,,,,,,,0,,,,,,,,0,,,,,,,,,,,,,,,,,,,,,,,,,,,,,,,,,,,,,,
129.37333333333333,36.402499999999996,1.35,,영덕군(영덕대교),,,flood,2025-09-07 14:30,2402630,,3.70,4.50,,,,,,,,,,,,,,,,,,,0,,,,,,,,0,,,,,,,,,,,,,,,,,,,,,,,,,,,,,,,,,,,,,,
127.45416666666667,35.16555555555556,1.86,,구례군(구례교),,,flood,2025-09-07 14:30,4009610,,7.00,8.00,,,,,,,,,,,,,,,,,,,0,,,,,,,,0,,,,,,,,,,,,,,,,,,,,,,,,,,,,,,,,,,,,,,
128.96833333333333,35.978611111111114,1.08,,영천시(단포교),,,flood,2025-09-07 14:30,2012625,,2.80,3.40,,,,,,,,,,,,,,,,,,,0,,,,,,,,0,,,,,,,,,,,,,,,,,,,,,,,,,,,,,,,,,,,,,,
127.12472222222222,36.467222222222226,1.12,,공주시(금강교),,,flood,2025-09-07 14:30,3012620,,9.00,11.00,,,,,,,,,,,,,,,,,,,0,,,,,,,,0,,,,,,,,,,,,,,,,,,,,,,,,,,,,,,,,,,,,,,
128.39416666666665,36.000277777777775,5.25,,칠곡군(호국의다리),,,flood,2025-09-07 14:30,2011650,,10.00,11.50,,,,,,,,,,,,,,,,,,,0,,,,,,,,0,,,,,,,,,,,,,,,,,,,,,,,,,,,,,,,,,,,,,,
126.82083333333333,36.68416666666666,0.82,,예산군(예산대교),,,flood,2025-09-07 14:30,3101625,,4.00,5.00,,,,,,,,,,,,,,,,,,,0,,,,,,,,0,,,,,,,,,,,,,,,,,,,,,,,,,,,,,,,,,,,,,,
128.13055555555556,36.119166666666665,1.41,,김천시(김천교),,,flood,2025-09-07 14:30,2010650,,4.50,5.00,,,,,,,,,,,,,,,,,,,0,,,,,,,,0,,,,,,,,,,,,,,,,,,,,,,,,,,,,,,,,,,,,,,
127.35055555555554,36.62305555555555,1.79,,청주시(미호강교),,,flood,2025-09-07 14:30,3011665,,7.00,8.00,,,,,,,,,,,,,,,,,,,0,,,,,,,,0,,,,,,,,,,,,,,,,,,,,,,,,,,,,,,,,,,,,,,
127.47555555555556,36.71416666666667,1.34,,청주시(팔결교),,,flood,2025-09-07 14:30,3011635,,5.30,6.30,,,,,,,,,,,,,,,,,,,0,,,,,,,,0,,,,,,,,,,,,,,,,,,,,,,,,,,,,,,,,,,,,,,
129.08555555555557,36.59722222222222,2.82,,영양군(청암교),,,flood,2025-09-07 14:30,2002634,,5.90,6.90,,,,,,,,,,,,,,,,,,,0,,,,,,,,0,,,,,,,,,,,,,,,,,,,,,,,,,,,,,,,,,,,,,,
127.87444444444444,35.418055555555554,0.72,,산청군(경호교),,,flood,2025-09-07 14:30,2018645,,6.50,8.00,,,,,,,,,,,,,,,,,,,0,,,,,,,,0,,,,,,,,,,,,,,,,,,,,,,,,,,,,,,,,,,,,,,
127.70777777777778,36.21194444444445,2.68,,영동군(양강교),,,flood,2025-09-07 14:30,3004690,,6.00,7.00,,,,,,,,,,,,,,,,,,,0,,,,,,,,0,,,,,,,,,,,,,,,,,,,,,,,,,,,,,,,,,,,,,,
127.64777777777779,37.296388888888885,0.81,,여주시(여주대교),,,flood,2025-09-07 14:30,1007635,,6.00,8.00,,,,,,,,,,,,,,,,,,,0,,,,,,,,0,,,,,,,,,,,,,,,,,,,,,,,,,,,,,,,,,,,,,,
126.59388888888888,36.23111111111111,1.02,,보령시(노천교),,,flood,2025-09-07 14:30,3203652,,3.80,4.80,,,,,,,,,,,,,,,,,,,0,,,,,,,,0,,,,,,,,,,,,,,,,,,,,,,,,,,,,,,,,,,,,,,
128.31722222222223,37.948055555555555,0.78,,인제군(현리교),,,flood,2025-09-07 14:30,1012640,,1.80,2.30,,,,,,,,,,,,,,,,,,,0,,,,,,,,0,,,,,,,,,,,,,,,,,,,,,,,,,,,,,,,,,,,,,,
128.42888888888888,36.13611111111111,1.86,,구미시(양포교),,,flood,2025-09-07 14:30,2011625,,4.80,5.90,,,,,,,,,,,,,,,,,,,0,,,,,,,,0,,,,,,,,,,,,,,,,,,,,,,,,,,,,,,,,,,,,,,
127.74027777777778,35.06666666666666,5.26,,하동군(읍내리),,,flood,2025-09-07 14:30,4009665,,12.00,13.00,,,,,,,,,,,,,,,,,,,0,,,,,,,,0,,,,,,,,,,,,,,,,,,,,,,,,,,,,,,,,,,,,,,
128.7186111111111,37.48555555555556,0.60,,정선군(송천교),,,flood,2025-09-07 14:30,1001625,,3.60,4.70,,,,,,,,,,,,,,,,,,,0,,,,,,,,0,,,,,,,,,,,,,,,,,,,,,,,,,,,,,,,,,,,,,,
127.4875,34.916666666666664,1.66,,순천시(연동교),,,flood,2025-09-07 14:30,4104685,,3.20,3.80,,,,,,,,,,,,,,,,,,,0,,,,,,,,0,,,,,,,,,,,,,,,,,,,,,,,,,,,,,,,,,,,,,,
126.8825,34.983333333333334,0.65,,나주시(우산교),,,flood,2025-09-07 14:30,5003650,,2.80,3.50,,,,,,,,,,,,,,,,,,,0,,,,,,,,0,,,,,,,,,,,,,,,,,,,,,,,,,,,,,,,,,,,,,,
128.43972222222223,37.45527777777778,1.99,,평창군(사초교),,,flood,2025-09-07 14:30,1002635,,4.00,4.50,,,,,,,,,,,,,,,,,,,0,,,,,,,,0,,,,,,,,,,,,,,,,,,,,,,,,,,,,,,,,,,,,,,
128.10611111111112,37.11222222222222,1.52,,제천시(구곡교),,,flood,2025-09-07 14:30,1003661,,4.50,5.50,,,,,,,,,,,,,,,,,,,0,,,,,,,,0,,,,,,,,,,,,,,,,,,,,,,,,,,,,,,,,,,,,,,
127.53083333333333,35.72138888888889,1.06,,장수군(운곡교),,,flood,2025-09-07 14:30,3001605,,2.50,3.50,,,,,,,,,,,,,,,,,,,0,,,,,,,,0,,,,,,,,,,,,,,,,,,,,,,,,,,,,,,,,,,,,,,
127.05638888888889,38.009166666666665,1.32,,연천군(사랑교),,,flood,2025-09-07 14:30,1022680,,7.50,9.50,,,,,,,,,,,,,,,,,,,0,,,,,,,,0,,,,,,,,,,,,,,,,,,,,,,,,,,,,,,,,,,,,,,
129.30416666666667,35.43416666666666,2.32,,울산시(덕신교),,,flood,2025-09-07 14:30,2301670,,6.60,7.50,,,,,,,,,,,,,,,,,,,0,,,,,,,,0,,,,,,,,,,,,,,,,,,,,,,,,,,,,,,,,,,,,,,
127.05805555555555,37.13388888888889,0.99,,오산시(탑동대교),,,flood,2025-09-07 14:30,1101645,,3.70,4.00,,,,,,,,,,,,,,,,,,,0,,,,,,,,0,,,,,,,,,,,,,,,,,,,,,,,,,,,,,,,,,,,,,,
128.1563888888889,35.163333333333334,1.87,,진주시(옥산교),,,flood,2025-09-07 14:30,2019625,,5.90,6.70,,,,,,,,,,,,,,,,,,,0,,,,,,,,0,,,,,,,,,,,,,,,,,,,,,,,,,,,,,,,,,,,,,,
127.55499999999999,36.3175,1.14,,옥천군(옥각교),,,flood,2025-09-07 14:30,3008630,,3.40,4.40,,,,,,,,,,,,,,,,,,,0,,,,,,,,0,,,,,,,,,,,,,,,,,,,,,,,,,,,,,,,,,,,,,,
128.93833333333333,35.96888888888889,1.23,,영천시(영동교),,,flood,2025-09-07 14:30,2012628,,3.40,4.20,,,,,,,,,,,,,,,,,,,0,,,,,,,,0,,,,,,,,,,,,,,,,,,,,,,,,,,,,,,,,,,,,,,
126.69,35.165277777777774,1.99,,광주광역시(평림교),,,flood,2025-09-07 14:30,5002677,,3.50,4.20,,,,,,,,,,,,,,,,,,,0,,,,,,,,0,,,,,,,,,,,,,,,,,,,,,,,,,,,,,,,,,,,,,,
127.7225,36.489444444444445,0.59,,보은군(이평교),,,flood,2025-09-07 14:30,3007620,,2.50,3.50,,,,,,,,,,,,,,,,,,,0,,,,,,,,0,,,,,,,,,,,,,,,,,,,,,,,,,,,,,,,,,,,,,,
127.71583333333334,36.211111111111116,2.19,,영동군(초강교),,,flood,2025-09-07 14:30,3004685,,4.50,5.50,,,,,,,,,,,,,,,,,,,0,,,,,,,,0,,,,,,,,,,,,,,,,,,,,,,,,,,,,,,,,,,,,,,
128.2686111111111,36.49861111111111,1.31,,예천군(상풍교),,,flood,2025-09-07 14:30,2007660,,4.00,5.50,,,,,,,,,,,,,,,,,,,0,,,,,,,,0,,,,,,,,,,,,,,,,,,,,,,,,,,,,,,,,,,,,,,
128.40611111111113,37.367777777777775,0.40,,평창군(평창교),,,flood,2025-09-07 14:30,1002650,,4.60,6.20,,,,,,,,,,,,,,,,,,,0,,,,,,,,0,,,,,,,,,,,,,,,,,,,,,,,,,,,,,,,,,,,,,,
128.87,37.74305555555556,-0.33,,강릉시(회산교),,,flood,2025-09-07 14:30,1302648,,2.80,3.80,,,,,,,,,,,,,,,,,,,0,,,,,,,,0,,,,,,,,,,,,,,,,,,,,,,,,,,,,,,,,,,,,,,
128.6211111111111,36.76305555555555,0.46,,영주시(월호교),,,flood,2025-09-07 14:30,2004635,,5.50,7.00,,,,,,,,,,,,,,,,,,,0,,,,,,,,0,,,,,,,,,,,,,,,,,,,,,,,,,,,,,,,,,,,,,,
126.81472222222222,35.17166666666667,1.03,,광주광역시(풍영정천2교),,,flood,2025-09-07 14:30,5001655,,4.40,5.30,,,,,,,,,,,,,,,,,,,0,,,,,,,,0,,,,,,,,,,,,,,,,,,,,,,,,,,,,,,,,,,,,,,
126.77,35.29083333333333,2.32,,장성군(제2황룡교),,,flood,2025-09-07 14:30,5002650,,3.50,4.50,,,,,,,,,,,,,,,,,,,0,,,,,,,,0,,,,,,,,,,,,,,,,,,,,,,,,,,,,,,,,,,,,,,
128.77916666666667,35.494166666666665,0.20,,밀양시(용평동),,,flood,2025-09-07 14:30,2021675,,3.50,4.50,,,,,,,,,,,,,,,,,,,0,,,,,,,,0,,,,,,,,,,,,,,,,,,,,,,,,,,,,,,,,,,,,,,
127.11222222222221,35.7925,2.08,,전주시(세내교),,,flood,2025-09-07 14:30,3301654,,4.00,5.00,,,,,,,,,,,,,,,,,,,0,,,,,,,,0,,,,,,,,,,,,,,,,,,,,,,,,,,,,,,,,,,,,,,
127.15527777777778,35.878055555555555,2.94,,완주군(제2소양교),,,flood,2025-09-07 14:30,3301640,,4.00,4.80,,,,,,,,,,,,,,,,,,,0,,,,,,,,0,,,,,,,,,,,,,,,,,,,,,,,,,,,,,,,,,,,,,,
127.00833333333334,36.797777777777775,1.43,,아산시(충무교),,,flood,2025-09-07 14:30,3101685,,4.00,5.00,,,,,,,,,,,,,,,,,,,0,,,,,,,,0,,,,,,,,,,,,,,,,,,,,,,,,,,,,,,,,,,,,,,
127.99138888888889,37.520833333333336,2.54,,횡성군(오산교),,,flood,2025-09-07 14:30,1006630,,3.90,4.70,,,,,,,,,,,,,,,,,,,0,,,,,,,,0,,,,,,,,,,,,,,,,,,,,,,,,,,,,,,,,,,,,,,
129.23833333333332,36.051944444444445,0.86,,경주시(달성교),,,flood,2025-09-07 14:30,2101668,,4.00,4.40,,,,,,,,,,,,,,,,,,,0,,,,,,,,0,,,,,,,,,,,,,,,,,,,,,,,,,,,,,,,,,,,,,,
127.12694444444443,36.527499999999996,1.17,,공주시(오인교),,,flood,2025-09-07 14:30,3012625,,3.00,4.00,,,,,,,,,,,,,,,,,,,0,,,,,,,,0,,,,,,,,,,,,,,,,,,,,,,,,,,,,,,,,,,,,,,
127.57333333333332,37.33388888888889,0.91,,여주시(율극교),,,flood,2025-09-07 14:30,1007640,,4.50,5.50,,,,,,,,,,,,,,,,,,,0,,,,,,,,0,,,,,,,,,,,,,,,,,,,,,,,,,,,,,,,,,,,,,,
127.95555555555556,37.34777777777778,0.25,,원주시(원주교),,,flood,2025-09-07 14:30,1006665,,2.50,3.40,,,,,,,,,,,,,,,,,,,0,,,,,,,,0,,,,,,,,,,,,,,,,,,,,,,,,,,,,,,,,,,,,,,
127.60444444444444,37.07083333333334,1.26,,음성군(총천교),,,flood,2025-09-07 14:30,1007610,,3.20,3.90,,,,,,,,,,,,,,,,,,,0,,,,,,,,0,,,,,,,,,,,,,,,,,,,,,,,,,,,,,,,,,,,,,,
129.26361111111112,35.98111111111111,1.60,,경주시(강동대교),,,flood,2025-09-07 14:30,2101675,,6.50,7.50,,,,,,,,,,,,,,,,,,,0,,,,,,,,0,,,,,,,,,,,,,,,,,,,,,,,,,,,,,,,,,,,,,,
127.58,34.967777777777776,0.80,,광양시(서산교),,,flood,2025-09-07 14:30,4105630,,2.80,3.80,,,,,,,,,,,,,,,,,,,0,,,,,,,,0,,,,,,,,,,,,,,,,,,,,,,,,,,,,,,,,,,,,,,
127.51444444444445,35.49777777777778,2.03,,남원시(월석교),,,flood,2025-09-07 14:30,4005645,,4.00,5.00,,,,,,,,,,,,,,,,,,,0,,,,,,,,0,,,,,,,,,,,,,,,,,,,,,,,,,,,,,,,,,,,,,,
127.07055555555556,37.5925,0.77,,서울시(중랑교),,,flood,2025-09-07 14:30,1018675,,5.00,6.50,,,,,,,,,,,,,,,,,,,0,,,,,,,,0,,,,,,,,,,,,,,,,,,,,,,,,,,,,,,,,,,,,,,
127.29916666666666,36.49916666666667,1.28,,세종시(햇무리교),,,flood,2025-09-07 14:30,3012602,,8.50,11.00,,,,,,,,,,,,,,,,,,,0,,,,,,,,0,,,,,,,,,,,,,,,,,,,,,,,,,,,,,,,,,,,,,,
127.23861111111111,38.00222222222222,0.93,,포천시(은현교),,,flood,2025-09-07 14:30,1022648,,4.50,5.50,,,,,,,,,,,,,,,,,,,0,,,,,,,,0,,,,,,,,,,,,,,,,,,,,,,,,,,,,,,,,,,,,,,
127.81333333333333,35.62916666666667,0.94,,함양군(안의교),,,flood,2025-09-07 14:30,2018609,,2.40,3.00,,,,,,,,,,,,,,,,,,,0,,,,,,,,0,,,,,,,,,,,,,,,,,,,,,,,,,,,,,,,,,,,,,,
126.87416666666665,37.50833333333333,0.76,,서울시(오금교),,,flood,2025-09-07 14:30,1018697,,7.00,9.00,,,,,,,,,,,,,,,,,,,0,,,,,,,,0,,,,,,,,,,,,,,,,,,,,,,,,,,,,,,,,,,,,,,
127.81027777777777,37.305,1.22,,원주시(문막교),,,flood,2025-09-07 14:30,1006690,,4.60,5.80,,,,,,,,,,,,,,,,,,,0,,,,,,,,0,,,,,,,,,,,,,,,,,,,,,,,,,,,,,,,,,,,,,,
126.88916666666667,35.676944444444445,4.53,,정읍시(정우교),,,flood,2025-09-07 14:30,3302630,,5.50,6.50,,,,,,,,,,,,,,,,,,,0,,,,,,,,0,,,,,,,,,,,,,,,,,,,,,,,,,,,,,,,,,,,,,,
129.11416666666665,35.193888888888885,2.00,,부산시(원동교),,,flood,2025-09-07 14:30,2302650,,4.60,5.30,,,,,,,,,,,,,,,,,,,0,,,,,,,,0,,,,,,,,,,,,,,,,,,,,,,,,,,,,,,,,,,,,,,
127.6738888888889,36.00888888888889,0.66,,무주군(취수장),,,flood,2025-09-07 14:30,3003680,,3.00,4.00,,,,,,,,,,,,,,,,,,,0,,,,,,,,0,,,,,,,,,,,,,,,,,,,,,,,,,,,,,,,,,,,,,,
126.84555555555555,37.47888888888889,0.17,,서울시(너부대교),,,flood,2025-09-07 14:30,1018695,,3.00,4.00,,,,,,,,,,,,,,,,,,,0,,,,,,,,0,,,,,,,,,,,,,,,,,,,,,,,,,,,,,,,,,,,,,,
126.91444444444446,37.488055555555555,0.56,,서울시(신대방1교),,,flood,2025-09-07 14:30,1018698,,2.90,3.70,,,,,,,,,,,,,,,,,,,0,,,,,,,,0,,,,,,,,,,,,,,,,,,,,,,,,,,,,,,,,,,,,,,
127.1413888888889,35.81222222222222,3.26,,전주시(서천교),,,flood,2025-09-07 14:30,3301657,,4.00,5.00,,,,,,,,,,,,,,,,,,,0,,,,,,,,0,,,,,,,,,,,,,,,,,,,,,,,,,,,,,,,,,,,,,,
126.85666666666665,35.16694444444444,1.06,,광주광역시(유촌교),,,flood,2025-09-07 14:30,5001650,,4.00,5.00,,,,,,,,,,,,,,,,,,,0,,,,,,,,0,,,,,,,,,,,,,,,,,,,,,,,,,,,,,,,,,,,,,,
127.57222222222222,36.78388888888889,0.45,,증평군(반탄교),,,flood,2025-09-07 14:30,3011625,,2.50,3.50,,,,,,,,,,,,,,,,,,,0,,,,,,,,0,,,,,,,,,,,,,,,,,,,,,,,,,,,,,,,,,,,,,,
129.35194444444443,35.57666666666667,0.94,,울산시(병영교),,,flood,2025-09-07 14:30,2201690,,4.40,5.50,,,,,,,,,,,,,,,,,,,0,,,,,,,,0,,,,,,,,,,,,,,,,,,,,,,,,,,,,,,,,,,,,,,
127.87805555555555,36.79,0.89,,괴산군(비도교),,,flood,2025-09-07 14:30,1004646,,3.00,3.50,,,,,,,,,,,,,,,,,,,0,,,,,,,,0,,,,,,,,,,,,,,,,,,,,,,,,,,,,,,,,,,,,,,
128.86694444444444,35.67361111111111,2.33,,청도군(매전교),,,flood,2025-09-07 14:30,2021630,,5.00,6.00,,,,,,,,,,,,,,,,,,,0,,,,,,,,0,,,,,,,,,,,,,,,,,,,,,,,,,,,,,,,,,,,,,,
127.46333333333334,35.14944444444444,0.79,,순천시(용서교),,,flood,2025-09-07 14:30,4009608,,5.00,6.00,,,,,,,,,,,,,,,,,,,0,,,,,,,,0,,,,,,,,,,,,,,,,,,,,,,,,,,,,,,,,,,,,,,
128.18333333333334,38.08833333333334,2.33,,인제군(리빙스턴교),,,flood,2025-09-07 14:30,1011695,,6.50,7.50,,,,,,,,,,,,,,,,,,,0,,,,,,,,0,,,,,,,,,,,,,,,,,,,,,,,,,,,,,,,,,,,,,,
128.68416666666667,37.36611111111111,1.36,,정선군(와평교),,,flood,2025-09-07 14:30,1001645,,4.00,4.50,,,,,,,,,,,,,,,,,,,0,,,,,,,,0,,,,,,,,,,,,,,,,,,,,,,,,,,,,,,,,,,,,,,
126.73222222222222,35.03722222222222,4.85,,나주시(나주대교),,,flood,2025-09-07 14:30,5004650,,11.00,12.00,,,,,,,,,,,,,,,,,,,0,,,,,,,,0,,,,,,,,,,,,,,,,,,,,,,,,,,,,,,,,,,,,,,
127.3913888888889,35.40861111111111,1.36,,남원시(동림교),,,flood,2025-09-07 14:30,4005670,,4.30,5.30,,,,,,,,,,,,,,,,,,,0,,,,,,,,0,,,,,,,,,,,,,,,,,,,,,,,,,,,,,,,,,,,,,,
127.08027777777778,36.209722222222226,2.73,,논산시(논산대교),,,flood,2025-09-07 14:30,3013670,,6.00,7.50,,,,,,,,,,,,,,,,,,,0,,,,,,,,0,,,,,,,,,,,,,,,,,,,,,,,,,,,,,,,,,,,,,,
127.87166666666666,36.96611111111111,0.70,,충주시(국원대교),,,flood,2025-09-07 14:30,1004695,,5.00,6.00,,,,,,,,,,,,,,,,,,,0,,,,,,,,0,,,,,,,,,,,,,,,,,,,,,,,,,,,,,,,,,,,,,,
128.63444444444443,35.891666666666666,2.42,,대구시(신암동),,,flood,2025-09-07 14:30,2012660,,5.50,7.50,,,,,,,,,,,,,,,,,,,0,,,,,,,,0,,,,,,,,,,,,,,,,,,,,,,,,,,,,,,,,,,,,,,
126.71611111111112,34.9675,0.56,,나주시(동곡리),,,flood,2025-09-07 14:30,5004655,,4.00,5.00,,,,,,,,,,,,,,,,,,,0,,,,,,,,0,,,,,,,,,,,,,,,,,,,,,,,,,,,,,,,,,,,,,,
128.31944444444443,36.586111111111116,1.28,,예천군(회룡교),,,flood,2025-09-07 14:30,2004680,,6.00,7.00,,,,,,,,,,,,,,,,,,,0,,,,,,,,0,,,,,,,,,,,,,,,,,,,,,,,,,,,,,,,,,,,,,,
127.43444444444445,36.32361111111111,1.51,,대전시(인창교),,,flood,2025-09-07 14:30,3009640,,3.00,3.80,,,,,,,,,,,,,,,,,,,0,,,,,,,,0,,,,,,,,,,,,,,,,,,,,,,,,,,,,,,,,,,,,,,
128.81055555555557,37.846944444444446,0.71,,강릉시(송림교),,,flood,2025-09-07 14:30,1302670,,3.50,4.50,,,,,,,,,,,,,,,,,,,0,,,,,,,,0,,,,,,,,,,,,,,,,,,,,,,,,,,,,,,,,,,,,,,
128.3011111111111,36.3575,5.46,,의성군(낙단교),,,flood,2025-09-07 14:30,2009620,,9.00,10.50,,,,,,,,,,,,,,,,,,,0,,,,,,,,0,,,,,,,,,,,,,,,,,,,,,,,,,,,,,,,,,,,,,,
126.9975,37.052499999999995,2.36,,평택시(동연교),,,flood,2025-09-07 14:30,1101670,,7.50,8.50,,,,,,,,,,,,,,,,,,,0,,,,,,,,0,,,,,,,,,,,,,,,,,,,,,,,,,,,,,,,,,,,,,,
127.32472222222222,35.507777777777775,1.93,,임실군(신기교),,,flood,2025-09-07 14:30,4003650,,3.50,4.50,,,,,,,,,,,,,,,,,,,0,,,,,,,,0,,,,,,,,,,,,,,,,,,,,,,,,,,,,,,,,,,,,,,
126.91916666666667,37.98527777777778,1.20,,파주시(비룡대교),,,flood,2025-09-07 14:30,1023660,,9.50,11.50,,,,,,,,,,,,,,,,,,,0,,,,,,,,0,,,,,,,,,,,,,,,,,,,,,,,,,,,,,,,,,,,,,,
127.51805555555555,37.831388888888895,-0.08,,가평군(가평교),,,flood,2025-09-07 14:30,1013655,,3.00,4.00,,,,,,,,,,,,,,,,,,,0,,,,,,,,0,,,,,,,,,,,,,,,,,,,,,,,,,,,,,,,,,,,,,,
128.29527777777778,35.31333333333333,0.44,,의령군(정암교),,,flood,2025-09-07 14:30,2019655,,7.00,8.50,,,,,,,,,,,,,,,,,,,0,,,,,,,,0,,,,,,,,,,,,,,,,,,,,,,,,,,,,,,,,,,,,,,
127.12249999999999,37.46888888888889,1.96,,서울시(대곡교),,,flood,2025-09-07 14:30,1018655,,5.80,7.10,,,,,,,,,,,,,,,,,,,0,,,,,,,,0,,,,,,,,,,,,,,,,,,,,,,,,,,,,,,,,,,,,,,
127.0975,35.879444444444445,2.24,,전주시(미산교),,,flood,2025-09-07 14:30,3301665,,3.50,4.50,,,,,,,,,,,,,,,,,,,0,,,,,,,,0,,,,,,,,,,,,,,,,,,,,,,,,,,,,,,,,,,,,,,
127.05138888888888,37.88027777777778,1.54,,동두천시(송천교),,,flood,2025-09-07 14:30,1022668,,4.00,5.00,,,,,,,,,,,,,,,,,,,0,,,,,,,,0,,,,,,,,,,,,,,,,,,,,,,,,,,,,,,,,,,,,,,
127.38444444444445,36.299166666666665,1.34,,대전시(복수교),,,flood,2025-09-07 14:30,3009630,,2.70,3.20,,,,,,,,,,,,,,,,,,,0,,,,,,,,0,,,,,,,,,,,,,,,,,,,,,,,,,,,,,,,,,,,,,,
128.56416666666667,36.193888888888885,1.07,,군위군(무성리),,,flood,2025-09-07 14:30,2008650,,5.00,6.00,,,,,,,,,,,,,,,,,,,0,,,,,,,,0,,,,,,,,,,,,,,,,,,,,,,,,,,,,,,,,,,,,,,
127.55277777777778,36.111666666666665,3.02,,금산군(제원교),,,flood,2025-09-07 14:30,3008670,,4.50,5.50,,,,,,,,,,,,,,,,,,,0,,,,,,,,0,,,,,,,,,,,,,,,,,,,,,,,,,,,,,,,,,,,,,,
129.39805555555554,36.965833333333336,2.20,,울진군(수산교),,,flood,2025-09-07 14:30,2401650,,5.00,6.00,,,,,,,,,,,,,,,,,,,0,,,,,,,,0,,,,,,,,,,,,,,,,,,,,,,,,,,,,,,,,,,,,,,
128.1588888888889,36.54388888888889,1.54,,상주시(이안교),,,flood,2025-09-07 14:30,2005680,,3.40,3.90,,,,,,,,,,,,,,,,,,,0,,,,,,,,0,,,,,,,,,,,,,,,,,,,,,,,,,,,,,,,,,,,,,,
127.20916666666668,35.39277777777778,2.63,,순창군(유적교),,,flood,2025-09-07 14:30,4004615,,6.40,7.30,,,,,,,,,,,,,,,,,,,0,,,,,,,,0,,,,,,,,,,,,,,,,,,,,,,,,,,,,,,,,,,,,,,
128.21666666666667,36.58916666666667,0.71,,문경시(김용리),,,flood,2025-09-07 14:30,2005660,,4.00,4.50,,,,,,,,,,,,,,,,,,,0,,,,,,,,0,,,,,,,,,,,,,,,,,,,,,,,,,,,,,,,,,,,,,,
126.86277777777777,35.644444444444446,4.21,,정읍시(초강리),,,flood,2025-09-07 14:30,3302658,,5.50,6.50,,,,,,,,,,,,,,,,,,,0,,,,,,,,0,,,,,,,,,,,,,,,,,,,,,,,,,,,,,,,,,,,,,,
127.31833333333333,35.736666666666665,2.30,,진안군(좌포교),,,flood,2025-09-07 14:30,4001610,,4.00,4.70,,,,,,,,,,,,,,,,,,,0,,,,,,,,0,,,,,,,,,,,,,,,,,,,,,,,,,,,,,,,,,,,,,,
128.46305555555554,36.53944444444444,1.12,,예천군(구담교),,,flood,2025-09-07 14:30,2003670,,5.20,6.60,,,,,,,,,,,,,,,,,,,0,,,,,,,,0,,,,,,,,,,,,,,,,,,,,,,,,,,,,,,,,,,,,,,
126.785,35.134166666666665,4.14,,광주광역시(장록교),,,flood,2025-09-07 14:30,5002690,,6.00,7.00,,,,,,,,,,,,,,,,,,,0,,,,,,,,0,,,,,,,,,,,,,,,,,,,,,,,,,,,,,,,,,,,,,,
127.20194444444445,37.8925,2.66,,포천시(포천대교),,,flood,2025-09-07 14:30,1022647,,6.10,7.40,,,,,,,,,,,,,,,,,,,0,,,,,,,,0,,,,,,,,,,,,,,,,,,,,,,,,,,,,,,,,,,,,,,
126.84527777777777,35.04944444444444,2.27,,나주시(남평교),,,flood,2025-09-07 14:30,5003680,,5.00,6.00,,,,,,,,,,,,,,,,,,,0,,,,,,,,0,,,,,,,,,,,,,,,,,,,,,,,,,,,,,,,,,,,,,,
127.85527777777777,36.87,0.27,,괴산군(목도교),,,flood,2025-09-07 14:30,1004693,,5.20,6.10,,,,,,,,,,,,,,,,,,,0,,,,,,,,0,,,,,,,,,,,,,,,,,,,,,,,,,,,,,,,,,,,,,,
128.9933333333333,35.203611111111115,2.41,,부산시(구포대교),,,flood,2025-09-07 14:30,2022680,,4.00,5.00,,,,,,,,,,,,,,,,,,,0,,,,,,,,0,,,,,,,,,,,,,,,,,,,,,,,,,,,,,,,,,,,,,,
127.05222222222221,37.095,1.09,,평택시(진위1교),,,flood,2025-09-07 14:30,1101663,,4.60,5.80,,,,,,,,,,,,,,,,,,,0,,,,,,,,0,,,,,,,,,,,,,,,,,,,,,,,,,,,,,,,,,,,,,,
128.66,36.47944444444445,0.89,,안동시(운산리),,,flood,2025-09-07 14:30,2003640,,4.30,4.70,,,,,,,,,,,,,,,,,,,0,,,,,,,,0,,,,,,,,,,,,,,,,,,,,,,,,,,,,,,,,,,,,,,
127.34972222222221,36.35166666666667,1.57,,대전시(만년교),,,flood,2025-09-07 14:30,3009670,,3.50,4.50,,,,,,,,,,,,,,,,,,,0,,,,,,,,0,,,,,,,,,,,,,,,,,,,,,,,,,,,,,,,,,,,,,,
127.14805555555556,37.603611111111114,1.23,,남양주시(왕숙교),,,flood,2025-09-07 14:30,1018638,,6.00,8.00,,,,,,,,,,,,,,,,,,,0,,,,,,,,0,,,,,,,,,,,,,,,,,,,,,,,,,,,,,,,,,,,,,,
128.83916666666667,35.50888888888889,1.82,,밀양시(금곡리),,,flood,2025-09-07 14:30,2021670,,5.50,6.00,,,,,,,,,,,,,,,,,,,0,,,,,,,,0,,,,,,,,,,,,,,,,,,,,,,,,,,,,,,,,,,,,,,
129.0361111111111,35.3575,0.98,,양산시(양산교),,,flood,2025-09-07 14:30,2022660,,3.90,5.10,,,,,,,,,,,,,,,,,,,0,,,,,,,,0,,,,,,,,,,,,,,,,,,,,,,,,,,,,,,,,,,,,,,
128.3227777777778,37.871944444444445,1.11,,인제군(왕성동교),,,flood,2025-09-07 14:30,1012630,,5.50,6.50,,,,,,,,,,,,,,,,,,,0,,,,,,,,0,,,,,,,,,,,,,,,,,,,,,,,,,,,,,,,,,,,,,,
127.17083333333333,35.94194444444444,1.53,,완주군(용봉교),,,flood,2025-09-07 14:30,3301630,,3.00,4.00,,,,,,,,,,,,,,,,,,,0,,,,,,,,0,,,,,,,,,,,,,,,,,,,,,,,,,,,,,,,,,,,,,,
128.87555555555556,35.93055555555555,-0.02,,영천시(금창교),,,flood,2025-09-07 14:30,2012640,,4.00,5.00,,,,,,,,,,,,,,,,,,,0,,,,,,,,0,,,,,,,,,,,,,,,,,,,,,,,,,,,,,,,,,,,,,,
128.63166666666666,38.07527777777778,0.43,,양양군(양양대교),,,flood,2025-09-07 14:30,1301658,,3.90,4.50,,,,,,,,,,,,,,,,,,,0,,,,,,,,0,,,,,,,,,,,,,,,,,,,,,,,,,,,,,,,,,,,,,,
126.90305555555557,34.67472222222222,1.19,,장흥군(예양교),,,flood,2025-09-07 14:30,5101670,,3.50,4.50,,,,,,,,,,,,,,,,,,,0,,,,,,,,0,,,,,,,,,,,,,,,,,,,,,,,,,,,,,,,,,,,,,,
127.00666666666666,36.21,4.22,,논산시(동성교),,,flood,2025-09-07 14:30,3012690,,6.00,8.00,,,,,,,,,,,,,,,,,,,0,,,,,,,,0,,,,,,,,,,,,,,,,,,,,,,,,,,,,,,,,,,,,,,
128.26583333333335,37.2675,1.07,,영월군(주천교),,,flood,2025-09-07 14:30,1002685,,5.00,6.00,,,,,,,,,,,,,,,,,,,0,,,,,,,,0,,,,,,,,,,,,,,,,,,,,,,,,,,,,,,,,,,,,,,
127.15194444444445,37.65,-0.15,,남양주시(진관교),,,flood,2025-09-07 14:30,1018630,,2.90,3.50,,,,,,,,,,,,,,,,,,,0,,,,,,,,0,,,,,,,,,,,,,,,,,,,,,,,,,,,,,,,,,,,,,,
127.63277777777778,35.20027777777778,0.50,,하동군(가탄교),,,flood,2025-09-07 14:30,4009638,,3.80,4.90,,,,,,,,,,,,,,,,,,,0,,,,,,,,0,,,,,,,,,,,,,,,,,,,,,,,,,,,,,,,,,,,,,,
128.23916666666665,35.67583333333333,1.79,,고령군(귀원교),,,flood,2025-09-07 14:30,2013640,,4.90,5.50,,,,,,,,,,,,,,,,,,,0,,,,,,,,0,,,,,,,,,,,,,,,,,,,,,,,,,,,,,,,,,,,,,,
127.63444444444445,37.16222222222222,0.61,,여주시(원부교),,,flood,2025-09-07 14:30,1007615,,5.50,6.50,,,,,,,,,,,,,,,,,,,0,,,,,,,,0,,,,,,,,,,,,,,,,,,,,,,,,,,,,,,,,,,,,,,
127.87888888888888,37.68722222222222,1.02,,홍천군(홍천교),,,flood,2025-09-07 14:30,1014650,,5.30,6.40,,,,,,,,,,,,,,,,,,,0,,,,,,,,0,,,,,,,,,,,,,,,,,,,,,,,,,,,,,,,,,,,,,,
129.20444444444442,35.572500000000005,0.62,,울산시(사연교),,,flood,2025-09-07 14:30,2201630,,4.00,5.10,,,,,,,,,,,,,,,,,,,0,,,,,,,,0,,,,,,,,,,,,,,,,,,,,,,,,,,,,,,,,,,,,,,
126.9475,35.032777777777774,0.88,,화순군(주도교),,,flood,2025-09-07 14:30,5003615,,3.00,3.80,,,,,,,,,,,,,,,,,,,0,,,,,,,,0,,,,,,,,,,,,,,,,,,,,,,,,,,,,,,,,,,,,,,
128.65305555555557,37.43888888888888,1.51,,정선군(남평대교),,,flood,2025-09-07 14:30,1001629,,5.50,6.50,,,,,,,,,,,,,,,,,,,0,,,,,,,,0,,,,,,,,,,,,,,,,,,,,,,,,,,,,,,,,,,,,,,
127.13,36.23361111111111,1.83,,논산시(풋개다리),,,flood,2025-09-07 14:30,3013665,,4.50,5.50,,,,,,,,,,,,,,,,,,,0,,,,,,,,0,,,,,,,,,,,,,,,,,,,,,,,,,,,,,,,,,,,,,,
126.85888888888888,36.32611111111112,1.29,,부여군(지천교),,,flood,2025-09-07 14:30,3012665,,5.50,6.50,,,,,,,,,,,,,,,,,,,0,,,,,,,,0,,,,,,,,,,,,,,,,,,,,,,,,,,,,,,,,,,,,,,
126.90611111111112,34.731388888888894,1.44,,장흥군(별천교),,,flood,2025-09-07 14:30,5101650,,3.80,4.60,,,,,,,,,,,,,,,,,,,0,,,,,,,,0,,,,,,,,,,,,,,,,,,,,,,,,,,,,,,,,,,,,,,
126.95666666666666,37.51444444444444,1.16,,서울시(한강대교),,,flood,2025-09-07 14:30,1018683,,8.50,10.50,,,,,,,,,,,,,,,,,,,0,,,,,,,,0,,,,,,,,,,,,,,,,,,,,,,,,,,,,,,,,,,,,,,
128.44861111111112,36.650277777777774,1.73,,예천군(신예천교),,,flood,2025-09-07 14:30,2004668,,3.20,3.80,,,,,,,,,,,,,,,,,,,0,,,,,,,,0,,,,,,,,,,,,,,,,,,,,,,,,,,,,,,,,,,,,,,
127.16027777777778,35.52777777777778,1.94,,임실군(강동교),,,flood,2025-09-07 14:30,4002620,,3.00,3.70,,,,,,,,,,,,,,,,,,,0,,,,,,,,0,,,,,,,,,,,,,,,,,,,,,,,,,,,,,,,,,,,,,,
127.05333333333333,37.73527777777778,0.76,,의정부시(신곡교),,,flood,2025-09-07 14:30,1018665,,5.10,6.00,,,,,,,,,,,,,,,,,,,0,,,,,,,,0,,,,,,,,,,,,,,,,,,,,,,,,,,,,,,,,,,,,,,
127.5586111111111,35.19222222222222,3.17,,구례군(송정리),,,flood,2025-09-07 14:30,4009630,,14.50,17.00,,,,,,,,,,,,,,,,,,,0,,,,,,,,0,,,,,,,,,,,,,,,,,,,,,,,,,,,,,,,,,,,,,,
128.76638888888888,35.852222222222224,0.22,,경산시(압량교),,,flood,2025-09-07 14:30,2012648,,2.70,3.50,,,,,,,,,,,,,,,,,,,0,,,,,,,,0,,,,,,,,,,,,,,,,,,,,,,,,,,,,,,,,,,,,,,
127.07111111111111,35.89833333333333,5.39,,완주군(삼례교),,,flood,2025-09-07 14:30,3301670,,6.00,7.00,,,,,,,,,,,,,,,,,,,0,,,,,,,,0,,,,,,,,,,,,,,,,,,,,,,,,,,,,,,,,,,,,,,
127.26305555555555,37.406666666666666,0.62,,광주시(경안교),,,flood,2025-09-07 14:30,1016650,,4.00,5.00,,,,,,,,,,,,,,,,,,,0,,,,,,,,0,,,,,,,,,,,,,,,,,,,,,,,,,,,,,,,,,,,,,,
128.4752777777778,37.18194444444444,0.61,,영월군(영월대교),,,flood,2025-09-07 14:30,1001690,,6.00,8.00,,,,,,,,,,,,,,,,,,,0,,,,,,,,0,,,,,,,,,,,,,,,,,,,,,,,,,,,,,,,,,,,,,,
127.5275,37.46611111111111,0.45,,양평군(흑천교),,,flood,2025-09-07 14:30,1007680,,2.50,3.00,,,,,,,,,,,,,,,,,,,0,,,,,,,,0,,,,,,,,,,,,,,,,,,,,,,,,,,,,,,,,,,,,,,
128.76277777777779,35.61972222222222,0.50,,청도군(원리),,,flood,2025-09-07 14:30,2021640,,3.20,4.20,,,,,,,,,,,,,,,,,,,0,,,,,,,,0,,,,,,,,,,,,,,,,,,,,,,,,,,,,,,,,,,,,,,
126.7761111111111,35.31944444444445,1.84,,장성군(금계리),,,flood,2025-09-07 14:30,5002643,,3.00,4.00,,,,,,,,,,,,,,,,,,,0,,,,,,,,0,,,,,,,,,,,,,,,,,,,,,,,,,,,,,,,,,,,,,,
127.75805555555556,36.31722222222223,1.02,,옥천군(산계교),,,flood,2025-09-07 14:30,3007660,,4.00,5.50,,,,,,,,,,,,,,,,,,,0,,,,,,,,0,,,,,,,,,,,,,,,,,,,,,,,,,,,,,,,,,,,,,,
127.04305555555555,36.48222222222223,2.49,,공주시(국재교),,,flood,2025-09-07 14:30,3012635,,4.50,5.50,,,,,,,,,,,,,,,,,,,0,,,,,,,,0,,,,,,,,,,,,,,,,,,,,,,,,,,,,,,,,,,,,,,
127.37777777777777,36.225,1.44,,금산군(문암교),,,flood,2025-09-07 14:30,3009620,,2.50,3.50,,,,,,,,,,,,,,,,,,,0,,,,,,,,0,,,,,,,,,,,,,,,,,,,,,,,,,,,,,,,,,,,,,,
129.4063888888889,35.95166666666667,0.86,,포항시(문덕3교),,,flood,2025-09-07 14:30,2403620,,3.70,4.50,,,,,,,,,,,,,,,,,,,0,,,,,,,,0,,,,,,,,,,,,,,,,,,,,,,,,,,,,,,,,,,,,,,
129.09861111111113,37.382777777777775,1.00,,삼척시(상정교),,,flood,2025-09-07 14:30,1303650,,4.10,5.10,,,,,,,,,,,,,,,,,,,0,,,,,,,,0,,,,,,,,,,,,,,,,,,,,,,,,,,,,,,,,,,,,,,
128.69361111111112,37.31888888888889,1.26,,정선군(낙동교),,,flood,2025-09-07 14:30,1001660,,3.00,3.50,,,,,,,,,,,,,,,,,,,0,,,,,,,,0,,,,,,,,,,,,,,,,,,,,,,,,,,,,,,,,,,,,,,
128.60888888888888,36.29,3.28,,의성군(덕은교),,,flood,2025-09-07 14:30,2008631,,5.20,5.80,,,,,,,,,,,,,,,,,,,0,,,,,,,,0,,,,,,,,,,,,,,,,,,,,,,,,,,,,,,,,,,,,,,
127.60194444444444,34.974722222222226,0.40,,광양시(용강교),,,flood,2025-09-07 14:30,4105640,,2.70,3.40,,,,,,,,,,,,,,,,,,,0,,,,,,,,0,,,,,,,,,,,,,,,,,,,,,,,,,,,,,,,,,,,,,,
127.53527777777778,37.33305555555556,-0.36,,여주시(흥천대교),,,flood,2025-09-07 14:30,1007650,,4.20,4.90,,,,,,,,,,,,,,,,,,,0,,,,,,,,0,,,,,,,,,,,,,,,,,,,,,,,,,,,,,,,,,,,,,,
126.88416666666667,36.2475,1.64,,부여군(석동교),,,flood,2025-09-07 14:30,3012680,,6.00,8.00,,,,,,,,,,,,,,,,,,,0,,,,,,,,0,,,,,,,,,,,,,,,,,,,,,,,,,,,,,,,,,,,,,,
127.08,36.98361111111111,2.07,,평택시(군문교),,,flood,2025-09-07 14:30,1101635,,6.00,7.00,,,,,,,,,,,,,,,,,,,0,,,,,,,,0,,,,,,,,,,,,,,,,,,,,,,,,,,,,,,,,,,,,,,
128.52083333333334,36.32805555555556,1.61,,의성군(장송교),,,flood,2025-09-07 14:30,2008633,,6.50,8.00,,,,,,,,,,,,,,,,,,,0,,,,,,,,0,,,,,,,,,,,,,,,,,,,,,,,,,,,,,,,,,,,,,,
127.0175,38.05638888888888,0.80,,연천군(임진교),,,flood,2025-09-07 14:30,1021680,,7.00,9.50,,,,,,,,,,,,,,,,,,,0,,,,,,,,0,,,,,,,,,,,,,,,,,,,,,,,,,,,,,,,,,,,,,,
127.56722222222221,36.111111111111114,1.68,,금산군(제원대교),,,flood,2025-09-07 14:30,3004640,,5.00,6.00,,,,,,,,,,,,,,,,,,,0,,,,,,,,0,,,,,,,,,,,,,,,,,,,,,,,,,,,,,,,,,,,,,,
127.7911111111111,35.46472222222223,0.60,,함양군(화촌리),,,flood,2025-09-07 14:30,2018635,,5.10,5.80,,,,,,,,,,,,,,,,,,,0,,,,,,,,0,,,,,,,,,,,,,,,,,,,,,,,,,,,,,,,,,,,,,,
128.43416666666667,35.70277777777778,0.70,,대구시(성하리),,,flood,2025-09-07 14:30,2014660,,10.00,12.00,,,,,,,,,,,,,,,,,,,0,,,,,,,,0,,,,,,,,,,,,,,,,,,,,,,,,,,,,,,,,,,,,,,
127.19666666666667,37.74027777777778,0.41,,남양주시(부평교),,,flood,2025-09-07 14:30,1018620,,3.00,4.00,,,,,,,,,,,,,,,,,,,0,,,,,,,,0,,,,,,,,,,,,,,,,,,,,,,,,,,,,,,,,,,,,,,
127.48138888888889,36.64666666666667,0.76,,청주시(흥덕교),,,flood,2025-09-07 14:30,3011645,,4.00,5.00,,,,,,,,,,,,,,,,,,,0,,,,,,,,0,,,,,,,,,,,,,,,,,,,,,,,,,,,,,,,,,,,,,,
127.36166666666666,36.67444444444444,0.90,,청주시(환희교),,,flood,2025-09-07 14:30,3011660,,3.40,4.40,,,,,,,,,,,,,,,,,,,0,,,,,,,,0,,,,,,,,,,,,,,,,,,,,,,,,,,,,,,,,,,,,,,
128.82166666666666,35.382777777777775,1.60,,밀양시(삼랑진교),,,flood,2025-09-07 14:30,2022610,,7.00,9.00,,,,,,,,,,,,,,,,,,,0,,,,,,,,0,,,,,,,,,,,,,,,,,,,,,,,,,,,,,,,,,,,,,,
126.75444444444445,36.736111111111114,1.69,,예산군(구만교),,,flood,2025-09-07 14:30,3101645,,5.80,7.30,,,,,,,,,,,,,,,,,,,0,,,,,,,,0,,,,,,,,,,,,,,,,,,,,,,,,,,,,,,,,,,,,,,
126.5911111111111,35.03527777777778,2.82,,함평군(원고막교),,,flood,2025-09-07 14:30,5005680,,5.00,6.00,,,,,,,,,,,,,,,,,,,0,,,,,,,,0,,,,,,,,,,,,,,,,,,,,,,,,,,,,,,,,,,,,,,
126.8436111111111,35.56777777777778,1.48,,정읍시(죽림교),,,flood,2025-09-07 14:30,3302645,,3.20,4.00,,,,,,,,,,,,,,,,,,,0,,,,,,,,0,,,,,,,,,,,,,,,,,,,,,,,,,,,,,,,,,,,,,,
126.93583333333333,35.27055555555555,1.14,,담양군(삼지교),,,flood,2025-09-07 14:30,5001625,,3.30,4.30,,,,,,,,,,,,,,,,,,,0,,,,,,,,0,,,,,,,,,,,,,,,,,,,,,,,,,,,,,,,,,,,,,,
127.28777777777778,36.63611111111111,0.71,,세종시(상조천교),,,flood,2025-09-07 14:30,3011675,,3.20,4.20,,,,,,,,,,,,,,,,,,,0,,,,,,,,0,,,,,,,,,,,,,,,,,,,,,,,,,,,,,,,,,,,,,,
126.88861111111112,35.24055555555556,0.74,,광주광역시(용산교),,,flood,2025-09-07 14:30,5001640,,2.60,3.60,,,,,,,,,,,,,,,,,,,0,,,,,,,,0,,,,,,,,,,,,,,,,,,,,,,,,,,,,,,,,,,,,,,
128.59305555555557,35.893055555555556,0.06,,대구시(성북교),,,flood,2025-09-07 14:30,2012690,,2.90,3.90,,,,,,,,,,,,,,,,,,,0,,,,,,,,0,,,,,,,,,,,,,,,,,,,,,,,,,,,,,,,,,,,,,,
126.89166666666668,36.27583333333333,1.21,,부여군(백제교),,,flood,2025-09-07 14:30,3012675,,7.50,9.00,,,,,,,,,,,,,,,,,,,0,,,,,,,,0,,,,,,,,,,,,,,,,,,,,,,,,,,,,,,,,,,,,,,
126.74666666666667,35.21527777777778,2.34,,광주광역시(용진교),,,flood,2025-09-07 14:30,5002660,,4.30,5.30,,,,,,,,,,,,,,,,,,,0,,,,,,,,0,,,,,,,,,,,,,,,,,,,,,,,,,,,,,,,,,,,,,,
127.00722222222223,36.153888888888886,3.14,,논산시(황산대교),,,flood,2025-09-07 14:30,3014610,,7.00,8.00,,,,,,,,,,,,,,,,,,,0,,,,,,,,0,,,,,,,,,,,,,,,,,,,,,,,,,,,,,,,,,,,,,,
128.73194444444445,36.8875,0.63,,봉화군(봉화대교),,,flood,2025-09-07 14:30,2004605,,3.00,3.90,,,,,,,,,,,,,,,,,,,0,,,,,,,,0,,,,,,,,,,,,,,,,,,,,,,,,,,,,,,,,,,,,,,
129.20138888888889,35.838055555555556,0.30,,경주시(서천교),,,flood,2025-09-07 14:30,2101625,,4.30,5.20,,,,,,,,,,,,,,,,,,,0,,,,,,,,0,,,,,,,,,,,,,,,,,,,,,,,,,,,,,,,,,,,,,,
129.30916666666667,35.552499999999995,1.00,,울산시(태화교),,,flood,2025-09-07 14:30,2201670,,4.50,5.50,,,,,,,,,,,,,,,,,,,0,,,,,,,,0,,,,,,,,,,,,,,,,,,,,,,,,,,,,,,,,,,,,,,
126.92722222222223,35.64861111111111,4.21,,정읍시(거산교),,,flood,2025-09-07 14:30,3302620,,5.50,6.50,,,,,,,,,,,,,,,,,,,0,,,,,,,,0,,,,,,,,,,,,,,,,,,,,,,,,,,,,,,,,,,,,,,
127.21444444444445,38.01083333333333,1.15,,포천시(영평교),,,flood,2025-09-07 14:30,1022650,,5.50,6.20,,,,,,,,,,,,,,,,,,,0,,,,,,,,0,,,,,,,,,,,,,,,,,,,,,,,,,,,,,,,,,,,,,,
128.56416666666667,37.12222222222222,1.53,,영월군(옥동교),,,flood,2025-09-07 14:30,1003620,,4.00,4.60,,,,,,,,,,,,,,,,,,,0,,,,,,,,0,,,,,,,,,,,,,,,,,,,,,,,,,,,,,,,,,,,,,,
128.0652777777778,37.81333333333333,1.91,,홍천군(용선교),,,flood,2025-09-07 14:30,1014620,,3.50,4.00,,,,,,,,,,,,,,,,,,,0,,,,,,,,0,,,,,,,,,,,,,,,,,,,,,,,,,,,,,,,,,,,,,,
127.37083333333332,37.79611111111111,3.03,,가평군(대보교),,,flood,2025-09-07 14:30,1015620,,4.80,5.60,,,,,,,,,,,,,,,,,,,0,,,,,,,,0,,,,,,,,,,,,,,,,,,,,,,,,,,,,,,,,,,,,,,
127.24527777777777,35.43944444444444,2.01,,순창군(현포리),,,flood,2025-09-07 14:30,4003690,,4.00,5.10,,,,,,,,,,,,,,,,,,,0,,,,,,,,0,,,,,,,,,,,,,,,,,,,,,,,,,,,,,,,,,,,,,,
129.05666666666667,36.930277777777775,2.56,,봉화군(분천교),,,flood,2025-09-07 14:30,2001628,,7.00,7.90,,,,,,,,,,,,,,,,,,,0,,,,,,,,0,,,,,,,,,,,,,,,,,,,,,,,,,,,,,,,,,,,,,,
128.6497222222222,37.43861111111111,1.27,,정선군(나전교),,,flood,2025-09-07 14:30,1001630,,4.00,5.00,,,,,,,,,,,,,,,,,,,0,,,,,,,,0,,,,,,,,,,,,,,,,,,,,,,,,,,,,,,,,,,,,,,
128.8336111111111,35.205555555555556,1.64,,김해시(정천교),,,flood,2025-09-07 14:30,2022685,,4.00,4.90,,,,,,,,,,,,,,,,,,,0,,,,,,,,0,,,,,,,,,,,,,,,,,,,,,,,,,,,,,,,,,,,,,,
128.35916666666665,35.527499999999996,4.15,,합천군(적포교),,,flood,2025-09-07 14:30,2017620,,11.50,14.00,,,,,,,,,,,,,,,,,,,0,,,,,,,,0,,,,,,,,,,,,,,,,,,,,,,,,,,,,,,,,,,,,,,
127.29583333333333,35.311388888888885,2.31,,곡성군(금곡교),,,flood,2025-09-07 14:30,4004690,,6.50,7.40,,,,,,,,,,,,,,,,,,,0,,,,,,,,0,,,,,,,,,,,,,,,,,,,,,,,,,,,,,,,,,,,,,,
128.4836111111111,35.38333333333333,2.70,,함안군(계내리),,,flood,2025-09-07 14:30,2020615,,7.00,9.00,,,,,,,,,,,,,,,,,,,0,,,,,,,,0,,,,,,,,,,,,,,,,,,,,,,,,,,,,,,,,,,,,,,
127.41000000000001,36.37833333333333,1.40,,대전시(원촌교),,,flood,2025-09-07 14:30,3009680,,4.00,4.80,,,,,,,,,,,,,,,,,,,0,,,,,,,,0,,,,,,,,,,,,,,,,,,,,,,,,,,,,,,,,,,,,,,
128.2927777777778,35.57194444444445,1.34,,합천군(황강교),,,flood,2025-09-07 14:30,2016680,,7.00,9.00,,,,,,,,,,,,,,,,,,,0,,,,,,,,0,,,,,,,,,,,,,,,,,,,,,,,,,,,,,,,,,,,,,,
126.86194444444443,37.80555555555555,2.56,,파주시(만장교),,,flood,2025-09-07 14:30,1023674,,4.90,5.40,,,,,,,,,,,,,,,,,,,0,,,,,,,,0,,,,,,,,,,,,,,,,,,,,,,,,,,,,,,,,,,,,,,
128.18305555555554,36.41861111111111,0.71,,상주시(화계교),,,flood,2025-09-07 14:30,2006675,,3.80,4.80,,,,,,,,,,,,,,,,,,,0,,,,,,,,0,,,,,,,,,,,,,,,,,,,,,,,,,,,,,,,,,,,,,,
128.26083333333332,36.61138888888889,0.93,,예천군(산양교),,,flood,2025-09-07 14:30,2004695,,2.50,3.00,,,,,,,,,,,,,,,,,,,0,,,,,,,,0,,,,,,,,,,,,,,,,,,,,,,,,,,,,,,,,,,,,,,
126.94361111111111,35.25611111111111,1.01,,담양군(양지교),,,flood,2025-09-07 14:30,5001627,,4.00,5.00,,,,,,,,,,,,,,,,,,,0,,,,,,,,0,,,,,,,,,,,,,,,,,,,,,,,,,,,,,,,,,,,,,,
128.65722222222223,37.37833333333333,-0.50,,정선군(정선제1교),,,flood,2025-09-07 14:30,1001655,,4.50,6.00,,,,,,,,,,,,,,,,,,,0,,,,,,,,0,,,,,,,,,,,,,,,,,,,,,,,,,,,,,,,,,,,,,,
128.33166666666665,37.22972222222222,0.10,,영월군(신천교),,,flood,2025-09-07 14:30,1002687,,5.50,6.50,,,,,,,,,,,,,,,,,,,0,,,,,,,,0,,,,,,,,,,,,,,,,,,,,,,,,,,,,,,,,,,,,,,
128.91083333333333,36.431666666666665,1.34,,안동시(묵계교),,,flood,2025-09-07 14:30,2002685,,4.50,5.00,,,,,,,,,,,,,,,,,,,0,,,,,,,,0,,,,,,,,,,,,,,,,,,,,,,,,,,,,,,,,,,,,,,
129.37194444444447,36.01166666666666,1.27,,포항시(형산교),,,flood,2025-09-07 14:30,2101690,,2.50,3.00,,,,,,,,,,,,,,,,,,,0,,,,,,,,0,,,,,,,,,,,,,,,,,,,,,,,,,,,,,,,,,,,,,,
126.88666666666667,34.66222222222222,0.64,,장흥군(감천교),,,flood,2025-09-07 14:30,5101675,,4.00,5.00,,,,,,,,,,,,,,,,,,,0,,,,,,,,0,,,,,,,,,,,,,,,,,,,,,,,,,,,,,,,,,,,,,,
127.34666666666666,35.16027777777778,0.95,,곡성군(태안교),,,flood,2025-09-07 14:30,4008670,,5.50,7.00,,,,,,,,,,,,,,,,,,,0,,,,,,,,0,,,,,,,,,,,,,,,,,,,,,,,,,,,,,,,,,,,,,,
128.40055555555557,35.33166666666667,1.60,,함안군(서촌리),,,flood,2025-09-07 14:30,2019680,,8.30,10.60,,,,,,,,,,,,,,,,,,,0,,,,,,,,0,,,,,,,,,,,,,,,,,,,,,,,,,,,,,,,,,,,,,,
128.0088888888889,37.14861111111111,0.75,,제천시(부수동교),,,flood,2025-09-07 14:30,1003658,,4.00,4.50,,,,,,,,,,,,,,,,,,,0,,,,,,,,0,,,,,,,,,,,,,,,,,,,,,,,,,,,,,,,,,,,,,,
127.07694444444444,37.99305555555556,1.35,,연천군(신천교),,,flood,2025-09-07 14:30,1022670,,4.80,5.50,,,,,,,,,,,,,,,,,,,0,,,,,,,,0,,,,,,,,,,,,,,,,,,,,,,,,,,,,,,,,,,,,,,
126.61444444444444,36.905,1.35,,당진시(채운교),,,flood,2025-09-07 14:30,3201690,,5.00,6.50,,,,,,,,,,,,,,,,,,,0,,,,,,,,0,,,,,,,,,,,,,,,,,,,,,,,,,,,,,,,,,,,,,,
129.4013888888889,36.98888888888889,1.14,,울진군(월변교),,,flood,2025-09-07 14:30,2401616,,3.70,4.50,,,,,,,,,,,,,,,,,,,0,,,,,,,,0,,,,,,,,,,,,,,,,,,,,,,,,,,,,,,,,,,,,,,
127.37444444444444,38.24611111111111,1.34,,철원군(장수대교),,,flood,2025-09-07 14:30,1022626,,5.50,6.50,,,,,,,,,,,,,,,,,,,0,,,,,,,,0,,,,,,,,,,,,,,,,,,,,,,,,,,,,,,,,,,,,,,
128.2686111111111,35.31722222222223,2.62,,의령군(공단교),,,flood,2025-09-07 14:30,2019653,,5.70,6.80,,,,,,,,,,,,,,,,,,,0,,,,,,,,0,,,,,,,,,,,,,,,,,,,,,,,,,,,,,,,,,,,,,,
127.47722222222222,36.87638888888889,0.53,,진천군(가산교),,,flood,2025-09-07 14:30,3011620,,4.50,5.50,,,,,,,,,,,,,,,,,,,0,,,,,,,,0,,,,,,,,,,,,,,,,,,,,,,,,,,,,,,,,,,,,,,
127.23583333333333,36.136944444444445,1.36,,논산시(인천교),,,flood,2025-09-07 14:30,3013605,,2.80,3.80,,,,,,,,,,,,,,,,,,,0,,,,,,,,0,,,,,,,,,,,,,,,,,,,,,,,,,,,,,,,,,,,,,,
126.82583333333334,35.13583333333333,2.22,,광주광역시(극락교),,,flood,2025-09-07 14:30,5001680,,7.50,8.50,,,,,,,,,,,,,,,,,,,0,,,,,,,,0,,,,,,,,,,,,,,,,,,,,,,,,,,,,,,,,,,,,,,
127.94027777777778,35.67166666666667,1.01,,거창군(남하교),,,flood,2025-09-07 14:30,2015630,,3.90,4.90,,,,,,,,,,,,,,,,,,,0,,,,,,,,0,,,,,,,,,,,,,,,,,,,,,,,,,,,,,,,,,,,,,,
127.29277777777777,37.399166666666666,1.01,,광주시(섬뜰교),,,flood,2025-09-07 14:30,1016660,,4.40,5.20,,,,,,,,,,,,,,,,,,,0,,,,,,,,0,,,,,,,,,,,,,,,,,,,,,,,,,,,,,,,,,,,,,,
127.13333333333334,35.374722222222225,1.59,,순창군(옥천교),,,flood,2025-09-07 14:30,4004630,,3.10,4.10,,,,,,,,,,,,,,,,,,,0,,,,,,,,0,,,,,,,,,,,,,,,,,,,,,,,,,,,,,,,,,,,,,,
