TIME,STN,WD1,WS1,WDS,WSS,WD10,WS10,TA,RE,RN-15m,RN-60m,RN-12H,RN-DAY,HM,PA,PS,TD
202509081153,90,94.0,1.8,108.0,2.1,87.2,1.6,26.4,0.0,0.0,0.0,0.0,0.0,60.9,1008.2,1010.2,18.3
202509081153,92,110.0,2.3,130.0,3.2,110.0,2.1,27.6,-99.7,0.0,0.0,0.0,0.0,55.0,1002.5,1010.0,17.8
202509081153,93,173.3,0.8,230.0,1.9,139.9,1.1,24.5,0.0,0.0,0.0,0.0,0.0,75.8,1001.0,1011.9,20.0
202509081153,95,316.7,0.7,349.0,1.1,317.7,0.7,25.8,0.0,0.0,0.0,0.0,0.0,67.6,994.6,1012.2,19.4
202509081153,96,109.0,3.1,105.3,3.4,106.8,2.5,26.0,-99.2,0.0,0.0,0.0,0.0,71.8,999.8,1011.0,20.5
202509081153,98,279.1,1.2,281.5,1.7,295.1,0.8,26.7,0.0,0.0,0.0,0.0,0.0,65.4,998.6,1011.7,19.7
202509081153,99,5.7,1.0,14.0,1.6,26.0,1.5,25.2,0.0,0.0,0.0,0.0,0.0,78.7,1009.0,1012.5,21.2
202509081153,100,3.7,1.8,357.5,2.3,271.2,1.3,26.2,0.0,0.0,0.0,0.0,0.0,49.2,926.5,1010.3,14.7
202509081153,101,300.5,1.4,13.0,2.1,316.9,1.6,25.1,0.0,0.0,0.0,0.0,0.0,69.9,1002.5,1011.2,19.2
202509081153,102,157.0,0.6,177.3,1.0,178.8,1.3,25.9,0.0,0.0,0.0,0.0,0.0,56.6,1006.2,1010.3,16.6
202509081153,104,97.6,0.8,59.0,2.1,93.1,0.8,29.4,0.0,0.0,0.0,0.0,0.0,45.5,1000.6,1009.0,16.4
202509081153,105,184.7,1.0,163.8,1.4,161.5,1.4,31.1,0.0,0.0,0.0,0.0,0.0,38.3,1007.3,1010.3,15.3
202509081153,106,123.0,2.5,160.0,4.1,118.2,2.3,29.3,0.0,0.0,0.0,0.0,0.0,47.2,1006.0,1010.6,16.9
202509081153,108,122.8,0.8,124.9,1.0,103.5,1.0,26.4,0.0,0.0,0.0,0.0,0.0,67.3,1000.5,1010.2,19.9
202509081153,110,340.0,1.5,10.0,2.7,300.0,2.1,28.7,-99.7,0.0,0.0,0.0,0.0,56.0,1009.8,1011.9,19.1
202509081153,112,261.1,2.6,236.7,4.3,253.4,2.0,26.9,0.0,0.0,0.0,0.0,0.0,69.6,1003.6,1011.4,20.9
202509081153,113,200.0,1.4,260.0,2.5,190.0,1.3,27.7,-99.7,0.0,0.0,0.0,0.0,64.0,1011.3,1012.1,20.3
202509081153,114,275.0,1.4,147.1,2.0,335.0,1.0,25.8,0.0,0.0,0.0,0.0,0.0,64.8,993.4,1010.4,18.7
202509081153,115,252.7,0.5,350.0,1.6,194.7,0.7,28.0,0.0,0.0,0.0,0.0,0.0,73.0,986.1,1010.8,22.7
202509081153,116,13.0,0.1,25.0,0.5,13.0,0.0,22.8,0.0,0.0,0.0,0.0,0.0,68.3,942.0,1011.3,16.7
202509081153,119,175.3,1.5,172.0,2.2,167.6,2.1,25.7,0.0,0.0,0.0,0.0,0.0,67.4,1006.8,1011.3,19.2
202509081153,121,305.9,0.5,246.9,1.8,205.6,1.0,25.3,0.0,0.0,0.0,0.0,0.0,72.5,984.2,1011.3,20.0
202509081153,127,198.1,0.0,264.6,0.0,221.6,1.0,25.6,0.0,0.0,0.0,0.0,0.0,70.3,997.8,1010.8,19.8
202509081153,129,111.8,1.9,90.5,2.1,101.6,1.4,25.7,0.0,0.0,0.0,0.0,0.0,66.2,1008.7,1011.6,18.9
202509081153,130,120.5,0.9,113.2,2.0,127.8,1.7,27.4,0.0,0.0,0.0,0.0,0.0,60.2,1005.8,1011.4,19.0
202509081153,131,4.5,0.5,213.8,1.0,316.6,0.7,25.7,0.0,0.0,0.0,0.0,0.0,69.5,1004.6,1011.3,19.7
202509081153,133,0.0,0.0,0.0,0.0,0.0,0.0,24.7,0.0,0.0,0.0,0.0,0.0,78.2,1004.1,1011.9,20.7
202509081153,135,306.6,1.7,287.1,2.2,278.5,1.0,22.5,0.0,0.0,0.0,-99.9,0.0,78.9,983.8,1011.7,18.7
202509081153,136,224.1,1.6,213.8,2.0,298.4,1.8,25.0,0.0,0.0,0.0,0.0,0.0,65.4,996.1,1012.2,18.1
202509081153,137,332.6,0.0,334.8,0.3,17.9,0.4,24.3,0.0,0.0,0.0,0.0,0.0,73.1,999.9,1010.9,19.2
202509081153,138,42.0,1.7,67.1,2.8,62.2,2.4,27.2,0.0,0.0,0.0,0.0,0.0,52.1,1010.5,1010.9,16.5
202509081153,140,320.1,0.7,329.1,1.8,290.7,0.9,22.6,0.0,0.0,0.0,0.0,0.0,85.2,1009.3,1012.5,20.0
202509081153,143,69.4,1.0,64.1,1.4,57.8,1.0,27.2,0.0,0.0,0.0,0.0,0.0,51.2,1004.7,1010.9,16.3
202509081153,146,203.0,1.1,331.1,1.2,12.9,0.8,24.2,0.0,0.0,0.0,0.0,0.0,79.1,1004.9,1011.8,20.4
202509081153,151,100.0,3.3,120.0,4.1,90.0,3.1,29.8,-99.7,0.0,0.0,0.0,0.0,59.0,1010.0,1011.0,20.9
202509081153,152,117.4,3.6,98.7,5.2,98.3,2.3,29.7,0.0,0.0,0.0,-99.9,0.0,58.8,1000.8,1009.9,20.8
202509081153,155,335.0,0.5,107.0,0.8,5.4,0.9,30.5,0.0,0.0,0.0,0.0,0.0,52.1,1006.4,1010.3,19.6
202509081153,156,149.7,0.5,160.7,1.0,170.7,0.3,25.1,0.0,0.0,0.0,0.0,0.0,69.9,1004.2,1012.2,19.2
202509081153,159,128.4,3.4,122.8,4.9,116.1,3.8,30.4,0.0,0.0,0.0,0.0,0.0,65.4,1002.3,1010.1,23.2
202509081153,160,93.2,2.6,87.2,3.0,105.4,2.5,24.7,0.0,0.0,0.0,0.0,0.0,87.9,-99.7,-99.9,22.6
202509081153,162,191.9,2.5,183.0,2.9,192.7,2.3,29.8,0.0,0.0,0.0,0.0,0.0,71.1,1006.4,1009.9,24.0
202509081153,163,80.0,1.9,100.0,2.2,90.0,1.6,23.9,-99.7,0.2,0.4,0.4,0.4,78.0,1011.1,1012.3,19.8
202509081153,165,53.9,1.1,63.0,1.8,34.1,2.4,23.8,1.0,0.6,0.8,0.8,0.8,86.9,1007.0,1012.1,21.5
202509081153,167,10.0,2.0,20.0,2.6,350.0,1.9,29.8,-99.7,0.0,0.0,0.0,0.0,60.0,1010.2,1011.2,21.2
202509081153,168,163.3,0.5,111.7,1.3,180.7,1.1,28.2,0.0,0.0,0.0,0.0,0.0,70.3,1003.6,1011.0,22.3
202509081153,169,105.0,2.4,139.0,3.9,114.0,4.0,22.6,1.0,8.2,23.3,34.0,34.0,96.5,1003.4,1012.1,22.0
202509081153,170,309.0,0.5,334.0,0.7,309.9,0.4,27.3,1.0,0.1,0.1,0.1,0.1,80.9,1007.5,1011.5,23.7
202509081153,172,268.6,1.0,262.3,1.2,276.0,1.2,24.4,0.0,0.0,0.0,0.0,0.0,73.8,1006.0,1012.0,19.4
202509081153,174,300.8,2.3,293.8,2.6,285.8,1.8,25.8,0.0,0.0,0.0,0.0,0.0,60.8,991.4,1010.0,17.7
202509081153,175,7.5,2.3,11.1,2.7,360.0,2.2,22.0,1.0,0.0,2.5,2.5,2.5,98.3,958.7,1012.5,21.7
202509081153,177,125.4,2.2,126.2,2.3,88.3,2.1,25.7,0.0,0.0,0.0,0.0,0.0,74.0,1007.5,1010.7,20.7
202509081153,181,326.3,1.0,348.9,1.8,11.4,1.1,24.0,0.0,-99.9,-99.9,-99.9,-99.2,76.0,1008.1,1012.0,19.5
202509081153,182,150.0,0.9,200.0,1.5,160.0,1.7,28.7,-99.7,0.0,0.0,0.0,0.0,82.0,1008.7,1011.4,25.3
202509081153,184,132.1,0.8,103.4,1.3,142.7,1.2,28.4,0.0,0.1,3.8,3.8,3.8,80.3,1008.4,1010.8,24.7
202509081153,185,257.4,1.7,257.4,1.7,242.8,1.7,29.1,0.0,0.0,0.8,3.6,3.6,80.6,1002.9,1010.9,25.4
202509081153,188,125.5,2.7,134.0,3.1,126.8,2.7,30.8,0.0,0.0,0.0,0.0,0.0,77.7,1008.9,1011.2,26.5
202509081153,189,219.0,3.5,248.0,5.4,222.5,3.3,31.5,0.0,0.0,0.0,26.9,26.9,75.6,1005.1,1010.9,26.7
202509081153,192,298.3,0.7,278.6,1.1,294.7,1.0,29.2,0.0,0.0,0.0,0.0,0.0,69.7,1007.5,1010.8,23.1
202509081153,201,113.9,0.5,149.1,1.2,107.9,1.2,26.4,0.0,0.0,0.0,0.0,0.0,59.9,1006.9,1012.3,18.0
202509081153,202,256.7,1.1,213.8,1.7,242.4,1.3,23.9,0.0,0.0,0.0,0.0,0.0,74.8,1006.7,1012.1,19.2
202509081153,203,165.5,1.6,143.5,2.4,177.2,1.0,25.4,0.0,0.0,0.0,0.0,0.0,74.2,1003.5,1012.6,20.5
202509081153,211,228.2,1.2,213.8,1.7,224.1,1.6,25.3,0.0,0.0,0.0,0.0,0.0,64.1,988.2,1011.0,18.0
202509081153,212,324.3,0.8,354.6,1.2,29.9,1.0,24.3,0.0,0.0,0.0,0.0,0.0,68.1,996.2,1012.2,18.0
202509081153,216,12.0,0.7,48.0,0.8,252.8,0.8,27.9,0.0,0.0,0.0,0.0,0.0,28.4,931.4,1008.7,7.9
202509081153,217,261.7,1.1,277.5,2.0,310.3,1.2,28.7,0.0,0.0,0.0,0.0,0.0,51.5,975.7,1010.3,17.7
202509081153,221,195.0,0.0,109.6,0.1,215.1,0.6,24.3,0.0,0.0,0.0,0.0,0.0,68.5,981.5,1011.4,18.1
202509081153,226,174.0,2.0,168.8,2.6,159.1,1.6,22.5,0.0,0.0,0.0,0.0,0.0,83.9,992.4,1012.0,19.6
202509081153,229,80.4,2.4,76.4,2.7,79.7,2.7,24.8,0.0,0.0,0.0,0.0,0.0,71.0,998.7,1010.6,19.2
202509081153,230,316.9,3.8,192.3,4.5,318.4,2.7,26.9,0.0,0.0,0.0,0.0,0.0,63.9,1010.9,1012.3,19.5
202509081153,232,91.3,1.5,84.4,2.1,101.4,1.7,24.5,0.0,0.0,0.0,0.0,0.0,81.1,1002.5,1012.2,21.0
202509081153,235,198.0,1.2,217.0,1.7,211.2,1.0,25.3,0.0,0.0,0.0,0.0,0.0,77.8,1010.0,1011.1,21.1
202509081153,236,99.3,0.0,87.1,0.1,61.7,0.2,23.1,0.0,0.0,0.0,0.0,0.0,83.3,1010.4,1012.0,20.1
202509081153,238,322.8,0.8,315.2,1.0,302.3,0.6,22.6,0.0,0.0,0.0,0.0,0.0,83.7,992.2,1012.0,19.7
202509081153,239,146.4,0.0,145.1,0.9,142.1,0.2,23.6,0.0,0.0,0.0,0.0,0.0,79.2,1001.4,1011.7,19.8
202509081153,243,10.6,0.2,42.2,0.9,29.6,0.7,23.8,0.0,0.0,0.0,0.0,0.0,83.7,1010.5,1011.9,20.9
202509081153,244,61.6,1.0,70.3,1.3,13.1,0.6,23.1,0.0,0.0,0.0,0.0,0.0,70.5,983.3,1011.4,17.4
202509081153,245,347.0,0.7,359.9,1.0,336.9,1.0,24.4,0.0,0.0,0.0,0.0,0.0,71.8,1004.0,1011.9,19.0
202509081153,247,0.3,0.9,354.6,1.4,0.4,0.7,24.6,0.0,0.0,0.0,0.0,0.0,76.1,996.7,1011.9,20.1
202509081153,248,26.0,0.9,30.8,0.9,16.5,0.8,22.5,0.0,0.0,0.0,0.0,0.0,71.1,966.0,1011.9,17.0
202509081153,251,335.1,0.3,0.0,0.3,35.7,0.3,24.1,0.0,0.0,0.0,0.0,0.0,75.0,1004.7,1011.4,19.4
202509081153,252,204.9,0.9,205.3,1.5,193.6,0.3,23.7,0.0,0.0,0.0,-99.9,0.0,78.2,1007.8,1012.1,19.7
202509081153,253,346.7,0.9,50.5,1.5,359.5,0.7,30.5,0.0,0.0,0.0,0.0,0.0,50.4,1005.0,1011.1,19.0
202509081153,254,217.3,0.3,297.3,0.5,24.7,0.9,24.6,0.0,0.0,0.0,0.0,0.0,68.2,997.5,1012.2,18.4
202509081153,255,302.9,2.1,296.7,3.1,286.8,1.1,30.8,0.0,0.0,0.0,0.0,0.0,61.8,1004.5,1010.2,22.6
202509081153,257,223.4,0.7,229.7,0.9,242.6,1.1,32.1,0.0,0.0,0.0,0.0,0.0,52.8,1008.7,1009.4,21.3
202509081153,258,311.5,1.6,278.4,2.1,297.7,2.0,28.5,0.0,0.0,0.0,-99.9,0.0,71.8,1011.5,1011.7,22.9
202509081153,259,214.2,1.0,209.4,1.2,7.2,0.9,26.5,1.0,0.2,0.2,0.2,0.2,87.2,1010.0,1011.8,24.2
202509081153,260,342.4,1.3,346.9,2.1,337.8,1.5,27.1,1.0,0.0,0.0,0.0,0.0,77.4,1006.2,1011.2,22.8
202509081153,261,272.3,2.0,270.7,3.2,249.2,2.1,24.7,1.0,0.4,1.8,1.8,1.8,91.1,1010.0,1011.9,23.2
202509081153,262,318.0,2.3,338.0,3.5,307.2,1.6,29.9,0.0,0.0,0.0,0.0,0.0,72.9,1005.2,1011.0,24.5
202509081153,263,38.8,2.1,45.6,2.9,36.4,2.0,28.6,0.0,0.0,0.0,0.0,0.0,69.3,1008.8,1010.4,22.4
202509081153,264,152.4,0.4,146.9,0.8,180.0,0.5,26.8,0.0,0.0,0.0,-99.9,0.0,64.7,993.8,1011.0,19.6
202509081153,266,74.8,1.0,118.8,1.1,181.2,1.0,29.4,0.0,0.0,0.0,0.0,0.0,64.9,1001.3,1011.2,22.1
202509081153,268,63.6,2.8,48.7,3.2,74.9,2.5,23.9,0.0,0.0,3.4,3.6,3.6,95.4,1009.6,1010.7,23.1
202509081153,269,154.4,1.6,157.5,2.8,165.0,1.1,23.6,1.0,0.2,0.2,0.2,0.2,85.7,1008.9,1012.1,21.1
202509081153,271,128.0,2.5,104.0,3.2,149.6,2.5,26.4,0.0,-99.9,-99.9,-99.9,-99.2,42.7,974.7,1011.0,12.7
202509081153,272,194.1,0.4,194.1,0.6,179.5,0.5,25.4,0.0,0.0,0.0,0.0,0.0,51.1,987.5,1011.4,14.6
202509081153,273,138.0,1.9,146.3,2.4,138.0,2.0,24.6,0.0,0.0,0.0,0.0,0.0,69.0,991.6,1011.2,18.5
202509081153,276,337.0,1.7,321.5,2.4,329.0,1.9,28.1,0.0,0.0,0.0,0.0,0.0,39.5,987.3,1010.6,13.1
202509081153,277,76.0,1.9,104.0,2.5,90.8,1.5,28.2,0.0,0.0,0.0,0.0,0.0,48.4,1006.5,1011.1,16.3
202509081153,278,248.3,1.3,247.6,2.0,178.8,0.9,26.2,0.0,0.0,0.0,0.0,0.0,59.7,1001.3,1010.5,17.8
202509081153,279,274.2,1.1,323.0,1.6,282.9,0.9,24.8,0.0,0.0,0.0,0.0,0.0,67.7,1006.3,1011.9,18.4
202509081153,281,204.5,2.0,211.1,2.6,232.8,1.8,27.8,0.0,0.0,0.0,0.0,0.0,39.1,1000.6,1011.4,12.6
202509081153,283,1.4,2.5,340.4,3.5,359.0,2.2,27.9,0.0,-99.9,-99.9,-99.9,-99.2,46.6,1006.7,1011.2,15.4
202509081153,284,231.0,0.6,341.6,1.4,1.9,1.2,25.8,0.0,0.0,0.0,0.0,0.0,65.2,984.4,1010.1,18.8
202509081153,285,58.8,0.2,16.8,0.6,72.4,1.3,27.2,0.0,0.0,0.0,0.0,0.0,74.1,1008.1,1011.1,22.2
202509081153,288,251.5,1.6,245.5,2.4,275.4,1.2,30.4,0.0,0.0,0.0,-99.9,0.0,56.5,1008.3,1009.2,20.8
202509081153,289,33.0,0.6,42.2,0.9,352.6,0.9,27.1,0.0,0.0,0.0,0.0,0.0,56.3,996.1,1011.7,17.7
202509081153,294,353.2,1.8,349.0,2.4,358.4,1.4,30.1,0.0,0.0,0.0,0.0,0.0,58.9,1006.2,1011.2,21.2
202509081153,295,52.1,1.4,87.1,2.1,62.5,1.1,28.0,0.0,0.0,0.0,0.0,0.0,76.6,1005.8,1011.0,23.5
202509081153,296,226.6,2.9,229.7,3.1,230.5,1.9,31.9,0.0,0.0,0.0,0.0,0.0,51.3,1009.3,1009.6,20.6
202509081153,300,107.9,1.9,110.1,2.9,123.0,1.6,23.8,0.0,0.0,0.0,0.0,0.0,78.0,1006.5,1011.6,19.7
202509081153,301,53.0,2.3,58.0,2.9,70.9,2.3,23.2,1.0,0.5,1.5,1.5,1.5,91.8,1010.3,1011.3,21.8
202509081153,302,2.0,1.3,19.0,1.7,7.6,0.7,23.2,1.0,0.5,3.5,3.5,3.5,93.5,1011.2,1011.9,22.1
202509081153,303,300.9,2.6,311.5,3.2,305.0,2.4,25.4,0.0,0.0,0.0,8.5,8.5,95.4,998.9,1010.9,24.6
202509081153,304,163.0,1.3,172.0,1.6,165.7,1.2,26.2,-99.2,0.0,0.0,0.0,0.0,84.5,1008.8,1011.7,23.4
202509081153,305,245.6,1.0,242.9,1.1,312.9,0.4,24.2,1.0,1.5,4.0,4.0,4.0,94.1,1008.2,1012.2,23.2
202509081153,306,257.0,2.7,255.7,2.9,258.4,2.9,28.3,0.0,0.0,0.0,0.0,0.0,77.1,1009.7,1010.0,23.9
202509081153,308,10.3,2.5,6.1,2.9,18.1,1.0,22.8,1.0,1.0,3.5,4.5,4.5,92.5,1010.4,1011.4,21.5
202509081153,309,119.6,1.4,108.3,1.8,104.7,1.4,26.3,0.0,0.0,0.0,0.0,0.0,67.4,1009.4,1012.3,19.8
202509081153,310,107.9,3.0,111.2,4.1,109.8,3.0,28.0,0.0,0.0,0.0,0.0,0.0,58.1,1007.8,1009.4,19.0
202509081153,311,148.0,0.3,172.0,0.5,127.4,0.4,21.0,0.0,0.0,0.0,0.0,0.0,92.2,944.8,1012.6,19.7
202509081153,312,306.2,0.2,329.2,0.4,226.5,0.9,26.3,0.0,0.0,0.0,0.0,0.0,48.8,981.2,1010.6,14.7
202509081153,313,72.0,1.2,112.0,1.6,75.3,1.3,28.8,0.0,0.0,0.0,0.0,0.0,78.2,1002.6,1010.5,24.6
202509081153,314,258.3,2.0,261.0,2.3,249.7,1.8,18.7,0.0,0.0,0.0,0.0,0.0,28.9,849.0,1009.8,0.3
202509081153,315,255.0,0.9,265.0,1.0,281.3,0.7,21.6,0.0,0.0,0.0,0.0,0.0,42.9,893.0,1010.5,8.5
202509081153,316,329.0,1.4,344.0,3.0,324.0,0.9,20.3,0.0,0.0,0.0,0.0,0.0,85.8,912.0,1012.3,17.8
202509081153,317,271.9,0.9,282.4,1.4,277.8,1.1,22.7,0.0,0.0,0.0,0.0,0.0,71.4,999.1,1011.3,17.3
202509081153,318,321.9,0.3,350.5,1.3,338.0,1.5,23.7,0.0,0.0,0.0,0.0,0.0,55.7,917.1,1009.8,14.3
202509081153,319,308.5,0.2,267.2,0.5,26.6,0.4,26.7,0.0,0.0,0.0,0.0,0.0,74.9,1004.9,1011.5,21.9
202509081153,320,-99.2,2.6,-99.2,3.2,-99.9,2.3,21.5,0.0,-99.9,-99.9,-99.9,-99.2,41.2,874.2,1009.1,7.8
202509081153,321,253.3,2.2,230.8,3.2,246.3,1.8,25.9,0.0,0.0,0.0,0.0,0.0,66.7,982.6,1011.1,19.2
202509081153,322,181.4,1.4,196.7,2.1,187.3,1.6,23.6,0.0,0.0,0.0,0.0,0.0,71.3,963.1,1012.1,18.1
202509081153,323,306.3,2.3,326.5,2.7,335.5,1.4,25.3,0.0,0.0,0.0,0.0,0.0,60.2,981.2,1012.3,17.0
202509081153,324,287.0,0.9,273.2,1.9,317.3,1.1,25.0,0.0,0.0,0.0,0.0,0.0,66.9,993.7,1011.4,18.4
202509081153,325,205.0,1.4,233.0,2.2,247.5,1.4,25.7,0.0,0.0,0.0,0.0,0.0,71.6,985.3,1011.4,20.2
202509081153,326,132.4,1.1,125.5,2.8,126.6,0.8,23.6,0.0,0.0,0.0,0.0,0.0,76.1,989.4,1011.1,19.1
202509081153,327,188.0,0.2,208.8,0.7,249.4,1.1,24.4,0.0,0.0,0.0,0.0,0.0,75.4,999.9,1011.0,19.8
202509081153,328,200.0,2.5,201.0,3.3,186.7,2.6,30.5,0.0,-99.9,-99.9,-99.9,-99.2,82.0,1003.8,1010.6,27.1
202509081153,329,84.5,1.8,73.5,2.1,356.9,1.4,26.2,0.0,0.0,0.0,0.0,0.0,87.0,969.3,1011.3,23.9
202509081153,330,0.0,0.0,0.0,0.0,58.1,0.3,26.6,0.0,0.0,0.0,0.0,0.0,88.7,995.3,1011.6,24.6
202509081153,331,264.9,1.5,270.7,1.8,248.5,1.5,27.2,0.0,0.0,0.0,12.5,12.5,88.6,961.7,1009.3,25.2
202509081153,332,288.7,2.0,104.7,3.2,39.5,2.2,29.5,0.0,0.0,0.0,0.0,0.0,47.7,-99.7,-99.9,17.3
202509081153,333,44.0,2.1,66.2,3.0,63.0,1.4,30.4,0.0,0.0,0.0,0.0,0.0,35.3,1001.2,1009.5,13.4
202509081153,334,108.2,2.4,80.8,2.9,107.1,1.7,26.7,0.0,0.0,0.0,0.0,0.0,62.5,1007.0,1009.8,19.0
202509081153,335,274.9,0.1,268.9,0.6,315.5,1.1,24.1,0.0,0.0,0.0,0.0,0.0,64.1,967.1,1012.7,16.9
202509081153,336,263.4,0.6,249.4,1.0,178.0,0.9,26.6,0.0,0.0,0.0,0.0,0.0,65.9,988.7,1012.5,19.7
202509081153,337,291.5,0.4,269.8,0.8,252.2,0.9,25.4,0.0,0.0,0.0,0.0,0.0,68.3,989.4,1012.3,19.1
202509081153,338,93.3,0.2,98.8,0.9,152.6,0.8,25.6,0.0,0.0,0.0,0.0,0.0,68.2,958.1,1012.1,19.3
202509081153,339,171.4,0.1,190.8,0.8,129.9,0.3,27.5,0.0,0.0,0.0,0.0,0.0,68.6,983.7,1011.8,21.2
202509081153,340,333.1,0.9,326.4,1.4,358.0,1.2,26.3,0.0,0.0,0.0,0.0,0.0,68.9,996.8,1012.4,20.1
202509081153,344,205.0,1.9,225.0,2.3,163.2,1.5,25.9,0.0,0.0,0.0,0.0,0.0,69.4,998.4,1011.6,19.9
202509081153,345,278.9,0.5,318.4,1.1,300.4,1.4,25.6,0.0,0.0,0.0,0.0,0.0,72.1,998.2,1010.6,20.2
202509081153,346,91.8,2.8,90.0,3.2,106.4,2.3,31.8,0.0,0.0,0.0,0.0,0.0,40.1,1003.3,1009.2,16.6
202509081153,347,263.4,0.7,300.8,1.9,325.5,1.3,25.1,0.0,0.0,0.0,0.0,0.0,70.1,994.3,1011.6,19.3
202509081153,348,82.3,1.3,101.3,2.2,76.6,1.6,28.2,0.0,0.0,0.0,0.0,0.0,70.7,-99.7,-99.9,22.4
202509081153,349,261.7,2.6,267.7,3.0,213.6,1.2,24.5,0.0,0.0,0.0,0.0,0.0,74.9,979.2,1010.2,19.8
202509081153,350,216.3,0.9,222.2,1.3,222.3,1.1,23.7,0.0,0.0,0.0,0.0,0.0,52.6,943.4,1010.6,13.4
202509081153,351,174.0,0.9,-99.2,-99.2,-99.9,-99.9,27.2,0.0,0.0,0.0,-99.9,0.0,-99.7,-99.7,-99.9,-99.9
202509081153,352,90.0,0.5,-99.2,-99.2,-99.9,-99.9,27.7,-99.2,0.0,0.0,0.0,0.0,-99.2,-99.7,-99.9,-99.9
202509081153,355,60.8,1.1,92.8,3.5,93.9,1.0,26.4,0.0,0.0,0.0,0.0,0.0,66.4,500.0,-99.9,19.6
202509081153,356,181.4,-99.2,234.8,0.0,-99.9,-99.9,26.2,0.0,0.0,0.0,0.0,0.0,65.8,500.3,-99.9,19.3
202509081153,358,122.3,1.1,98.0,4.0,110.7,1.4,25.2,0.0,0.0,0.0,0.0,0.0,78.0,500.0,-99.9,21.1
202509081153,359,223.5,0.0,271.0,3.3,0.0,0.0,25.4,0.0,0.0,0.0,0.0,0.0,56.8,500.0,-99.9,16.2
202509081153,360,254.8,1.3,81.2,4.6,280.5,1.3,27.0,0.0,0.0,0.0,0.0,0.0,59.5,500.0,-99.9,18.4
202509081153,361,318.5,0.0,267.5,2.1,287.5,0.8,26.2,0.0,0.0,0.0,0.0,0.0,68.8,500.0,-99.9,20.0
202509081153,364,156.4,0.8,169.4,4.4,147.8,1.1,25.8,0.0,0.0,0.0,0.0,0.0,63.2,500.0,-99.9,18.3
202509081153,365,267.2,0.0,267.2,-99.2,0.0,0.0,26.9,-99.2,0.0,0.0,0.0,0.0,57.4,-99.7,-99.9,17.8
202509081153,366,193.8,0.6,93.4,1.7,141.8,0.2,24.8,0.0,0.0,0.0,0.0,0.0,76.4,500.0,-99.9,20.4
202509081153,367,141.5,1.4,195.3,3.2,161.4,0.5,27.9,0.0,0.0,0.0,0.0,0.0,63.1,500.0,-99.9,20.2
202509081153,368,111.1,0.0,-99.2,-99.2,0.0,0.0,25.0,-99.2,0.0,0.0,0.0,0.0,69.4,-99.7,-99.9,19.0
202509081153,369,196.8,1.1,249.6,2.6,222.0,0.8,27.0,0.0,0.0,0.0,0.0,0.0,67.0,500.0,-99.9,20.4
202509081153,370,-99.9,-99.9,-99.9,-99.9,-99.9,-99.9,-99.9,-99.9,-99.9,-99.9,-99.9,-99.2,-99.9,-99.9,-99.9,-99.9
202509081153,371,149.5,1.4,130.7,3.2,138.7,1.3,26.4,0.0,0.0,0.0,0.0,0.0,66.1,500.0,-99.9,19.6
202509081153,372,256.0,0.4,0.0,0.6,288.3,0.5,29.8,-99.2,0.0,0.0,0.0,0.0,50.6,-99.7,-99.9,18.5
202509081153,373,-99.2,0.0,-99.2,0.0,-99.9,0.0,28.1,-99.2,0.0,0.0,0.0,0.0,51.2,-99.7,-99.9,17.1
202509081153,374,126.9,0.0,159.2,3.4,0.0,0.0,25.1,-99.2,0.0,0.0,0.0,0.0,73.8,500.0,-99.9,20.1
202509081153,375,256.0,0.4,0.0,0.9,217.5,0.3,28.1,-99.2,0.0,0.0,0.0,0.0,58.4,-99.7,-99.9,19.2
202509081153,376,211.3,0.9,238.4,1.7,209.8,1.2,27.2,0.0,-99.9,-99.9,-99.9,-99.2,68.6,1003.7,1011.5,20.9
202509081153,377,268.7,0.6,264.9,2.1,269.7,1.1,26.4,0.0,0.0,0.0,0.0,0.0,65.7,1008.1,1011.3,19.5
202509081153,378,200.0,1.7,206.0,2.1,200.3,1.9,23.2,0.0,0.0,0.0,0.0,0.0,83.3,1003.7,1011.9,20.2
202509081153,379,42.5,0.4,40.4,0.8,357.6,0.5,22.4,0.0,0.0,0.0,0.0,0.0,74.3,978.2,1011.4,17.6
202509081153,400,165.2,0.8,135.0,1.2,242.0,0.8,26.4,0.0,0.0,0.0,0.0,0.0,66.6,-99.7,-99.9,19.7
202509081153,401,204.8,1.5,220.2,2.3,176.5,1.4,26.2,0.0,0.0,0.0,0.0,0.0,64.0,1006.9,1010.7,18.9
202509081153,402,154.8,1.1,123.9,1.8,96.5,1.8,25.2,0.0,0.0,0.0,0.0,0.0,63.9,1004.6,1010.9,17.9
202509081153,403,178.0,2.1,182.0,3.0,178.6,1.9,26.0,0.0,0.0,0.0,0.0,0.0,68.4,1005.4,1011.6,19.7
202509081153,404,8.0,1.1,37.0,1.9,10.1,1.8,27.8,0.0,0.0,0.0,0.0,0.0,55.1,1010.7,1011.8,18.0
202509081153,405,220.5,1.0,225.8,1.4,175.4,0.4,27.6,0.0,0.0,0.0,0.0,0.0,55.6,1008.6,1011.2,17.9
202509081153,406,142.0,1.0,146.0,1.1,104.4,0.7,25.5,0.0,0.0,0.0,0.0,0.0,70.0,1005.4,1011.9,19.6
202509081153,407,46.0,1.0,50.0,1.7,72.9,0.5,26.5,0.0,0.0,0.0,0.0,0.0,63.6,1009.0,1011.9,19.0
202509081153,408,212.0,1.2,188.0,1.9,94.0,0.5,26.5,0.0,0.0,0.0,0.0,0.0,63.4,1006.0,1012.1,19.0
202509081153,409,38.1,1.9,33.7,2.4,64.7,1.2,26.6,0.0,0.0,0.0,0.0,0.0,55.4,1006.3,1010.7,16.9
202509081153,410,133.1,0.7,104.0,1.3,16.9,0.5,26.4,0.0,0.0,0.0,0.0,0.0,55.8,1006.7,1011.5,16.9
202509081153,411,300.2,0.8,166.3,1.2,202.6,1.2,26.7,0.0,0.0,0.0,0.0,0.0,72.1,999.5,1010.9,21.3
202509081153,412,203.2,0.7,231.0,1.0,247.7,0.4,26.1,0.0,0.0,0.0,0.0,0.0,75.1,1000.2,1011.9,21.3
202509081153,413,128.0,0.6,304.0,1.2,126.0,1.1,26.5,0.0,0.0,0.0,0.0,0.0,61.0,1008.3,1011.7,18.4
202509081153,414,101.1,2.2,99.9,2.8,144.8,1.4,26.1,0.0,0.0,0.0,0.0,0.0,59.6,996.6,1011.2,17.6
202509081153,415,48.7,1.9,50.9,2.6,54.2,1.7,26.6,0.0,0.0,0.0,0.0,0.0,57.8,1008.0,1011.6,17.6
202509081153,416,130.5,0.3,129.4,0.7,13.8,0.9,27.4,0.0,0.0,0.0,0.0,0.0,48.3,1004.4,1010.6,15.5
202509081153,417,145.0,1.6,127.8,2.1,272.6,0.9,27.9,0.0,0.0,0.0,0.0,0.0,56.1,1006.5,1011.6,18.4
202509081153,418,156.1,1.8,151.9,2.0,169.1,1.1,26.4,0.0,0.0,0.0,-99.9,0.0,61.5,-99.7,-99.9,18.4
202509081153,419,223.3,0.4,231.3,0.7,194.3,0.5,24.1,0.0,0.0,0.0,0.0,0.0,70.1,981.4,1011.6,18.3
202509081153,421,185.1,0.8,202.7,1.6,198.6,0.8,26.9,0.0,0.0,0.0,0.0,0.0,66.0,1007.3,1011.2,20.0
202509081153,423,177.0,1.5,217.0,2.4,170.8,1.4,27.5,0.0,0.0,0.0,0.0,0.0,65.1,1005.5,1011.9,20.4
202509081153,424,219.5,0.9,229.1,1.6,125.9,0.9,25.9,0.0,0.0,0.0,0.0,0.0,61.7,1003.4,1011.3,18.0
202509081153,425,277.3,0.7,287.7,0.9,295.9,0.5,25.4,0.0,0.0,0.0,0.0,0.0,59.4,999.1,1012.0,16.9
202509081153,426,217.1,2.3,216.7,2.5,220.6,2.5,25.2,0.0,0.0,0.0,0.0,0.0,71.6,994.2,1010.9,19.7
202509081153,427,334.1,1.6,93.0,2.2,24.0,1.4,27.8,0.0,0.0,0.0,0.0,0.0,63.5,1010.3,1011.3,20.2
202509081153,428,100.3,0.8,149.1,0.9,95.6,1.2,25.9,0.0,0.0,0.0,0.0,0.0,77.0,-99.7,-99.9,21.6
202509081153,430,332.4,0.4,118.2,4.1,218.0,0.8,25.9,0.0,0.0,0.0,0.0,0.0,66.6,500.0,-99.9,19.2
202509081153,431,85.4,0.0,87.4,0.0,0.0,0.0,25.7,-99.2,0.0,0.0,0.0,0.0,62.1,-99.7,-99.9,17.9
202509081153,432,218.4,0.6,184.9,2.9,120.2,0.8,25.2,-99.2,-99.9,-99.9,-99.9,-99.2,73.2,500.0,-99.9,20.1
202509081153,433,239.6,0.9,242.5,1.1,261.7,1.3,27.1,-99.2,0.0,0.0,0.0,0.0,58.8,-99.7,-99.9,18.4
202509081153,434,138.7,0.0,166.4,0.0,165.0,0.1,25.9,-99.2,0.0,0.0,0.0,0.0,-99.2,-99.7,-99.9,-99.9
202509081153,435,199.6,0.0,200.2,0.0,0.0,0.0,25.7,-99.2,0.0,0.0,0.0,0.0,-99.2,-99.7,-99.9,-99.9
202509081153,436,248.8,0.7,256.6,1.2,185.2,0.3,26.2,0.0,0.0,0.0,0.0,0.0,63.0,-99.7,-99.9,18.6
202509081153,437,231.2,1.0,211.5,1.2,228.6,1.6,26.9,-99.2,0.0,0.0,0.0,0.0,61.1,-99.7,-99.9,18.8
202509081153,438,3.2,0.4,200.2,1.3,115.4,0.5,25.8,-99.2,0.0,0.0,0.0,0.0,64.7,-99.7,-99.9,18.7
202509081153,439,325.0,1.5,318.7,2.1,321.7,1.0,26.8,0.0,0.0,0.0,0.0,0.0,64.3,-99.7,-99.9,19.5
202509081153,440,78.0,1.4,138.7,4.3,115.1,1.1,26.0,-99.2,0.0,0.0,0.0,0.0,-99.2,500.0,-99.9,-99.9
202509081153,441,5.7,1.6,-99.2,-99.2,327.1,0.8,27.9,0.0,0.0,0.0,0.0,0.0,61.6,500.0,-99.9,19.9
202509081153,442,-99.9,-99.9,-99.9,-99.2,-99.9,-99.9,-99.9,-99.9,-99.9,-99.9,-99.9,-99.2,-99.9,-99.9,-99.9,-99.9
202509081153,443,268.2,0.9,265.1,1.6,157.4,0.5,23.4,-99.2,0.0,0.0,0.0,0.0,71.4,-99.7,-99.9,17.9
202509081153,444,191.5,1.3,142.1,2.6,119.1,0.5,25.3,0.0,0.0,0.0,0.0,0.0,75.9,500.0,-99.9,20.7
202509081153,445,242.7,0.6,252.6,3.1,223.2,0.4,25.8,0.0,0.0,0.0,0.0,0.0,75.9,500.0,-99.9,21.2
202509081153,446,270.7,0.1,88.5,2.8,283.6,0.7,26.9,0.0,0.0,0.0,0.0,0.0,78.8,500.0,-99.9,22.9
202509081153,447,187.3,0.8,254.8,2.8,303.4,0.4,28.8,0.0,-99.9,-99.9,-99.9,-99.2,68.3,500.0,-99.9,22.4
202509081153,448,59.4,0.9,253.1,4.4,356.9,1.0,25.4,0.0,0.0,0.0,0.0,0.0,69.9,500.0,-99.9,19.5
202509081153,449,139.9,0.7,160.7,1.0,149.3,0.8,24.5,-99.2,0.0,0.0,0.0,0.0,72.0,-99.7,-99.9,19.1
202509081153,450,14.9,1.2,338.4,1.8,326.4,1.0,28.0,0.0,0.0,0.0,0.0,0.0,57.7,-99.7,-99.9,18.9
202509081153,451,201.9,0.8,200.2,1.4,197.6,1.0,27.0,-99.2,0.0,0.0,0.0,0.0,55.6,-99.7,-99.9,17.4
202509081153,452,215.8,0.6,203.0,0.9,192.4,0.5,27.3,-99.2,0.0,0.0,0.0,0.0,56.2,-99.7,-99.9,17.8
202509081153,453,218.5,1.8,214.3,2.4,196.2,1.5,26.2,0.0,0.0,0.0,0.0,0.0,-99.2,-99.7,-99.9,-99.9
202509081153,454,320.6,0.7,-99.2,-99.2,298.6,0.5,26.2,-99.2,0.0,0.0,0.0,0.0,-99.2,-99.7,-99.9,-99.9
202509081153,455,145.8,0.0,183.3,0.0,162.2,0.3,25.4,0.0,0.0,0.0,0.0,0.0,70.7,-99.7,-99.9,19.7
202509081153,456,-99.2,-99.2,-99.2,-99.2,-99.9,-99.9,-99.2,0.0,0.0,0.0,-99.9,0.0,56.0,-99.7,-99.9,-99.9
202509081153,457,241.0,1.1,253.8,1.6,294.8,0.9,28.0,-99.2,0.0,0.0,0.0,0.0,63.4,-99.7,-99.9,20.4
202509081153,458,335.8,0.5,324.3,1.0,338.5,0.3,25.8,0.0,0.0,0.0,0.0,0.0,67.1,-99.7,-99.9,19.2
202509081153,459,65.0,0.6,45.1,0.7,125.2,0.7,26.4,0.0,0.0,0.0,0.0,0.0,68.9,-99.7,-99.9,20.2
202509081153,460,262.6,1.0,120.9,3.7,248.1,0.5,26.5,0.0,0.0,0.0,0.0,0.0,63.4,501.0,-99.9,19.0
202509081153,461,158.3,1.2,149.5,2.1,154.8,1.3,-99.2,0.0,0.0,0.0,0.0,0.0,64.7,-99.7,-99.9,-99.9
202509081153,462,180.6,1.8,180.5,2.9,183.0,0.9,26.3,-99.2,0.0,0.0,0.0,0.0,67.2,-99.7,-99.9,19.7
202509081153,463,175.4,1.7,354.7,3.2,231.8,0.7,26.2,0.0,0.0,0.0,0.0,0.0,69.4,500.0,-99.9,20.2
202509081153,464,21.4,1.7,310.0,3.2,356.5,0.8,25.7,0.0,0.0,0.0,0.0,0.0,71.8,500.0,-99.9,20.2
202509081153,465,336.7,0.0,242.9,0.0,-99.9,-99.9,28.1,0.0,0.0,0.0,0.0,0.0,71.1,500.0,-99.9,22.4
202509081153,466,164.1,0.7,107.5,3.1,69.1,0.9,27.1,0.0,0.0,0.0,0.0,0.0,67.0,500.0,-99.9,20.5
202509081153,467,172.9,0.0,177.7,0.0,185.7,0.4,26.3,-99.2,0.0,0.0,0.0,0.0,-99.2,-99.7,-99.9,-99.9
202509081153,468,94.2,0.0,25.4,0.0,64.4,0.4,27.0,0.0,0.0,0.0,0.0,0.0,74.5,-99.7,-99.9,22.1
202509081153,469,179.1,1.0,188.9,1.2,178.0,0.8,26.6,-99.2,0.0,0.0,0.0,0.0,71.4,-99.7,-99.9,21.0
202509081153,470,-99.9,-99.9,-99.2,-99.2,-99.9,-99.9,-99.9,-99.2,-99.9,-99.9,-99.9,-99.2,-99.9,-99.9,-99.9,-99.9
202509081153,471,21.1,0.0,45.1,0.0,26.3,1.0,26.0,0.0,0.0,0.0,0.0,0.0,-99.2,-99.7,-99.9,-99.9
202509081153,472,106.1,0.9,121.3,2.1,113.0,1.4,25.9,0.0,0.0,0.0,0.0,0.0,72.2,-99.7,-99.9,20.5
202509081153,473,26.9,0.1,79.0,0.5,78.5,0.3,26.8,-99.2,0.0,0.0,0.0,0.0,47.9,-99.7,-99.9,14.9
202509081153,474,26.4,1.2,39.5,2.3,22.7,0.5,26.5,0.0,0.0,0.0,0.0,0.0,-99.2,-99.7,-99.9,-99.9
202509081153,475,112.1,0.5,13.1,2.4,338.1,0.8,25.9,0.0,0.0,0.0,0.0,0.0,61.5,500.0,-99.9,17.9
202509081153,476,70.2,0.0,301.7,0.3,65.8,0.3,25.7,0.0,-99.9,-99.9,-99.9,-99.2,61.1,-99.7,-99.9,17.7
202509081153,477,-99.2,-99.2,-99.2,-99.2,-99.9,-99.9,-99.2,-99.2,0.0,0.0,0.0,0.0,-99.2,-99.7,-99.9,-99.9
202509081153,478,0.9,1.0,0.0,1.6,8.0,1.1,26.2,0.0,0.0,0.0,0.0,0.0,85.0,-99.7,-99.9,23.5
202509081153,479,342.6,0.9,318.7,1.6,335.6,0.4,25.5,-99.2,0.0,0.0,-99.9,0.0,79.7,-99.7,-99.9,21.7
202509081153,480,293.6,1.0,265.1,1.7,283.7,0.8,28.6,-99.2,0.0,0.0,0.0,0.0,56.7,-99.7,-99.9,19.2
202509081153,481,-99.2,2.0,8.5,2.3,-99.9,1.4,29.0,0.0,0.0,0.0,0.0,0.0,67.0,-99.7,-99.9,22.3
202509081153,482,324.2,1.4,304.6,2.2,309.8,1.5,28.4,-99.2,0.0,0.0,0.0,0.0,46.9,-99.7,-99.9,16.0
202509081153,483,168.9,0.5,155.1,0.8,-99.9,-99.9,27.8,-99.2,0.0,0.0,0.0,0.0,68.5,-99.7,-99.9,21.5
202509081153,484,61.3,1.4,53.6,2.1,88.4,0.9,24.7,-99.2,0.0,0.0,0.0,0.0,69.2,-99.7,-99.9,18.7
202509081153,485,18.2,1.2,19.7,2.0,62.5,1.2,26.5,0.0,0.0,0.0,0.0,0.0,61.9,-99.7,-99.9,18.6
202509081153,486,136.0,1.1,132.5,1.6,145.8,1.5,25.0,0.0,0.0,0.0,0.0,0.0,83.5,-99.7,-99.9,22.0
202509081153,487,274.9,0.7,279.2,1.2,301.3,1.5,26.3,0.0,0.0,0.0,0.0,0.0,59.6,-99.7,-99.9,17.8
202509081153,488,181.6,0.3,58.8,3.1,106.9,0.8,26.3,0.0,0.0,0.0,0.0,0.0,76.4,500.0,-99.9,21.8
202509081153,489,176.0,0.0,157.9,0.0,143.2,0.2,25.9,-99.2,0.0,0.0,0.0,0.0,67.4,-99.7,-99.9,19.4
202509081153,491,13.0,1.9,344.5,2.6,8.8,0.7,26.1,0.0,0.0,0.0,0.0,0.0,73.7,500.0,-99.9,21.0
202509081153,492,188.7,1.2,234.1,3.2,210.0,1.4,26.6,0.0,0.0,0.0,0.0,0.0,62.3,500.0,-99.9,18.8
202509081153,493,16.7,1.6,11.5,2.1,19.5,0.6,26.4,0.0,0.0,0.0,0.0,0.0,63.9,1007.4,1011.4,19.0
202509081153,494,342.9,1.1,336.6,1.3,324.4,0.8,23.4,0.0,0.0,0.0,0.0,0.0,86.6,999.8,1012.0,21.0
202509081153,495,140.1,2.0,129.4,3.1,94.9,1.6,25.8,0.0,0.0,0.0,0.0,0.0,76.5,-99.7,-99.9,21.4
202509081153,496,280.5,1.0,267.2,1.4,284.4,0.8,24.1,0.0,0.0,0.0,0.0,0.0,85.0,-99.7,-99.9,21.4
202509081153,497,4.2,0.1,313.2,0.1,70.3,0.4,26.4,0.0,0.0,0.0,0.0,0.0,46.8,937.4,1009.5,14.1
202509081153,498,168.0,1.7,187.0,2.2,179.6,1.0,21.0,0.0,0.0,0.0,0.0,0.0,65.4,900.3,1011.2,14.3
202509081153,499,206.5,1.5,212.0,2.4,227.1,1.5,25.1,0.0,-99.9,-99.9,-99.9,-99.2,68.6,1006.1,1012.2,18.9
202509081153,500,105.6,1.6,108.7,1.8,118.9,1.2,27.5,0.0,0.0,0.0,0.0,0.0,52.9,1006.2,1011.6,17.1
202509081153,501,112.0,0.6,180.0,1.1,155.4,1.1,26.8,0.0,0.0,0.0,0.0,0.0,61.5,1011.2,1012.1,18.8
202509081153,502,343.8,1.5,121.8,1.9,11.5,1.5,26.1,0.0,0.0,0.0,0.0,0.0,74.1,1010.4,1012.0,21.1
202509081153,503,66.0,0.7,52.0,1.3,62.2,1.0,26.0,0.0,-99.9,-99.9,-99.9,-99.2,64.3,1010.2,1012.3,18.7
202509081153,504,92.3,1.0,123.0,1.3,128.0,1.2,26.7,0.0,0.0,0.0,0.0,0.0,54.5,999.8,1011.7,16.8
202509081153,505,261.5,1.2,247.3,1.8,220.0,1.3,25.0,0.0,0.0,0.0,0.0,0.0,72.9,993.2,1012.6,19.8
202509081153,506,104.9,0.9,129.1,1.1,122.2,1.1,27.1,0.0,0.0,0.0,0.0,0.0,58.1,1010.6,1012.1,18.2
202509081153,507,263.7,1.2,239.6,2.0,246.0,0.7,27.1,0.0,0.0,0.0,0.0,0.0,56.8,1003.4,1012.0,17.8
202509081153,508,254.7,2.7,257.6,3.2,262.4,2.6,25.6,0.0,0.0,0.0,0.0,0.0,74.2,995.3,1011.3,20.7
202509081153,509,333.9,0.8,335.5,1.3,326.7,1.1,25.3,0.0,0.0,0.0,0.0,0.0,62.1,994.5,1010.6,17.5
202509081153,510,89.9,1.7,61.8,2.1,174.7,1.1,28.2,0.0,0.0,0.0,0.0,0.0,53.0,1008.8,1011.7,17.7
202509081153,511,47.8,1.5,21.8,2.4,351.1,1.6,27.6,0.0,0.0,0.0,-99.9,0.0,54.8,1010.8,1011.6,17.7
202509081153,512,283.3,1.7,282.5,2.8,229.8,1.2,27.2,0.0,0.0,0.0,0.0,0.0,59.4,1010.8,1011.7,18.6
202509081153,513,0.0,0.0,20.1,0.0,52.1,0.0,26.3,0.0,0.0,0.0,0.0,0.0,62.6,1008.4,1011.8,18.6
202509081153,514,184.0,2.4,177.0,2.8,144.6,2.1,26.9,0.0,0.0,0.0,0.0,0.0,67.3,1010.6,1011.7,20.3
202509081153,515,120.5,1.6,132.2,2.0,127.6,0.9,25.5,0.0,-99.9,-99.9,-99.9,-99.2,75.2,-99.7,-99.9,20.8
202509081153,516,122.0,1.4,153.0,1.9,114.4,1.3,26.0,0.0,0.0,0.0,0.0,0.0,66.1,1008.9,1011.6,19.2
202509081153,517,100.2,2.7,100.0,2.9,95.9,2.7,28.0,0.0,0.0,0.0,0.0,0.0,50.6,1008.8,1009.5,16.8
202509081153,518,26.0,0.3,113.0,0.6,325.7,0.6,23.6,0.0,0.0,0.0,0.0,0.0,71.4,958.5,1010.9,18.1
202509081153,519,160.5,0.1,118.5,0.5,218.6,1.1,24.7,0.0,0.0,0.0,0.0,0.0,64.5,977.6,1011.2,17.6
202509081153,520,159.0,0.8,201.0,1.4,143.9,1.0,27.5,0.0,0.0,0.0,0.0,0.0,63.5,994.9,1010.2,20.0
202509081153,522,219.3,0.7,220.3,1.1,205.2,1.0,25.0,0.0,0.0,0.0,0.0,0.0,66.4,988.6,1011.0,18.3
202509081153,523,118.8,2.7,118.2,3.2,111.9,2.5,27.8,0.0,0.0,0.0,0.0,0.0,55.3,1008.5,1009.5,18.0
202509081153,524,85.7,2.6,73.7,3.1,76.6,2.8,28.9,0.0,0.0,0.0,0.0,0.0,50.3,1008.8,1009.3,17.5
202509081153,525,329.2,0.7,303.8,1.6,12.4,1.2,23.8,0.0,0.0,0.0,0.0,0.0,46.9,-99.7,-99.9,11.8
202509081153,526,105.9,0.3,152.4,0.8,120.7,0.8,24.2,0.0,0.0,0.0,0.0,0.0,69.6,976.0,1010.2,18.3
202509081153,527,235.4,1.9,239.2,2.2,283.8,1.4,25.3,0.0,0.0,0.0,0.0,0.0,53.9,965.9,1009.7,15.3
202509081153,529,78.5,2.1,96.1,3.1,77.8,1.4,29.2,0.0,0.0,0.0,0.0,0.0,48.6,1006.3,1010.4,17.3
202509081153,530,201.6,1.2,207.5,1.7,253.6,1.4,25.2,0.0,0.0,0.0,0.0,0.0,79.5,-99.7,-99.9,21.4
202509081153,531,277.0,1.1,349.0,1.9,239.0,1.4,24.9,0.0,0.0,0.0,0.0,0.0,73.8,999.2,1011.7,19.9
202509081153,532,344.0,0.7,63.0,1.0,226.1,1.0,26.8,0.0,0.0,0.0,0.0,0.0,62.0,1001.8,1011.9,18.9
202509081153,533,94.2,0.3,129.4,0.6,46.0,0.5,26.9,0.0,0.0,0.0,-99.9,0.0,63.0,-99.7,-99.9,19.3
202509081153,534,103.0,1.4,127.0,2.0,99.0,1.5,24.9,0.0,0.0,0.0,0.0,0.0,77.3,1002.0,1012.1,20.7
202509081153,535,288.0,1.3,313.0,1.8,338.3,1.5,24.9,0.0,0.0,0.0,0.0,0.0,65.8,975.7,1010.9,18.1
202509081153,536,129.0,2.4,130.4,2.9,112.4,1.6,26.8,0.0,0.0,0.0,0.0,0.0,58.2,998.0,1010.9,17.9
202509081153,537,160.0,1.9,204.0,2.4,127.4,1.3,27.2,0.0,0.0,0.0,0.0,0.0,51.9,956.1,1009.8,16.5
202509081153,538,278.0,0.4,78.0,0.8,271.7,1.0,25.9,0.0,0.0,0.0,0.0,0.0,65.0,1002.8,1012.3,18.8
202509081153,539,169.1,1.4,182.8,1.7,207.3,1.4,25.8,0.0,0.0,0.0,0.0,0.0,55.9,995.3,1011.7,16.3
202509081153,540,293.9,2.2,291.1,3.2,301.6,0.8,27.5,0.0,0.0,0.0,-99.9,0.0,59.6,1005.3,1010.4,18.9
202509081153,541,244.0,1.4,261.0,1.6,177.7,1.1,26.3,0.0,0.0,0.0,0.0,0.0,63.5,1008.9,1011.8,18.8
202509081153,542,22.0,0.7,61.0,1.2,33.8,1.5,25.8,0.0,0.0,0.0,0.0,0.0,72.9,1007.3,1012.1,20.6
202509081153,543,153.9,1.7,166.8,2.3,159.8,1.7,26.5,0.0,0.0,0.0,0.0,0.0,62.9,1008.5,1011.4,18.9
202509081153,544,164.5,2.3,173.2,2.7,145.9,2.0,25.9,0.0,0.0,0.0,0.0,0.0,69.6,1010.0,1011.3,19.9
202509081153,545,263.0,0.0,307.0,0.0,189.4,0.3,26.6,0.0,0.0,0.0,0.0,0.0,67.4,1011.3,1012.0,20.1
202509081153,546,65.7,1.2,78.2,1.4,43.6,1.2,23.2,0.0,0.0,0.0,0.0,0.0,80.7,997.0,1011.0,19.7
202509081153,547,132.0,1.7,151.0,2.7,158.7,1.3,27.6,0.0,0.0,0.0,0.0,0.0,62.5,999.0,1011.3,19.8
202509081153,548,0.0,0.0,31.0,0.0,322.0,0.1,25.3,0.0,0.0,0.0,0.0,0.0,74.2,998.4,-99.9,20.4
202509081153,549,12.0,1.3,54.0,2.5,350.2,1.3,26.9,0.0,0.0,0.0,0.0,0.0,71.7,1002.3,1011.7,21.4
202509081153,550,288.1,0.6,262.7,0.9,199.3,0.6,26.1,0.0,0.0,0.0,0.0,0.0,71.1,1006.3,1010.3,20.5
202509081153,551,87.4,1.2,78.8,1.7,80.7,0.8,25.1,0.0,0.0,0.0,0.0,0.0,78.1,-99.7,-99.9,21.0
202509081153,552,80.8,0.5,92.1,1.1,107.8,1.1,24.4,0.0,0.0,0.0,-99.9,0.0,64.2,985.0,1011.0,17.2
202509081153,553,73.9,1.1,69.6,1.4,68.6,1.5,27.9,0.0,0.0,0.0,0.0,0.0,56.7,1007.9,1008.9,18.5
202509081153,554,261.0,4.2,266.0,4.7,261.1,3.8,22.8,0.0,0.0,0.0,0.0,0.0,66.0,925.4,1010.1,16.1
202509081153,555,302.0,0.9,308.0,1.0,316.4,0.9,24.5,0.0,0.0,0.0,-99.9,0.0,67.5,999.7,1012.2,18.1
202509081153,556,153.0,0.8,192.8,1.3,129.3,1.1,24.1,0.0,0.0,0.0,0.0,0.0,70.9,989.3,1010.6,18.5
202509081153,557,295.6,0.7,303.8,0.8,265.9,0.5,24.8,0.0,0.0,0.0,0.0,0.0,57.3,977.7,1010.6,15.8
202509081153,558,228.6,1.7,222.3,2.3,170.3,0.8,24.9,0.0,0.0,0.0,0.0,0.0,69.3,1000.5,1011.3,18.9
202509081153,559,142.4,0.8,131.7,1.1,146.4,0.7,24.1,0.0,0.0,0.0,0.0,0.0,56.2,946.0,1009.6,14.8
202509081153,560,90.3,0.9,137.9,1.7,113.2,1.3,24.4,0.0,0.0,0.0,0.0,0.0,54.3,949.5,1009.4,14.6
202509081153,561,106.5,1.2,96.1,1.6,126.0,1.8,25.4,0.0,0.0,0.0,0.0,0.0,68.9,985.0,1010.0,19.3
202509081153,563,230.9,1.2,211.1,1.9,220.6,1.0,26.3,0.0,0.0,0.0,0.0,0.0,56.6,970.6,1011.1,17.0
202509081153,565,177.4,0.6,165.9,0.8,120.1,1.2,26.9,0.0,0.0,0.0,0.0,0.0,65.6,1011.3,1012.0,19.9
202509081153,566,103.0,1.8,117.0,2.7,103.9,1.8,29.6,0.0,0.0,0.0,0.0,0.0,38.5,1009.6,1010.3,14.0
202509081153,567,328.2,0.5,338.2,1.2,308.4,1.0,26.5,0.0,0.0,0.0,-99.9,0.0,71.0,1003.9,1012.0,20.8
202509081153,568,213.8,1.1,238.8,2.3,213.5,0.7,27.3,0.0,0.0,0.0,0.0,0.0,55.1,995.0,1011.0,17.5
202509081153,569,25.4,1.1,43.2,2.1,47.6,1.2,25.4,0.0,0.0,0.0,0.0,0.0,66.0,1007.7,1010.8,18.6
202509081153,570,114.6,2.0,128.3,2.4,185.3,1.1,27.3,0.0,0.0,0.0,0.0,0.0,55.5,1006.9,1010.7,17.6
202509081153,571,150.2,1.8,156.9,2.4,127.9,1.2,26.2,0.0,0.0,0.0,0.0,0.0,65.9,1007.0,1012.2,19.3
202509081153,572,216.5,0.0,188.6,0.0,132.0,0.2,24.8,0.0,0.0,0.0,0.0,0.0,72.2,1009.4,1012.7,19.5
202509081153,573,62.8,1.5,93.4,2.0,62.6,1.3,25.1,0.0,0.0,0.0,0.0,0.0,69.9,998.2,1011.9,19.2
202509081153,574,69.6,1.0,65.6,1.5,266.4,0.9,27.0,0.0,0.0,0.0,0.0,0.0,72.1,1007.3,1011.5,21.5
202509081153,575,22.7,1.3,34.2,1.6,18.6,0.8,26.2,0.0,0.0,0.0,0.0,0.0,78.5,1006.0,1011.8,22.2
202509081153,576,96.3,0.5,107.6,1.1,140.3,1.6,26.1,0.0,0.0,0.0,0.0,0.0,67.8,999.3,1012.0,19.7
202509081153,577,204.8,0.9,171.6,1.9,217.1,1.3,27.1,0.0,0.0,0.0,0.0,0.0,62.3,1011.2,1012.2,19.3
202509081153,578,80.3,1.1,85.1,2.1,87.9,0.6,25.2,0.0,0.0,0.0,0.0,0.0,76.7,1010.2,1011.1,20.8
202509081153,579,353.7,0.7,357.2,1.6,336.8,1.1,27.5,0.0,0.0,0.0,0.0,0.0,48.8,-99.7,-99.9,15.8
202509081153,580,74.1,4.0,70.3,5.7,82.0,3.2,31.9,0.0,0.0,0.0,0.0,0.0,37.4,-99.7,-99.9,15.6
202509081153,581,268.7,1.6,273.0,2.2,250.5,1.9,25.1,0.0,0.0,0.0,0.0,0.0,60.4,964.0,1011.1,16.9
202509081153,582,157.8,1.5,156.5,2.0,172.8,1.8,25.4,0.0,0.0,0.0,0.0,0.0,68.7,974.2,1011.0,19.2
202509081153,583,310.9,1.0,348.7,1.3,58.6,1.1,23.7,0.0,0.0,0.0,0.0,0.0,69.6,951.6,1011.1,17.8
202509081153,585,84.1,0.8,60.0,1.1,39.3,0.5,24.3,0.0,0.0,0.0,0.0,0.0,76.3,984.8,1011.5,19.9
202509081153,586,283.6,1.5,275.7,1.6,277.0,1.3,25.5,0.0,0.0,0.0,-99.9,0.0,66.7,984.7,1010.2,18.9
202509081153,587,130.6,1.4,123.0,1.8,98.5,0.9,24.7,0.0,0.0,0.0,0.0,0.0,72.0,979.9,1011.1,19.3
202509081153,588,306.9,1.0,264.4,1.5,334.3,1.4,24.8,0.0,0.0,0.0,0.0,0.0,68.5,-99.7,-99.9,18.6
202509081153,589,232.3,1.1,270.7,2.0,228.9,1.1,25.8,0.0,0.0,0.0,0.0,0.0,64.8,1004.9,1011.6,18.7
202509081153,590,74.3,0.0,132.3,0.4,40.4,0.1,25.8,0.0,0.0,0.0,0.0,0.0,69.2,1006.7,1012.0,19.7
202509081153,591,49.8,0.6,28.1,1.1,31.9,2.3,25.0,0.0,0.0,0.0,0.0,0.0,66.5,981.0,1011.2,18.3
202509081153,592,326.9,2.2,323.3,2.8,326.2,1.8,25.2,0.0,0.0,0.0,0.0,0.0,72.9,1005.9,1011.9,20.0
202509081153,593,184.7,3.8,183.2,4.6,187.1,4.0,27.0,0.0,0.0,0.0,0.0,0.0,49.7,996.0,1010.5,15.6
202509081153,594,191.6,1.6,199.7,2.8,186.5,1.9,24.4,0.0,0.0,0.0,0.0,0.0,65.0,974.3,1009.8,17.4
202509081153,595,160.0,0.3,171.6,1.4,175.6,0.2,24.5,0.0,0.0,0.0,0.0,0.0,57.8,946.3,1011.2,15.7
202509081153,596,209.1,0.2,185.0,0.8,233.0,1.0,27.5,0.0,0.0,0.0,0.0,0.0,56.5,983.4,1010.3,18.1
202509081153,597,179.4,0.0,174.8,0.3,85.5,0.3,23.1,0.0,-99.9,-99.9,-99.9,-99.2,66.2,948.5,1011.0,16.5
202509081153,598,58.4,1.5,48.3,2.2,50.7,2.0,26.6,0.0,0.0,0.0,0.0,0.0,50.8,1002.2,1012.2,15.6
202509081153,599,111.6,1.1,114.7,1.6,69.6,1.5,27.2,0.0,0.0,0.0,0.0,0.0,57.3,999.8,1011.8,18.0
202509081153,600,321.2,1.3,320.6,1.9,6.6,1.7,25.0,0.0,0.0,0.0,0.0,0.0,67.7,995.5,1010.5,18.6
202509081153,601,36.1,1.7,26.1,2.8,76.9,1.1,25.9,0.0,0.0,0.0,0.0,0.0,63.7,993.3,1009.9,18.5
202509081153,602,284.5,1.6,286.3,2.8,295.9,2.0,23.1,0.0,0.0,0.0,0.0,0.0,84.2,1003.6,1011.4,20.3
202509081153,603,168.8,0.5,174.6,1.1,98.3,0.9,25.3,0.0,0.0,0.0,0.0,0.0,65.9,998.0,1011.7,18.5
202509081153,604,192.0,1.1,214.0,1.5,176.0,0.9,23.4,0.0,0.0,0.0,0.0,0.0,81.2,998.6,1012.1,20.0
202509081153,605,169.0,1.2,181.0,1.3,177.1,0.8,23.4,0.0,0.0,0.0,0.0,0.0,78.5,995.7,1012.1,19.5
202509081153,606,165.5,1.2,159.1,2.1,117.8,2.1,25.7,0.0,0.0,0.0,0.0,0.0,68.7,1008.1,1010.8,19.5
202509081153,607,184.7,0.7,185.6,1.1,178.4,0.8,25.3,0.0,0.0,0.0,0.0,0.0,70.6,1010.6,1011.4,19.6
202509081153,609,79.2,1.2,97.2,1.5,70.7,1.2,24.6,0.0,0.0,0.0,0.0,0.0,75.1,1006.7,1011.2,19.9
202509081153,610,57.0,0.7,177.0,1.2,186.8,0.7,26.2,0.0,0.0,0.0,0.0,0.0,70.3,1009.7,1011.6,20.4
202509081153,611,184.2,0.0,160.0,0.0,114.9,0.8,22.7,0.0,0.0,0.0,0.0,0.0,83.8,1004.8,1010.7,19.8
202509081153,612,324.0,1.6,324.5,2.0,328.4,1.4,23.9,0.0,0.0,0.0,0.0,0.0,80.0,1008.8,1011.6,20.2
202509081153,614,58.6,1.1,50.3,1.7,56.4,1.2,22.7,0.0,0.0,0.0,0.0,0.0,86.7,1010.6,1011.7,20.4
202509081153,615,194.1,0.0,212.2,0.0,72.6,0.5,23.1,0.0,0.0,0.0,0.0,0.0,85.4,1010.3,1011.2,20.5
202509081153,616,81.0,1.0,84.0,1.6,129.1,0.5,26.1,0.0,0.0,0.0,0.0,0.0,75.7,1005.9,1011.9,21.5
202509081153,617,36.1,1.1,45.0,1.5,32.3,1.2,25.7,0.0,0.0,0.0,0.0,0.0,72.9,-99.7,-99.9,20.5
202509081153,618,123.8,0.4,84.6,0.9,187.0,0.5,24.7,0.0,0.0,0.0,0.0,0.0,74.7,-99.7,-99.9,19.9
202509081153,619,67.0,0.7,247.0,1.4,128.3,1.3,25.1,0.0,0.0,0.0,0.0,0.0,69.2,996.4,1011.6,19.1
202509081153,620,219.4,0.9,235.8,1.6,315.5,0.9,26.0,0.0,0.0,0.0,0.0,0.0,71.1,1004.3,1011.8,20.4
202509081153,621,233.2,1.2,242.7,1.8,272.6,1.3,25.6,0.0,0.0,0.0,0.0,0.0,64.1,994.6,1011.3,18.3
202509081153,622,229.6,2.3,227.2,2.7,225.7,1.4,24.7,0.0,0.0,0.0,0.0,0.0,69.6,985.5,1011.3,18.8
202509081153,623,301.2,0.0,315.2,0.0,0.0,0.0,25.1,0.0,0.0,0.0,0.0,0.0,64.8,1002.9,1011.4,18.0
202509081153,624,340.3,0.8,324.6,1.0,323.6,0.8,24.3,0.0,0.0,0.0,0.0,0.0,69.2,986.1,1011.5,18.3
202509081153,625,210.3,1.2,194.1,2.3,225.3,1.6,23.1,0.0,0.0,0.0,0.0,0.0,77.0,-99.7,-99.9,18.9
202509081153,626,0.0,0.0,265.6,0.0,247.8,0.8,23.6,0.0,0.0,0.0,0.0,0.0,83.8,998.2,1012.0,20.7
202509081153,627,168.2,0.2,152.0,0.3,170.2,0.1,25.5,0.0,0.0,0.0,0.0,0.0,77.6,1009.4,1011.1,21.3
202509081153,628,86.7,2.1,104.0,2.6,84.2,2.0,26.5,0.0,0.0,0.0,0.0,0.0,69.4,1007.8,1012.2,20.4
202509081153,629,155.7,1.5,172.0,2.0,152.1,1.4,25.3,0.0,0.0,0.0,0.0,0.0,70.5,1002.3,1011.9,19.6
202509081153,630,207.2,1.1,194.1,1.8,153.7,2.0,24.8,0.0,0.0,0.0,0.0,0.0,72.2,999.2,1011.6,19.5
202509081153,631,171.4,1.0,164.0,1.6,166.7,1.4,26.6,0.0,0.0,0.0,0.0,0.0,68.6,1010.4,1011.5,20.4
202509081153,632,200.0,1.0,207.4,1.6,200.4,1.9,24.9,0.0,0.0,0.0,0.0,0.0,81.2,1005.6,1012.2,21.5
202509081153,633,200.1,1.2,197.5,1.7,105.0,0.7,24.5,0.0,0.0,0.0,0.0,0.0,79.3,1003.8,1012.5,20.7
202509081153,634,198.0,1.1,190.3,1.7,194.8,1.2,25.5,0.0,0.0,0.0,0.0,0.0,77.5,1008.5,1011.9,21.3
202509081153,635,2.3,0.7,18.1,1.0,49.5,0.4,23.0,0.0,0.0,0.0,0.0,0.0,88.4,1010.8,1012.0,21.0
202509081153,636,147.8,0.9,157.1,1.3,148.8,1.6,22.6,0.0,0.0,0.0,0.0,0.0,92.1,996.4,1011.5,21.3
202509081153,637,149.8,0.3,168.8,1.1,115.4,1.1,24.9,0.0,0.0,0.0,0.0,0.0,80.2,1011.1,1012.1,21.3
202509081153,638,198.9,1.4,187.8,1.9,240.8,1.5,26.0,0.0,0.0,0.0,0.0,0.0,62.8,981.8,1009.1,18.4
202509081153,639,249.2,1.4,245.2,1.8,294.8,1.3,25.0,0.0,0.0,0.0,0.0,0.0,57.3,978.9,1010.7,16.0
202509081153,640,272.2,0.8,319.1,1.5,275.6,2.4,24.6,0.0,0.0,0.0,0.0,0.0,69.8,985.9,1011.5,18.7
202509081153,641,246.1,0.0,239.8,0.0,212.2,0.6,24.4,0.0,0.0,0.0,0.0,0.0,78.1,1003.0,1012.1,20.3
202509081153,642,165.3,0.9,183.8,1.4,177.5,1.1,22.9,0.0,0.0,0.0,0.0,0.0,87.3,994.9,1011.9,20.7
202509081153,643,62.9,0.7,54.0,0.9,84.3,0.3,23.8,0.0,0.0,0.0,0.0,0.0,82.1,1001.5,1012.0,20.6
202509081153,644,89.5,1.5,82.6,2.1,72.7,0.9,23.0,0.0,0.0,0.0,0.0,0.0,95.9,1008.5,1011.3,22.3
202509081153,645,121.4,1.4,109.2,2.3,116.6,1.6,25.3,0.0,0.0,0.0,0.0,0.0,70.8,1009.7,1011.6,19.6
202509081153,646,0.0,0.0,234.7,0.0,213.5,0.6,24.0,0.0,0.0,0.0,0.0,0.0,77.2,1010.8,1011.7,19.8
202509081153,647,23.1,0.2,22.5,0.6,347.9,0.3,23.7,0.0,-99.9,-99.9,-99.9,-99.2,79.6,-99.7,-99.9,20.0
202509081153,648,155.2,0.6,185.2,0.7,124.4,0.6,24.4,0.0,-99.9,-99.9,-99.9,-99.2,80.1,999.7,1011.1,20.7
202509081153,649,256.9,1.6,245.5,2.5,297.3,0.8,28.4,0.0,-99.9,-99.9,-99.9,-99.2,63.3,1008.7,1011.6,20.8
202509081153,650,311.2,1.9,319.1,2.3,305.7,1.2,25.1,0.0,0.0,0.0,0.5,0.5,75.3,988.5,1009.6,20.4
202509081153,651,293.0,0.9,332.0,1.4,308.5,1.2,24.9,0.0,0.0,0.0,0.5,0.5,64.2,987.5,1012.0,17.7
202509081153,652,35.9,2.2,30.4,2.7,42.8,1.8,26.4,0.0,0.0,0.0,0.0,0.0,62.6,1006.5,1010.9,18.7
202509081153,654,194.8,0.8,160.6,1.3,192.1,0.9,25.9,0.0,0.0,0.0,0.0,0.0,76.7,1010.7,1011.9,21.5
202509081153,655,248.0,2.7,247.4,2.9,251.5,2.7,25.0,0.0,0.0,0.0,0.0,0.0,68.2,1002.3,1011.8,18.7
202509081153,656,50.0,0.6,20.9,1.6,64.0,1.0,25.9,0.0,0.0,0.0,0.0,0.0,67.3,1006.2,1011.8,19.4
202509081153,657,122.9,0.0,121.8,0.0,171.6,0.2,24.8,0.0,0.0,0.0,-99.9,0.0,73.8,1008.3,1011.9,19.8
202509081153,658,244.4,0.8,255.9,1.1,259.7,0.7,25.0,0.0,0.0,0.0,0.0,0.0,76.4,1010.3,1011.4,20.6
202509081153,659,45.7,2.8,46.9,2.9,58.0,3.2,18.4,0.0,0.0,0.0,0.0,0.0,-99.2,919.5,1012.1,-99.9
202509081153,660,103.6,1.2,88.6,1.8,141.4,0.8,24.7,0.0,0.0,0.0,0.0,0.0,47.8,951.7,1010.8,12.9
202509081153,661,81.3,2.6,95.0,2.8,76.7,2.5,26.9,0.0,0.0,0.0,0.0,0.0,58.5,1009.6,1010.2,18.1
202509081153,662,-99.9,-99.9,-99.9,-99.9,-99.9,-99.9,-99.9,-99.9,-99.9,-99.9,-99.9,-99.9,-99.9,-99.9,-99.9,-99.9
202509081153,663,101.3,0.6,93.3,0.6,113.8,0.6,26.1,0.0,0.0,0.0,-99.9,0.0,64.3,1004.9,1012.0,18.8
202509081153,664,143.7,1.7,143.1,2.7,142.5,1.9,26.9,0.0,0.0,0.0,0.0,0.0,77.3,1010.3,1012.3,22.6
202509081153,665,95.7,0.1,76.2,1.5,95.7,0.0,26.6,0.0,0.0,0.0,0.0,0.0,74.9,1007.6,1010.8,21.8
202509081153,666,129.3,0.5,137.3,0.8,153.7,1.0,26.0,0.0,0.0,0.0,0.0,0.0,82.3,1007.4,1011.1,22.8
202509081153,667,0.0,0.0,0.0,0.0,100.1,0.3,26.1,0.0,0.0,0.0,0.0,0.0,75.3,-99.7,-99.9,21.4
202509081153,669,116.5,1.8,107.1,2.2,117.4,2.1,24.2,0.0,0.0,0.0,0.0,0.0,70.8,1008.9,1011.0,18.6
202509081153,670,259.4,0.7,273.3,2.2,178.0,1.5,29.5,0.0,0.0,0.0,0.0,0.0,35.8,1008.6,1009.4,12.8
202509081153,671,75.5,1.3,70.8,1.6,63.5,1.5,27.9,0.0,0.0,0.0,0.0,0.0,56.4,-99.7,-99.9,18.4
202509081153,672,145.3,1.2,146.2,1.4,139.9,0.6,24.3,0.0,0.0,0.0,0.0,0.0,77.4,1011.0,1012.2,20.1
202509081153,673,256.2,1.3,313.6,2.0,251.9,0.9,29.3,0.0,0.0,0.0,0.0,0.0,58.1,1008.6,1010.9,20.2
202509081153,674,302.6,1.0,309.8,1.5,276.7,0.6,23.4,0.0,0.0,0.0,0.0,0.0,47.5,920.1,1009.9,11.6
202509081153,675,143.5,0.9,129.1,1.3,157.9,1.3,24.9,0.0,0.0,0.0,0.0,0.0,75.9,1004.3,1010.3,20.4
202509081153,676,123.4,1.0,157.5,1.6,326.5,0.9,24.0,0.0,0.0,0.0,0.0,0.0,75.5,996.5,1012.9,19.4
202509081153,677,146.5,2.6,146.8,3.7,140.2,2.1,31.4,0.0,0.0,0.0,0.0,0.0,24.8,996.8,1010.1,8.9
202509081153,678,71.4,0.3,89.4,1.3,72.9,0.7,28.0,0.0,0.0,0.0,0.0,0.0,26.9,959.3,1009.5,7.2
202509081153,679,131.0,0.1,138.2,1.1,243.6,0.2,25.7,0.0,0.0,0.0,0.0,0.0,60.1,934.4,1009.4,17.4
202509081153,680,178.7,2.0,184.9,2.5,164.1,1.6,25.8,0.0,0.0,0.0,0.0,0.0,70.9,985.4,1011.4,20.1
202509081153,681,60.6,1.7,48.1,2.2,47.0,1.5,24.6,0.0,0.0,0.0,0.0,0.0,62.2,989.6,1012.4,16.9
202509081153,682,351.1,1.6,341.1,2.3,356.7,1.3,21.3,0.0,0.0,0.0,0.0,0.0,58.6,895.1,1010.1,12.9
202509081153,687,322.2,0.7,315.0,0.8,337.2,0.5,26.0,0.0,0.0,0.0,0.0,0.0,71.4,1004.6,1011.7,20.4
202509081153,688,312.0,0.9,332.0,1.3,314.0,0.9,25.2,0.0,0.0,0.0,0.0,0.0,68.5,1008.6,1012.2,19.0
202509081153,689,271.1,2.1,271.5,2.3,249.7,1.2,24.9,1.0,0.0,0.0,0.0,0.0,74.6,1003.7,1012.1,20.1
202509081153,690,110.2,1.5,99.2,1.8,93.1,1.2,24.5,0.0,0.0,0.0,0.0,0.0,78.1,999.8,1011.0,20.4
202509081153,691,19.0,2.1,26.0,2.7,36.1,1.9,24.3,0.0,0.0,0.0,0.0,0.0,81.8,1009.3,1012.0,21.0
202509081153,692,225.6,1.2,227.0,1.6,202.6,1.3,26.0,0.0,0.0,0.0,0.0,0.0,71.8,1007.5,1011.3,20.5
202509081153,694,-99.2,1.5,-99.2,1.8,-99.9,2.2,20.6,0.0,0.0,0.0,-99.9,0.0,-99.2,935.8,1011.3,-99.9
202509081153,695,286.8,1.6,314.0,2.3,281.4,2.0,23.2,0.0,0.0,0.0,0.0,0.0,59.6,-99.7,-99.9,14.9
202509081153,696,255.1,0.9,242.8,1.5,237.1,0.9,31.5,0.0,0.0,0.0,0.0,0.0,27.5,1000.7,1009.9,10.5
202509081153,697,18.0,0.0,50.0,0.1,2.3,0.1,24.5,0.0,0.0,1.0,5.0,5.0,98.0,1011.4,1012.1,24.2
202509081153,698,90.0,2.6,98.0,2.9,66.8,1.7,22.8,1.0,0.5,2.5,2.5,2.5,92.2,1009.4,1012.3,21.5
202509081153,699,24.0,0.9,26.0,1.1,3.6,0.5,23.2,1.0,0.5,1.0,1.0,1.0,91.2,1008.1,1012.5,21.7
202509081153,700,22.8,0.2,285.6,1.2,40.0,0.7,24.9,0.0,0.0,0.0,0.0,0.0,78.8,1005.0,1011.7,21.0
202509081153,701,47.4,0.9,58.1,1.6,57.1,0.8,23.1,0.0,0.0,0.0,0.0,0.0,69.9,986.5,1010.6,17.3
202509081153,702,77.8,2.0,69.4,2.0,73.2,1.5,23.5,0.0,0.0,0.0,0.0,0.0,85.8,1009.8,1011.1,21.0
202509081153,703,71.6,1.2,90.0,1.3,81.7,1.2,22.3,0.0,0.0,0.0,0.0,0.0,78.5,-99.7,-99.9,18.4
202509081153,704,145.0,1.1,144.6,1.2,138.0,0.9,24.2,0.0,0.0,0.0,0.0,0.0,76.1,1010.4,1010.6,19.7
202509081153,706,306.5,2.1,307.9,2.5,311.8,1.6,24.8,0.0,0.0,0.0,0.0,0.0,71.8,1005.8,1010.9,19.4
202509081153,707,88.0,1.6,96.0,2.1,71.3,1.0,22.9,1.0,0.5,2.5,2.5,2.5,96.6,1008.6,1012.6,22.3
202509081153,708,276.1,2.4,268.4,2.8,261.9,2.5,23.6,1.0,0.5,0.5,0.5,0.5,80.5,1008.0,1011.4,20.1
202509081153,709,0.0,0.0,315.2,0.0,-99.9,-99.9,26.6,0.0,0.0,0.0,0.0,0.0,74.0,1008.7,1011.8,21.6
202509081153,710,332.1,1.5,334.8,1.8,339.2,1.2,23.6,1.0,0.5,0.5,0.5,0.5,86.8,1012.3,1013.2,21.3
202509081153,711,297.4,1.0,307.4,1.3,337.6,1.0,26.4,0.0,0.0,0.0,0.0,0.0,69.8,-99.7,-99.9,20.4
202509081153,712,282.1,1.9,284.1,2.3,281.9,1.6,29.5,0.0,0.0,0.0,0.0,0.0,45.5,-99.7,-99.9,16.5
202509081153,713,269.0,1.0,264.4,1.4,251.1,0.9,29.1,0.0,0.0,0.0,0.0,0.0,63.7,-99.7,-99.9,21.5
202509081153,714,54.4,0.4,56.6,0.6,30.7,0.7,22.0,1.0,1.5,7.5,8.0,8.0,-99.7,1012.0,1012.2,-99.9
202509081153,716,306.1,2.1,316.5,2.6,348.3,1.9,23.0,1.0,0.5,3.5,4.5,4.5,85.1,1012.0,1012.3,20.4
202509081153,717,27.2,0.7,58.0,1.1,25.9,1.1,24.4,1.0,0.0,4.0,4.5,4.5,99.2,1009.5,1010.8,24.3
202509081153,718,347.0,1.2,2.0,1.6,3.8,1.6,24.1,0.0,0.0,2.0,4.5,4.5,97.8,1011.0,1011.7,23.7
202509081153,719,76.0,2.8,82.7,4.2,63.4,1.4,23.6,0.0,0.0,0.0,0.0,0.0,78.6,1009.6,1010.9,19.7
202509081153,720,0.0,0.0,0.0,0.0,78.8,0.4,26.2,1.0,0.0,0.0,0.0,0.0,89.0,1009.3,1012.4,24.2
202509081153,721,183.9,2.0,183.0,2.4,185.2,1.8,24.3,0.0,0.0,0.0,0.0,0.0,91.7,1011.1,1011.6,22.9
202509081153,722,198.2,1.5,188.8,2.0,148.7,1.4,25.1,0.0,0.0,0.0,-99.9,0.0,72.0,999.9,1012.5,19.7
202509081153,723,330.0,0.5,331.3,0.8,353.0,0.7,28.2,0.0,0.0,0.0,0.0,0.0,76.4,1009.5,1010.3,23.7
202509081153,724,69.5,0.1,53.9,0.3,64.2,1.4,24.2,0.0,0.0,0.0,0.0,0.0,94.7,1009.1,1010.0,23.3
202509081153,725,41.0,0.6,35.9,0.9,97.0,0.9,29.2,0.0,0.0,0.0,0.0,0.0,86.5,1009.5,1010.5,26.7
202509081153,726,294.0,2.2,289.7,2.5,291.1,2.1,29.8,0.0,0.0,0.0,1.0,1.0,83.8,1008.7,1010.0,26.8
202509081153,727,194.7,0.9,201.0,1.4,173.8,1.0,27.2,0.0,0.0,0.0,0.0,0.0,91.8,-99.7,-99.9,25.8
202509081153,730,175.0,1.7,187.0,2.1,189.1,1.3,24.5,0.0,0.0,0.0,0.0,0.0,75.0,1007.4,1012.4,19.8
202509081153,731,1.0,1.3,332.0,2.1,286.2,1.3,25.2,1.0,0.0,0.0,0.0,0.0,89.2,1012.0,1012.5,23.3
202509081153,732,284.8,0.9,327.9,1.4,274.2,1.0,27.6,0.0,0.0,0.0,0.0,0.0,68.1,994.6,1011.0,21.2
202509081153,733,103.7,0.0,104.3,0.1,132.2,0.1,22.4,0.0,0.0,0.0,0.0,0.0,92.1,-99.7,-99.9,21.1
202509081153,734,160.7,0.1,168.8,0.4,160.7,0.0,23.5,0.0,0.0,0.0,-99.9,0.0,81.8,1004.9,1012.3,20.2
202509081153,735,0.0,0.0,0.0,0.0,168.0,0.3,19.5,0.0,0.0,0.0,0.0,0.0,61.6,938.2,1012.3,11.9
202509081153,736,51.1,1.1,43.6,1.5,70.3,1.3,23.1,0.0,0.0,0.0,0.0,0.0,93.7,1011.4,1011.6,22.0
202509081153,737,116.6,1.4,101.3,2.2,125.5,1.7,23.2,0.0,0.0,0.0,0.0,0.0,87.1,-99.7,-99.9,20.9
202509081153,738,66.1,1.2,81.9,1.6,68.6,1.5,23.9,0.0,0.0,0.0,0.0,0.0,84.1,1009.9,1011.7,21.1
202509081153,739,168.8,0.8,164.9,1.1,347.2,0.5,24.9,0.0,0.0,0.0,0.0,0.0,73.2,1010.8,1012.2,19.8
202509081153,741,214.9,0.6,264.6,1.0,262.5,0.6,26.4,0.0,0.0,0.0,0.0,0.0,73.6,1002.0,1012.8,21.3
202509081153,742,306.3,1.4,290.5,2.1,28.5,1.6,23.9,1.0,0.5,1.0,1.0,1.0,82.8,1009.7,1011.1,20.8
202509081153,743,263.3,0.5,262.0,0.8,311.0,0.5,21.5,1.0,1.5,6.0,6.5,6.5,95.0,-99.7,-99.9,20.7
202509081153,744,264.0,1.6,282.0,2.1,267.3,1.6,23.5,1.0,1.0,4.0,4.0,4.0,91.7,1011.8,1012.4,22.1
202509081153,745,310.8,2.6,303.8,3.2,6.5,2.4,25.5,1.0,0.5,0.5,0.5,0.5,84.8,1006.2,1011.8,22.8
202509081153,746,344.2,2.0,337.5,3.2,340.1,1.6,25.0,1.0,0.0,0.5,0.5,0.5,96.6,-99.7,-99.9,24.4
202509081153,747,0.0,0.1,186.1,0.3,194.7,0.1,25.7,0.0,0.0,0.0,0.0,0.0,96.6,1008.5,1011.3,25.1
202509081153,748,317.8,1.6,329.2,2.1,324.8,1.6,28.7,0.0,0.0,0.0,0.0,0.0,64.8,1011.5,1011.7,21.4
202509081153,749,263.4,0.5,339.7,0.9,298.9,0.9,27.5,0.0,0.0,0.0,0.0,0.0,70.9,1007.1,1009.9,21.8
202509081153,750,322.3,0.5,308.5,0.8,346.7,0.5,28.0,0.0,0.0,0.0,0.0,0.0,74.7,1008.8,1011.4,23.1
202509081153,751,327.2,0.7,329.1,0.9,305.9,0.6,24.8,1.0,4.5,23.5,23.5,23.5,95.4,-99.7,-99.9,24.0
202509081153,752,256.9,1.3,262.8,2.8,259.0,1.5,28.3,0.0,0.0,0.0,11.0,11.0,80.6,-99.7,-99.9,24.6
202509081153,753,231.3,2.3,265.2,3.8,242.9,2.7,24.2,0.0,0.0,0.0,6.0,6.0,83.3,-99.7,-99.9,21.2
202509081153,754,0.0,0.0,0.0,0.0,2.9,0.0,23.7,1.0,0.5,0.5,0.5,0.5,81.9,1010.8,1012.0,20.4
202509081153,755,203.0,0.6,210.0,0.7,206.8,0.5,24.2,0.0,0.0,0.0,0.0,0.0,89.2,990.0,1011.3,22.3
202509081153,756,0.0,0.0,0.0,0.0,91.2,0.3,25.0,0.0,0.0,0.0,0.0,0.0,73.2,1011.3,1011.8,19.9
202509081153,757,202.8,0.6,203.9,0.9,189.6,0.7,22.1,0.0,0.0,0.0,0.0,0.0,77.4,981.5,1012.2,18.0
202509081153,758,124.0,0.1,170.2,0.3,60.3,0.6,22.8,0.0,0.0,0.0,0.0,0.0,67.8,974.8,1011.1,16.5
202509081153,759,303.7,0.4,291.6,0.6,295.3,0.2,23.2,0.0,0.0,0.0,0.0,0.0,84.9,956.3,1009.8,20.5
202509081153,760,157.7,2.6,151.4,2.8,82.9,0.9,22.8,0.0,0.0,0.0,0.0,0.0,75.9,979.3,1011.3,18.3
202509081153,761,306.4,0.7,314.5,1.3,327.8,0.8,24.1,0.0,0.0,0.0,0.0,0.0,81.0,1010.1,1011.8,20.6
202509081153,762,132.4,0.3,139.9,0.7,132.0,0.7,24.2,0.0,0.0,0.0,0.0,0.0,80.5,994.1,1010.8,20.6
202509081153,763,348.2,0.0,357.5,0.1,267.2,0.2,22.6,0.0,0.0,0.0,0.0,0.0,91.8,1007.6,1012.0,21.2
202509081153,764,136.9,0.7,128.0,1.3,138.4,1.1,23.5,0.0,0.0,0.0,0.0,0.0,74.4,987.7,1011.8,18.7
202509081153,765,0.0,0.0,140.6,0.0,94.9,0.1,27.1,0.0,0.0,0.0,0.0,0.0,68.1,1000.3,1012.7,20.7
202509081153,766,350.9,0.6,322.9,1.6,343.3,1.0,30.2,0.0,0.0,0.0,-99.9,0.0,51.2,1002.2,1011.0,19.0
202509081153,767,326.7,0.5,318.0,0.8,328.0,0.8,29.7,0.0,0.0,0.0,0.0,0.0,77.0,1011.5,1011.9,25.2
202509081153,768,261.3,0.1,251.4,0.3,261.3,0.0,25.2,0.0,0.0,0.0,0.0,0.0,88.6,1000.7,1012.2,23.2
202509081153,769,147.4,1.7,152.3,1.9,135.6,0.9,22.7,1.0,0.5,0.5,0.5,0.5,93.1,1012.2,1012.8,21.5
202509081153,770,323.3,2.0,296.7,2.3,336.5,0.9,26.2,0.0,0.0,0.0,0.0,0.0,81.3,1000.6,1011.8,22.7
202509081153,771,26.5,0.8,34.6,1.4,52.8,1.4,23.5,1.0,1.0,3.0,3.0,3.0,93.7,1012.1,1012.5,22.4
202509081153,772,60.6,1.9,45.0,2.1,46.2,2.1,23.5,1.0,0.5,4.5,5.5,5.5,90.3,1012.2,1012.4,21.8
202509081153,773,294.9,2.4,304.8,3.6,318.9,3.0,24.6,1.0,2.0,2.0,2.0,2.0,99.7,1004.0,1012.3,24.5
202509081153,774,71.0,1.7,82.2,2.9,85.7,1.5,23.5,1.0,0.5,1.0,1.0,1.0,88.8,1010.8,1012.1,21.5
202509081153,775,323.0,0.9,325.7,1.2,1.0,0.8,23.8,0.0,0.0,0.0,0.0,0.0,73.0,1008.0,1012.5,18.7
202509081153,776,323.2,2.8,329.7,2.9,311.2,2.3,24.6,0.0,0.0,3.0,3.0,3.0,95.0,1009.2,1011.2,23.7
202509081153,777,353.1,1.2,344.1,1.5,358.5,1.0,27.3,0.0,0.0,0.0,0.0,0.0,85.4,1007.2,1011.4,24.6
202509081153,778,149.9,0.3,142.7,0.5,150.2,0.2,24.8,1.0,0.0,0.0,0.0,0.0,88.7,1001.2,1012.2,22.8
202509081153,779,31.3,1.7,22.1,2.3,38.6,1.5,29.6,0.0,0.0,0.0,1.0,1.0,81.1,-99.7,-99.9,26.0
202509081153,780,230.4,2.0,210.3,3.1,222.1,1.6,30.8,0.0,0.5,0.5,5.5,5.5,77.1,-99.7,-99.9,26.3
202509081153,781,358.0,1.8,1.1,2.8,10.9,2.2,29.1,1.0,0.0,0.0,0.5,0.5,85.5,-99.7,-99.9,26.4
202509081153,782,352.5,3.5,212.1,4.7,31.3,1.5,24.6,0.0,0.0,0.0,1.0,1.0,86.7,-99.7,-99.9,22.2
202509081153,783,239.3,0.6,232.5,0.9,268.4,0.2,24.9,0.0,0.0,0.0,-99.9,0.0,67.8,1008.1,1011.6,18.5
202509081153,784,20.8,2.9,29.9,3.3,346.6,2.1,24.6,1.0,0.0,0.0,0.0,0.0,88.0,1010.2,1012.7,22.5
202509081153,785,6.3,0.6,62.7,1.1,16.5,0.6,25.3,1.0,0.0,0.0,0.0,0.0,91.0,1009.9,1011.4,23.7
202509081153,786,252.1,3.1,249.8,3.6,235.7,3.3,29.5,0.0,0.0,0.0,0.0,0.0,53.9,1008.8,1010.7,19.2
202509081153,787,267.8,2.9,267.7,3.8,269.3,3.7,28.1,0.0,0.0,0.0,0.0,0.0,74.9,1010.1,1011.5,23.2
202509081153,788,308.9,2.0,300.8,2.7,301.0,1.7,24.8,0.0,0.0,0.0,0.0,0.0,79.5,1002.7,1010.1,21.0
202509081153,789,45.1,1.9,41.5,2.5,36.1,2.0,23.4,1.0,0.5,1.5,1.5,1.5,91.5,1011.1,1012.1,21.9
202509081153,790,143.4,1.1,99.8,1.6,148.7,0.9,28.0,0.0,0.0,0.0,0.0,0.0,85.1,994.7,1009.9,25.3
202509081153,791,0.0,0.0,0.0,0.0,134.1,0.2,22.6,0.0,0.0,0.0,0.0,0.0,87.4,964.0,1010.1,20.4
202509081153,792,201.2,2.7,222.5,2.8,167.8,2.4,30.1,0.0,0.0,0.0,0.0,0.0,80.5,1000.2,1010.2,26.4
202509081153,793,237.9,1.3,231.2,1.6,206.7,1.2,29.6,0.0,0.0,0.0,8.5,8.5,85.7,1009.5,1009.8,27.0
202509081153,794,241.0,0.9,252.2,1.2,241.0,1.0,26.6,0.0,0.0,0.0,0.0,0.0,70.8,1002.3,1010.9,20.9
202509081153,795,54.5,1.2,56.4,1.6,75.2,1.0,24.5,0.0,0.0,0.0,0.0,0.0,76.4,1001.5,1011.4,20.1
202509081153,796,0.0,0.0,0.0,0.0,43.4,0.1,26.5,1.0,0.0,0.0,0.0,0.0,90.6,1007.1,1011.4,24.8
202509081153,797,56.0,6.2,58.7,6.9,43.8,6.7,23.0,0.0,14.0,53.5,72.0,72.0,100.0,1007.7,1011.8,23.0
202509081153,798,127.3,5.4,132.1,6.5,133.9,6.2,23.1,0.0,0.5,7.0,21.0,21.0,98.1,1007.7,1010.4,22.8
202509081153,799,80.2,1.4,89.1,2.2,81.4,1.9,23.6,1.0,0.0,0.5,0.5,0.5,82.9,1009.2,1011.4,20.5
202509081153,800,107.2,2.1,101.4,2.7,99.1,2.3,28.0,0.0,0.0,0.0,0.0,0.0,55.6,1010.5,1011.2,18.3
202509081153,801,117.2,1.4,115.3,1.9,137.2,1.7,27.4,0.0,0.0,0.0,0.0,0.0,54.5,-99.7,-99.9,17.4
202509081153,802,0.0,0.0,0.0,0.0,49.2,0.4,28.1,0.0,0.0,0.0,0.0,0.0,46.4,995.4,1011.4,15.5
202509081153,803,294.1,0.4,290.0,1.0,295.8,0.8,26.6,0.0,0.0,0.0,-99.9,0.0,48.8,986.7,1011.4,15.0
202509081153,804,72.4,1.8,64.7,2.2,86.2,1.8,26.4,0.0,0.0,0.0,0.0,0.0,60.5,1006.4,1010.6,18.2
202509081153,805,149.4,1.1,153.3,1.4,142.5,1.3,25.4,0.0,0.0,0.0,0.0,0.0,57.1,985.3,1010.9,16.3
202509081153,806,251.6,0.9,248.4,1.2,249.4,1.0,24.0,0.0,0.0,0.0,0.0,0.0,76.7,1008.0,1012.7,19.7
202509081153,807,293.6,1.3,301.4,1.8,0.7,1.7,24.8,0.0,0.0,0.0,0.0,0.0,71.3,998.5,1011.5,19.3
202509081153,808,21.6,1.9,354.4,2.4,18.1,1.4,27.0,0.0,0.0,0.0,0.0,0.0,52.3,-99.7,-99.9,16.4
202509081153,809,99.4,1.2,106.1,1.4,41.8,0.9,22.3,0.0,0.0,0.0,0.0,0.0,83.4,987.6,1011.0,19.4
202509081153,810,311.2,2.0,308.5,2.3,311.5,1.6,25.3,0.0,0.0,0.0,0.0,0.0,67.6,1007.7,1012.2,18.9
202509081153,811,157.2,2.6,238.0,2.9,347.4,2.2,27.8,0.0,0.0,0.0,0.0,0.0,44.9,1006.9,1010.6,14.8
202509081153,812,152.1,0.9,157.5,1.4,98.1,0.9,26.5,0.0,0.0,0.0,0.0,0.0,73.0,-99.7,-99.9,21.3
202509081153,813,37.3,1.3,44.3,1.6,21.6,1.6,28.2,0.0,0.0,0.0,0.0,0.0,58.2,1001.7,1010.4,19.2
202509081153,814,207.0,1.6,226.0,2.3,214.5,1.1,25.6,0.0,0.0,0.0,0.0,0.0,55.4,977.3,1011.3,16.0
202509081153,815,142.0,1.1,185.0,1.8,115.6,1.4,25.4,0.0,0.0,0.0,0.0,0.0,64.8,1000.0,1011.6,18.3
202509081153,816,69.0,2.2,74.0,2.7,84.9,2.3,26.4,0.0,0.0,0.0,0.0,0.0,74.0,1004.8,1009.6,21.4
202509081153,817,356.0,1.2,85.0,2.0,29.2,1.4,27.6,0.0,0.0,0.0,0.0,0.0,48.1,968.2,1010.4,15.6
202509081153,818,251.5,2.4,244.0,3.1,246.0,1.9,25.0,0.0,0.0,0.0,-99.9,0.0,73.0,985.8,1010.3,19.8
202509081153,819,128.1,0.9,142.0,1.4,219.5,1.3,25.8,0.0,0.0,0.0,0.0,0.0,64.3,988.3,1011.2,18.6
202509081153,820,246.1,0.6,228.0,1.1,254.0,1.0,24.6,0.0,0.0,0.0,0.0,0.0,75.5,1003.7,1012.4,20.0
202509081153,821,0.0,0.0,0.0,0.0,321.5,0.1,23.1,0.0,0.0,0.0,0.0,0.0,76.4,1000.5,1011.0,18.7
202509081153,822,57.5,0.6,53.4,0.7,52.9,0.5,23.7,0.0,0.0,0.0,0.0,0.0,69.7,1002.6,1011.7,17.8
202509081153,823,13.0,1.1,349.4,1.3,359.0,0.7,25.2,0.0,0.0,0.0,0.0,0.0,69.7,1000.8,1010.1,19.3
202509081153,824,286.0,1.0,286.9,1.2,279.5,1.1,24.8,0.0,0.0,0.0,0.0,0.0,63.5,997.8,1010.9,17.4
202509081153,825,343.1,1.7,329.2,2.1,333.7,1.4,24.9,0.0,0.0,0.0,0.0,0.0,74.4,1008.7,1012.1,20.0
202509081153,826,5.9,1.2,8.3,2.0,355.5,1.3,26.2,0.0,0.0,0.0,0.0,0.0,58.8,997.0,1011.8,17.5
202509081153,827,109.0,0.5,95.6,0.8,50.0,0.4,27.8,0.0,0.0,0.0,0.0,0.0,53.7,1003.8,1010.7,17.6
202509081153,828,328.1,2.5,315.2,3.5,311.9,1.2,27.1,0.0,0.0,0.0,0.0,0.0,72.4,1008.1,1010.9,21.7
202509081153,829,301.8,1.9,330.5,2.8,322.4,2.4,28.4,0.0,0.0,0.0,0.0,0.0,48.5,1002.4,1010.6,16.5
202509081153,830,155.7,1.9,163.5,2.2,209.9,1.1,30.3,0.0,0.0,0.0,0.0,0.0,19.6,1006.1,1011.2,4.6
202509081153,831,73.6,0.4,70.3,0.5,64.4,0.2,22.7,0.0,0.0,0.0,0.0,0.0,65.6,-99.7,-99.9,15.9
202509081153,832,267.4,1.3,263.5,1.6,288.1,1.0,24.0,0.0,0.0,0.0,0.0,0.0,83.0,1002.8,1010.5,20.9
202509081153,833,42.3,1.9,44.8,2.6,59.1,1.8,24.6,0.0,0.0,0.0,-99.9,0.0,74.9,991.1,1010.9,19.9
202509081153,834,292.8,0.1,208.5,0.3,256.7,0.8,23.3,0.0,0.0,0.0,0.0,0.0,75.4,978.4,1010.6,18.7
202509081153,835,234.5,1.5,231.6,2.2,236.9,1.3,26.5,0.0,0.0,0.0,0.0,0.0,52.0,990.3,1011.2,15.9
202509081153,836,284.6,1.7,326.5,3.1,240.1,1.6,25.0,0.0,0.0,0.0,0.0,0.0,56.9,974.5,1010.0,15.9
202509081153,837,281.0,2.4,292.7,3.5,258.5,1.2,26.3,0.0,0.0,0.0,0.0,0.0,52.5,990.5,1011.6,15.8
202509081153,838,177.3,2.2,197.3,2.8,163.6,2.0,25.7,0.0,0.0,0.0,0.0,0.0,60.2,959.9,1010.0,17.4
202509081153,839,67.7,1.3,41.1,1.5,10.6,1.5,27.8,0.0,0.0,0.0,0.0,0.0,52.6,995.8,1010.4,17.2
202509081153,840,199.9,0.6,229.8,1.3,160.4,0.9,26.4,0.0,0.0,0.0,0.0,0.0,65.5,1001.9,1010.0,19.4
202509081153,841,250.9,1.5,254.9,2.3,271.0,1.6,26.9,0.0,0.0,0.0,0.0,0.0,46.5,994.2,1009.9,14.5
202509081153,842,274.5,1.8,271.7,2.6,265.9,2.6,27.6,0.0,-99.9,-99.9,-99.9,-99.2,63.5,991.3,1010.5,20.1
202509081153,843,130.9,2.3,121.9,2.8,138.8,1.5,28.2,0.0,0.0,0.0,0.0,0.0,44.8,986.2,1010.8,15.1
202509081153,844,134.2,1.6,115.1,2.2,144.8,1.4,28.2,0.0,0.0,0.0,0.0,0.0,51.4,1007.7,1010.2,17.2
202509081153,845,0.0,0.0,253.4,0.0,269.4,0.1,27.1,0.0,-99.9,-99.9,-99.9,-99.2,61.6,1007.8,1011.2,19.1
202509081153,846,325.1,1.9,334.8,2.8,319.2,1.8,26.2,0.0,0.0,0.0,0.0,0.0,61.7,1002.6,1011.3,18.3
202509081153,847,64.5,0.9,47.2,1.2,43.5,1.4,24.4,0.0,0.0,0.0,0.0,0.0,68.6,1003.9,1012.0,18.3
202509081153,848,51.9,2.5,41.2,2.9,46.1,1.9,28.1,0.0,0.0,0.0,0.0,0.0,50.0,998.8,1010.6,16.7
202509081153,849,224.9,2.2,225.8,3.0,154.4,1.3,25.2,0.0,-99.9,-99.9,-99.9,-99.2,66.0,1002.3,1012.0,18.4
202509081153,850,61.8,4.2,64.7,4.9,62.3,4.7,25.9,0.0,0.0,0.0,0.0,0.0,73.8,-99.7,-99.9,20.9
202509081153,851,36.4,2.0,23.3,3.4,59.7,1.7,29.1,0.0,-99.9,-99.9,-99.9,-99.2,46.5,1002.3,1011.3,16.5
202509081153,852,175.1,2.2,174.4,2.8,156.7,1.9,27.9,0.0,0.0,0.0,0.0,0.0,45.8,1006.0,1010.6,15.2
202509081153,853,180.5,0.2,166.0,0.6,160.1,0.2,20.7,0.0,0.0,0.0,0.0,0.0,76.4,948.0,1011.8,16.4
202509081153,854,72.0,1.8,89.0,2.9,102.1,2.8,29.3,0.0,0.0,0.0,0.0,0.0,69.5,991.9,1010.5,23.1
202509081153,855,242.9,2.1,235.2,2.4,244.2,1.9,29.4,0.0,0.0,0.0,3.0,3.0,86.2,1010.5,1011.0,26.9
202509081153,856,192.0,1.7,209.0,2.4,184.3,1.5,25.3,0.0,0.0,0.0,0.0,0.0,73.5,954.3,1011.3,20.2
202509081153,857,176.7,1.7,169.5,2.3,174.3,2.3,23.6,1.0,0.0,0.0,0.0,0.0,96.1,1009.7,1010.7,22.9
202509081153,858,22.0,3.2,34.0,3.9,25.6,2.7,24.6,1.0,0.0,4.5,6.0,6.0,95.1,1007.5,1011.5,23.8
202509081153,859,310.0,0.9,348.5,1.5,309.0,0.9,25.0,0.0,0.0,0.0,0.0,0.0,55.4,958.0,1010.8,15.5
202509081153,860,42.7,0.6,284.3,0.8,326.6,1.3,27.2,0.0,0.0,0.0,0.0,0.0,49.7,1004.4,1011.1,15.8
202509081153,861,255.0,0.9,250.4,1.2,256.6,1.9,26.6,1.0,0.0,7.5,7.5,7.5,90.2,1008.6,1011.0,24.9
202509081153,862,142.6,0.7,149.0,1.5,265.2,0.9,23.9,1.0,7.0,9.5,9.5,9.5,95.2,988.2,1010.5,23.1
202509081153,863,143.0,0.5,162.0,1.2,131.4,0.9,28.5,0.0,0.0,0.0,0.0,0.0,79.5,1004.6,1010.5,24.6
202509081153,864,66.0,1.0,66.1,1.4,91.3,1.3,24.7,0.0,0.0,0.0,0.0,0.0,67.2,1004.8,1011.0,18.2
202509081153,865,139.5,2.4,143.8,2.9,132.7,2.0,27.3,0.0,0.0,0.5,0.5,0.5,86.9,985.2,1011.4,24.9
202509081153,867,196.0,0.6,344.2,1.9,174.4,1.6,21.6,0.0,0.0,0.0,2.0,2.0,86.1,852.2,1010.3,19.2
202509081153,868,268.7,2.2,247.4,4.3,260.7,1.6,21.8,0.0,0.0,0.0,7.5,7.5,92.5,862.7,1010.6,20.5
202509081153,869,-99.9,-99.9,-99.9,-99.9,-99.9,-99.9,-99.9,-99.9,-99.9,-99.9,-99.9,-99.9,-99.9,-99.9,-99.9,-99.9
202509081153,870,250.5,3.7,250.7,4.9,249.1,3.2,22.1,0.0,0.0,0.0,3.5,3.5,69.3,852.7,1008.9,16.2
202509081153,871,247.2,4.3,249.1,5.1,239.7,3.1,18.9,0.0,0.0,0.0,6.5,6.5,92.1,835.6,1011.8,17.6
202509081153,872,146.4,2.0,142.6,2.8,156.9,1.4,21.8,0.0,0.0,0.0,0.0,0.0,89.0,915.9,1011.2,19.9
202509081153,874,113.8,0.8,96.8,1.1,125.0,1.3,26.0,0.0,0.0,0.0,0.0,0.0,52.2,993.5,1012.0,15.5
202509081153,875,-99.2,3.7,-99.2,4.6,-99.9,3.8,19.6,0.0,0.0,0.0,0.0,0.0,32.7,840.8,1008.5,2.8
202509081153,876,130.0,2.9,159.0,3.9,121.4,3.1,30.5,0.0,0.0,0.0,0.0,0.0,41.3,1003.9,1010.3,15.9
202509081153,877,134.3,1.7,147.9,2.3,100.9,1.7,25.8,0.0,0.0,0.0,0.0,0.0,73.0,1004.8,1011.6,20.6
202509081153,878,289.5,0.7,289.7,1.5,250.0,1.1,27.4,0.0,0.0,0.0,0.0,0.0,39.6,-99.7,-99.9,12.5
202509081153,881,74.0,1.8,102.0,2.4,80.3,1.6,24.1,0.0,0.0,0.0,0.0,0.0,82.0,1010.6,1011.8,20.8
202509081153,882,285.5,0.8,271.7,1.0,259.4,0.7,23.0,1.0,0.0,0.0,0.0,0.0,79.8,998.0,1011.8,19.3
202509081153,883,313.7,1.3,301.8,2.8,308.4,0.2,27.2,0.0,0.0,0.0,3.5,3.5,88.9,962.3,1010.4,25.2
202509081153,885,210.2,3.7,217.4,5.5,190.6,3.2,29.5,0.0,0.0,0.0,0.5,0.5,76.0,983.4,1010.5,24.8
202509081153,886,77.0,1.5,99.0,2.2,85.1,1.9,23.7,0.0,0.0,0.0,0.0,0.0,80.5,1011.3,1012.0,20.1
202509081153,888,196.4,0.6,196.9,1.4,150.3,0.5,24.4,0.0,0.0,0.0,0.0,0.0,81.3,-99.7,-99.9,21.0
202509081153,889,-99.9,-99.9,-99.9,-99.9,-99.9,-99.9,-99.9,-99.9,-99.9,-99.9,-99.9,-99.9,-99.9,-99.9,-99.9,-99.9
202509081153,890,197.2,2.2,234.1,2.7,185.1,1.9,28.8,0.0,0.0,0.0,0.0,0.0,90.5,979.6,1010.1,27.1
202509081153,892,15.8,3.7,16.9,4.3,15.4,2.5,28.7,0.0,0.0,0.0,0.5,0.5,89.6,999.2,1010.7,26.8
202509081153,893,107.6,2.6,113.5,3.0,111.2,2.7,28.6,0.0,0.0,0.0,0.0,0.0,77.5,1010.5,1011.1,24.3
202509081153,898,81.8,1.5,67.1,2.5,76.1,1.6,29.9,0.0,0.0,0.0,0.0,0.0,57.9,1010.9,1011.1,20.7
202509081153,899,293.4,3.4,289.3,5.0,290.4,3.1,29.8,0.0,0.0,0.0,0.0,0.0,48.7,1006.5,1010.2,17.9
202509081153,900,56.7,2.0,55.4,2.3,23.8,1.7,28.6,-99.2,0.0,0.0,0.0,0.0,60.6,996.4,1009.6,20.2
202509081153,901,55.1,3.6,67.8,6.3,55.9,3.1,25.8,0.0,0.0,0.0,0.0,0.0,63.3,1002.4,1010.1,18.3
202509081153,902,52.0,2.6,48.0,2.8,33.0,2.6,27.2,0.0,0.0,0.0,0.0,0.0,77.3,994.0,1009.4,22.9
202509081153,903,341.1,2.1,346.0,2.5,321.6,1.9,29.3,0.0,0.0,0.0,0.0,0.0,64.9,1008.1,1009.8,22.0
202509081153,904,0.0,0.0,0.0,0.0,237.8,0.7,31.3,0.0,0.0,0.0,0.0,0.0,61.7,1009.0,1009.1,23.1
202509081153,905,88.9,1.7,103.7,2.8,98.3,1.8,31.3,0.0,0.0,0.0,0.0,0.0,54.0,1000.8,1010.1,20.9
202509081153,906,71.2,0.8,61.2,1.0,50.1,0.6,26.2,0.0,0.0,0.0,0.0,0.0,77.3,1001.2,1011.4,21.9
202509081153,907,261.9,2.7,261.5,3.2,242.3,2.8,27.7,-99.2,0.0,0.0,0.0,0.0,70.8,1007.1,1010.4,21.9
202509081153,908,215.2,2.2,196.1,2.7,198.2,2.3,30.0,0.0,0.0,0.0,0.0,0.0,64.8,1009.2,1010.5,22.7
202509081153,909,50.7,0.9,47.7,1.4,47.3,1.0,28.1,0.0,0.0,0.0,0.0,0.0,83.2,999.3,1011.7,25.0
202509081153,910,96.2,2.7,102.7,3.9,98.5,2.5,29.2,0.0,0.0,0.0,0.0,0.0,80.5,993.6,1009.1,25.5
202509081153,911,-99.9,-99.9,-99.9,-99.9,-99.9,-99.9,-99.9,-99.9,-99.9,-99.9,-99.9,-99.9,-99.9,-99.9,-99.9,-99.9
202509081153,912,212.1,1.2,213.9,1.3,215.0,0.5,25.8,0.0,0.0,0.0,0.0,0.0,70.0,995.8,1011.7,19.9
202509081153,913,135.6,3.9,142.7,4.0,124.2,4.4,28.9,0.0,0.0,0.0,0.0,0.0,65.2,1007.3,1009.5,21.7
202509081153,914,210.6,0.8,208.3,0.9,192.5,0.5,21.9,0.0,0.0,0.0,0.0,0.0,69.7,971.7,1011.8,16.1
202509081153,915,155.9,2.0,147.9,2.5,119.7,1.0,27.5,0.0,0.0,0.0,0.0,0.0,71.8,999.7,1009.3,22.0
202509081153,916,339.4,1.7,336.5,2.0,346.0,1.5,27.3,0.0,0.0,0.0,0.0,0.0,64.3,1004.0,1010.2,20.0
202509081153,917,136.8,1.4,131.5,2.0,111.1,1.2,29.6,0.0,0.0,0.0,0.0,0.0,59.7,1008.1,1011.0,20.9
202509081153,918,45.9,2.0,54.7,2.5,67.2,2.3,30.9,0.0,0.0,0.0,0.0,0.0,59.1,1009.6,1010.4,22.0
202509081153,919,334.3,0.7,19.7,1.5,315.4,1.2,27.4,0.0,0.0,0.0,0.0,0.0,68.0,1008.6,1012.0,21.0
202509081153,920,79.0,0.8,80.5,1.3,78.5,1.2,29.3,0.0,0.0,0.0,0.0,0.0,60.8,1009.7,1010.6,21.0
202509081153,921,0.0,0.0,0.0,0.0,0.0,0.0,30.4,0.0,0.0,0.0,0.0,0.0,73.4,1001.4,1009.9,25.1
202509081153,922,328.0,1.4,324.7,1.7,8.7,1.2,29.5,0.0,0.0,0.0,0.0,0.0,58.4,994.8,1010.2,20.5
202509081153,923,57.0,2.1,39.5,3.1,58.0,2.2,25.2,0.0,0.0,0.0,0.0,0.0,86.2,1003.7,1011.2,22.7
202509081153,924,345.0,1.8,63.0,3.1,336.1,1.9,25.7,0.0,0.0,0.0,0.0,0.0,77.0,1008.5,1011.0,21.4
202509081153,925,260.6,1.8,260.4,2.4,241.9,1.8,29.3,0.0,0.0,0.0,0.0,0.0,61.8,1007.5,1008.5,21.2
202509081153,926,199.4,1.5,220.7,1.9,199.9,1.6,29.4,0.0,0.0,0.0,0.0,0.0,77.7,1009.2,1010.7,25.1
202509081153,927,307.2,2.2,319.5,2.7,304.4,2.9,28.7,0.0,0.0,0.0,0.0,0.0,55.2,996.1,1010.3,18.8
202509081153,929,271.1,1.6,254.2,2.2,287.4,1.6,28.4,0.0,0.0,0.0,0.0,0.0,72.0,996.0,1010.5,22.9
202509081153,930,132.8,2.8,135.0,3.0,133.4,3.2,28.5,0.0,0.0,0.0,0.0,0.0,77.2,1010.5,1011.3,24.1
202509081153,931,161.8,1.7,163.1,2.1,180.4,1.6,27.2,0.0,0.0,0.0,0.0,0.0,88.2,1002.8,1011.4,25.1
202509081153,932,247.7,1.4,250.5,1.7,246.6,1.2,28.9,0.0,0.0,0.0,0.0,0.0,59.8,1010.7,1011.2,20.3
202509081153,933,72.6,0.6,43.0,0.8,55.8,0.5,29.1,0.0,0.0,0.0,0.0,0.0,68.5,1007.4,1011.0,22.7
202509081153,934,326.4,1.3,332.0,2.0,353.7,2.1,27.8,0.0,0.0,0.0,0.0,0.0,69.6,1001.1,1010.4,21.7
202509081153,935,60.7,2.3,56.1,3.1,51.0,2.2,26.8,0.0,0.0,0.0,0.0,0.0,-99.2,1008.7,1011.4,-99.9
202509081153,936,274.9,1.0,275.6,1.1,250.0,1.0,28.8,0.0,0.0,0.0,0.0,0.0,73.9,1004.0,1010.9,23.7
202509081153,937,72.1,2.3,77.7,3.7,88.2,2.3,27.9,0.0,0.0,0.0,0.0,0.0,80.5,1000.2,1009.4,24.2
202509081153,938,142.0,2.3,136.1,3.4,151.8,2.2,28.7,0.0,0.0,0.0,0.0,0.0,69.3,997.5,1010.3,22.5
202509081153,939,114.3,1.5,168.8,3.2,167.7,2.6,29.3,0.0,0.0,0.0,0.0,0.0,64.4,1004.7,1010.2,21.9
202509081153,940,325.8,1.7,202.5,2.4,312.5,1.5,27.9,0.0,0.0,0.0,0.0,0.0,70.8,1002.0,1009.9,22.1
202509081153,941,243.1,2.2,253.9,2.7,249.1,2.0,31.1,0.0,0.0,0.0,0.0,0.0,58.9,1010.0,1010.8,22.1
202509081153,942,73.9,2.7,70.3,4.0,76.6,2.7,28.6,0.0,0.0,0.0,0.0,0.0,74.4,997.1,1011.1,23.6
202509081153,943,148.3,1.0,168.8,1.8,134.7,1.1,24.7,0.0,0.0,0.0,0.0,0.0,72.6,-99.7,-99.9,19.5
202509081153,944,262.2,2.6,284.3,2.9,253.9,2.4,28.2,0.0,0.0,0.0,0.0,0.0,63.4,1009.2,1010.3,20.6
202509081153,945,301.6,0.6,283.6,0.8,352.1,0.5,26.0,0.0,0.0,0.0,0.0,0.0,62.7,985.6,1011.6,18.3
202509081153,946,208.7,1.7,192.5,2.3,245.7,0.7,23.2,0.0,0.0,0.0,0.0,0.0,72.0,974.9,1011.6,17.9
202509081153,947,19.6,1.5,34.9,2.4,26.6,1.2,28.6,0.0,0.0,0.0,0.0,0.0,70.2,1007.3,1010.7,22.6
202509081153,948,219.9,1.8,219.5,2.3,229.5,2.0,27.6,0.0,0.0,0.0,0.0,0.0,77.1,995.4,1011.2,23.2
202509081153,949,65.2,0.4,30.8,0.9,59.8,0.6,25.6,0.0,0.0,0.0,0.0,0.0,63.2,1010.8,1011.7,18.1
202509081153,950,154.4,2.7,157.5,3.2,126.5,3.4,29.1,0.0,0.0,0.0,0.0,0.0,72.9,-99.7,-99.9,23.7
202509081153,951,150.3,0.9,156.2,1.1,140.5,0.9,22.8,0.0,0.0,0.0,-99.9,0.0,78.9,999.0,1011.2,19.0
202509081153,953,252.3,0.4,202.0,1.0,245.1,0.6,30.1,0.0,0.0,0.0,0.0,0.0,61.3,1006.7,1010.2,21.8
202509081153,954,33.0,2.1,48.0,3.1,39.3,2.5,27.3,0.0,0.0,0.0,0.0,0.0,66.8,1004.4,1010.5,20.6
202509081153,955,117.2,0.8,122.7,1.4,84.1,0.7,25.3,-99.7,-99.9,-99.9,-99.9,-99.7,80.3,1010.9,1013.0,21.7
202509081153,956,144.8,0.4,144.8,0.5,148.5,0.7,25.1,-99.7,-99.9,-99.9,-99.9,-99.7,86.5,1009.8,1011.6,22.7
202509081153,957,88.2,2.5,98.5,3.3,75.6,3.2,24.1,0.0,-99.9,-99.9,-99.9,-99.7,72.5,1001.9,1012.8,18.9
202509081153,958,261.7,3.4,259.6,3.7,264.5,3.4,25.0,-99.7,-99.9,-99.9,-99.9,-99.7,64.6,1010.2,1011.9,17.9
202509081153,959,257.1,1.2,254.9,1.4,55.0,0.2,22.9,-99.7,-99.9,-99.9,-99.9,-99.7,96.7,1010.6,1012.0,22.3
202509081153,960,213.0,2.8,212.2,3.5,215.4,3.0,30.8,-99.7,-99.9,-99.9,-99.9,-99.7,79.4,1009.5,1011.5,26.8
202509081153,961,289.9,0.2,287.4,0.8,285.5,1.0,28.2,-99.7,-99.9,-99.9,-99.9,-99.7,82.6,1008.5,1011.6,25.0
202509081153,963,42.1,4.1,93.6,4.5,32.4,3.5,26.0,-99.7,-99.9,-99.9,-99.9,-99.7,67.7,1010.0,1011.8,19.6
202509081153,964,281.3,1.7,290.1,2.4,288.5,1.8,26.5,1.0,0.0,0.0,0.0,0.0,76.9,1005.9,1011.6,22.1
202509081153,965,250.8,2.7,278.6,3.9,246.6,2.3,20.3,0.0,0.0,0.0,6.5,6.5,86.7,-99.7,-99.9,18.0
202509081153,966,112.6,0.9,116.8,1.5,109.9,0.9,25.0,0.0,0.0,0.0,0.0,0.0,72.8,1006.7,1011.0,19.8
202509081153,967,136.2,1.4,131.6,2.4,119.5,1.8,24.0,0.0,0.0,0.0,0.0,0.0,79.4,1004.4,1012.4,20.2
202509081153,970,232.1,0.1,249.6,0.4,293.5,1.2,24.8,0.0,0.0,0.0,0.0,0.0,67.9,991.6,1012.0,18.5
202509081153,972,294.2,0.4,250.3,0.8,311.4,0.3,26.5,0.0,0.0,0.0,0.0,0.0,61.3,1002.1,1012.2,18.5
202509081153,973,257.8,2.7,258.3,2.9,248.9,2.1,25.9,0.0,0.0,0.0,0.0,0.0,84.4,1006.8,1011.3,23.1
202509081153,974,312.1,1.1,267.2,2.5,50.4,0.6,30.1,0.0,0.0,0.0,0.0,0.0,63.7,-99.7,-99.9,22.5
202509081153,977,359.0,1.9,357.2,2.3,348.5,1.2,25.0,0.0,0.0,0.0,0.0,0.0,88.7,-99.7,-99.9,23.0
202509081153,978,225.9,1.8,225.0,2.4,238.6,1.7,25.4,0.0,0.0,0.0,0.0,0.0,71.4,-99.7,-99.9,19.9
202509081153,980,212.9,2.2,215.3,2.8,208.0,2.8,29.9,0.0,0.0,0.0,13.0,13.0,79.2,994.7,1009.8,25.9
202509081153,984,61.0,2.7,46.9,4.4,62.7,2.7,25.8,-99.7,-99.9,-99.9,-99.9,-99.7,83.9,1006.8,1010.9,22.9
202509081153,989,249.5,1.2,270.7,1.6,263.0,1.9,29.7,0.0,0.0,0.0,3.5,3.5,85.0,999.2,1009.4,26.9
202509081153,990,269.7,2.5,252.1,3.3,289.5,2.7,29.3,0.0,0.0,0.0,4.5,4.5,83.2,1002.4,1011.1,26.2
202509081153,991,17.8,1.3,32.2,2.2,334.0,1.8,27.1,0.0,0.0,0.0,0.0,0.0,63.6,1008.4,1011.5,19.6
202509081153,992,320.0,2.4,329.3,2.8,332.7,1.8,25.7,0.0,0.0,0.0,0.0,0.0,67.8,1007.4,1011.5,19.3
202509081153,993,316.8,3.7,309.6,4.3,324.4,3.0,28.4,0.0,0.0,0.0,5.0,5.0,84.3,979.7,1010.7,25.5
202509081153,994,102.9,1.8,101.3,2.1,102.7,1.8,23.5,0.0,0.0,0.0,0.0,0.0,83.0,1011.9,1012.2,20.4
202509081153,995,0.0,0.0,0.0,0.0,0.0,0.0,27.0,0.0,0.0,0.0,0.0,0.0,62.7,1000.8,1009.9,19.3
202509081153,996,291.9,2.2,278.0,2.5,304.0,1.6,22.1,0.0,0.0,0.0,0.0,0.0,87.9,970.4,1011.2,20.0
