TIME,STN,TA,HM,TD,TG,TS,TE0.05,TE0.1,TE0.2,TE0.3,TE0.5,TE1.0,TE1.5,TE3.0,TE5.0,PA,PS
202509081153,90,26.4,60.9,18.3,40.2,38.6,-99.7,-99.7,-99.7,-99.7,-99.7,-99.7,-99.7,-99.7,-99.7,1008.2,1010.2
202509081153,92,27.6,55.0,17.8,-99.7,-99.7,-99.7,-99.7,-99.7,-99.7,-99.7,-99.7,-99.7,-99.7,-99.7,1002.5,1010.0
202509081153,93,24.5,75.8,20.0,39.1,32.8,28.2,27.0,26.0,26.3,27.1,27.3,26.2,23.6,20.2,1001.0,1011.9
202509081153,95,25.8,67.6,19.4,42.5,35.1,-99.7,-99.7,-99.7,-99.7,-99.7,-99.7,-99.7,-99.7,-99.7,994.6,1012.2
202509081153,96,26.0,71.8,20.5,-99.7,-99.7,-99.7,-99.7,-99.7,-99.7,-99.7,-99.7,-99.7,-99.7,-99.7,999.8,1011.0
202509081153,98,26.7,65.4,19.7,44.1,34.4,-99.7,-99.7,-99.7,-99.7,-99.7,-99.7,-99.7,-99.7,-99.7,998.6,1011.7
202509081153,99,25.2,78.7,21.2,38.6,33.4,-99.7,-99.7,-99.7,-99.7,-99.7,-99.7,-99.7,-99.7,-99.7,1009.0,1012.5
202509081153,100,26.2,49.2,14.7,47.7,33.4,-99.7,-99.7,-99.7,-99.7,-99.7,-99.7,-99.7,-99.7,-99.7,926.5,1010.3
202509081153,101,25.1,69.9,19.2,40.3,35.1,27.0,26.5,26.4,26.9,27.7,26.7,25.2,21.1,16.9,1002.5,1011.2
202509081153,102,25.9,56.6,16.6,33.4,30.1,-99.7,-99.7,-99.7,-99.7,-99.7,-99.7,-99.7,-99.7,-99.7,1006.2,1010.3
202509081153,104,29.4,45.5,16.4,38.2,33.1,26.5,25.6,25.2,25.6,25.9,25.8,24.4,19.9,15.5,1000.6,1009.0
202509081153,105,31.1,38.3,15.3,49.2,39.0,26.7,26.3,25.9,26.9,27.2,28.0,23.8,18.8,15.8,1007.3,1010.3
202509081153,106,29.3,47.2,16.9,46.1,49.9,-99.7,-99.7,-99.7,-99.7,-99.7,-99.7,-99.7,-99.7,-99.7,1006.0,1010.6
202509081153,108,26.4,67.3,19.9,39.1,31.5,25.2,25.2,24.8,25.3,27.3,26.5,26.4,22.9,18.7,1000.5,1010.2
202509081153,110,28.7,56.0,19.1,-99.7,-99.7,-99.7,-99.7,-99.7,-99.7,-99.7,-99.7,-99.7,-99.7,-99.7,1009.8,1011.9
202509081153,112,26.9,69.6,20.9,38.1,33.3,26.2,25.9,25.7,26.1,26.3,25.9,24.4,20.9,16.7,1003.6,1011.4
202509081153,113,27.7,64.0,20.3,-99.7,-99.7,-99.7,-99.7,-99.7,-99.7,-99.7,-99.7,-99.7,-99.7,-99.7,1011.3,1012.1
202509081153,114,25.8,64.8,18.7,40.1,34.5,-99.7,-99.7,-99.7,-99.7,-99.7,-99.7,-99.7,-99.7,-99.7,993.4,1010.4
202509081153,115,28.0,73.0,22.7,41.5,47.3,30.5,27.4,25.9,24.6,26.0,23.5,22.1,17.2,14.6,986.1,1010.8
202509081153,116,22.8,68.3,16.7,-99.7,-99.7,-99.7,-99.7,-99.7,-99.7,-99.7,-99.7,-99.7,-99.7,-99.7,942.0,1011.3
202509081153,119,25.7,67.4,19.2,33.5,29.8,25.9,25.6,26.1,26.5,26.8,26.3,24.8,20.6,16.0,1006.8,1011.3
202509081153,121,25.3,72.5,20.0,42.9,33.2,-99.7,-99.7,-99.7,-99.7,-99.7,-99.7,-99.7,-99.7,-99.7,984.2,1011.3
202509081153,127,25.6,70.3,19.8,38.5,32.2,-99.7,-99.7,-99.7,-99.7,-99.7,-99.7,-99.7,-99.7,-99.7,997.8,1010.8
202509081153,129,25.7,66.2,18.9,30.3,27.5,26.5,25.7,25.3,25.7,26.0,25.9,25.9,20.2,18.5,1008.7,1011.6
202509081153,130,27.4,60.2,19.0,40.6,33.3,-99.7,-99.7,-99.7,-99.7,-99.7,-99.7,-99.7,-99.7,-99.7,1005.8,1011.4
202509081153,131,25.7,69.5,19.7,33.5,30.7,-99.7,-99.7,-99.7,-99.7,-99.7,-99.7,-99.7,-99.7,-99.7,1004.6,1011.3
202509081153,133,24.7,78.2,20.7,30.3,27.8,27.0,26.6,26.7,27.0,27.8,27.7,26.5,22.9,19.1,1004.1,1011.9
202509081153,135,22.5,78.9,18.7,28.3,24.9,-99.7,-99.7,-99.7,-99.7,-99.7,-99.7,-99.7,-99.7,-99.7,983.8,1011.7
202509081153,136,25.0,65.4,18.1,34.7,33.0,-99.7,-99.7,-99.7,-99.7,-99.7,-99.7,-99.7,-99.7,-99.7,996.1,1012.2
202509081153,137,24.3,73.1,19.2,30.8,28.8,-99.7,-99.7,-99.7,-99.7,-99.7,-99.7,-99.7,-99.7,-99.7,999.9,1010.9
202509081153,138,27.2,52.1,16.5,34.8,38.3,29.7,28.2,27.7,27.8,27.1,25.2,24.0,20.5,17.5,1010.5,1010.9
202509081153,140,22.6,85.2,20.0,25.7,26.0,-99.7,-99.7,-99.7,-99.7,-99.7,-99.7,-99.7,-99.7,-99.7,1009.3,1012.5
202509081153,143,27.2,51.2,16.3,32.8,29.5,-99.7,-99.7,-99.7,-99.7,-99.7,-99.7,-99.7,-99.7,-99.7,1004.7,1010.9
202509081153,146,24.2,79.1,20.4,30.5,26.6,-99.7,-99.7,-99.7,-99.7,-99.7,-99.7,-99.7,-99.7,-99.7,1004.9,1011.8
202509081153,151,29.8,59.0,20.9,-99.7,-99.7,-99.7,-99.7,-99.7,-99.7,-99.7,-99.7,-99.7,-99.7,-99.7,1010.0,1011.0
202509081153,152,29.7,58.8,20.8,40.3,42.8,-99.7,-99.7,-99.7,-99.7,-99.7,-99.7,-99.7,-99.7,-99.7,1000.8,1009.9
202509081153,155,30.5,52.1,19.6,40.8,35.3,-99.7,-99.7,-99.7,-99.7,-99.7,-99.7,-99.7,-99.7,-99.7,1006.4,1010.3
202509081153,156,25.1,69.9,19.2,29.3,28.0,-99.7,-99.7,-99.7,-99.7,-99.7,-99.7,-99.7,-99.7,-99.7,1004.2,1012.2
202509081153,159,30.4,65.4,23.2,39.2,48.7,32.2,28.9,26.6,26.6,28.2,27.1,25.9,20.9,19.1,1002.3,1010.1
202509081153,160,24.7,87.9,22.6,-99.7,-99.7,-99.7,-99.7,-99.7,-99.7,-99.7,-99.7,-99.7,-99.7,-99.7,-99.7,-99.9
202509081153,162,29.8,71.1,24.0,44.8,44.5,-99.7,-99.7,-99.7,-99.7,-99.7,-99.7,-99.7,-99.7,-99.7,1006.4,1009.9
202509081153,163,23.9,78.0,19.8,-99.7,-99.7,-99.7,-99.7,-99.7,-99.7,-99.7,-99.7,-99.7,-99.7,-99.7,1011.1,1012.3
202509081153,165,23.8,86.9,21.5,22.7,24.5,27.4,27.6,27.6,27.8,28.0,27.3,25.5,22.1,18.6,1007.0,1012.1
202509081153,167,29.8,60.0,21.2,-99.7,-99.7,-99.7,-99.7,-99.7,-99.7,-99.7,-99.7,-99.7,-99.7,-99.7,1010.2,1011.2
202509081153,168,28.2,70.3,22.3,35.6,34.8,30.1,28.5,28.4,28.6,29.3,28.0,26.0,21.5,18.3,1003.6,1011.0
202509081153,169,22.6,96.5,22.0,23.4,23.0,-99.7,-99.7,-99.7,-99.7,-99.7,-99.7,-99.7,-99.7,-99.7,1003.4,1012.1
202509081153,170,27.3,80.9,23.7,29.4,29.6,-99.7,-99.7,-99.7,-99.7,-99.7,-99.7,-99.7,-99.7,-99.7,1007.5,1011.5
202509081153,172,24.4,73.8,19.4,27.7,27.1,-99.7,-99.7,-99.7,-99.7,-99.7,-99.7,-99.7,-99.7,-99.7,1006.0,1012.0
202509081153,174,25.8,60.8,17.7,28.8,31.1,-99.7,-99.7,-99.7,-99.7,-99.7,-99.7,-99.7,-99.7,-99.7,991.4,1010.0
202509081153,175,22.0,98.3,21.7,-99.7,-99.7,-99.7,-99.7,-99.7,-99.7,-99.7,-99.7,-99.7,-99.7,-99.7,958.7,1012.5
202509081153,177,25.7,74.0,20.7,33.0,30.5,-99.7,-99.7,-99.7,-99.7,-99.7,-99.7,-99.7,-99.7,-99.7,1007.5,1010.7
202509081153,181,24.0,76.0,19.5,34.1,28.8,-99.7,-99.7,-99.7,-99.7,-99.7,-99.7,-99.7,-99.7,-99.7,1008.1,1012.0
202509081153,182,28.7,82.0,25.3,-99.7,-99.7,-99.7,-99.7,-99.7,-99.7,-99.7,-99.7,-99.7,-99.7,-99.7,1008.7,1011.4
202509081153,184,28.4,80.3,24.7,31.2,31.9,30.4,30.8,30.3,30.0,30.0,29.0,28.8,26.2,20.8,1008.4,1010.8
202509081153,185,29.1,80.6,25.4,36.6,34.4,-99.7,-99.7,-99.7,-99.7,-99.7,-99.7,-99.7,-99.7,-99.7,1002.9,1010.9
202509081153,188,30.8,77.7,26.5,41.2,37.9,-99.7,-99.7,-99.7,-99.7,-99.7,-99.7,-99.7,-99.7,-99.7,1008.9,1011.2
202509081153,189,31.5,75.6,26.7,42.3,36.0,-99.7,-99.7,-99.7,-99.7,-99.7,-99.7,-99.7,-99.7,-99.7,1005.1,1010.9
202509081153,192,29.2,69.7,23.1,40.9,38.9,-99.7,-99.7,-99.7,-99.7,-99.7,-99.7,-99.7,-99.7,-99.7,1007.5,1010.8
202509081153,201,26.4,59.9,18.0,45.9,33.2,-99.7,-99.7,-99.7,-99.7,-99.7,-99.7,-99.7,-99.7,-99.7,1006.9,1012.3
202509081153,202,23.9,74.8,19.2,32.5,30.4,-99.7,-99.7,-99.7,-99.7,-99.7,-99.7,-99.7,-99.7,-99.7,1006.7,1012.1
202509081153,203,25.4,74.2,20.5,35.1,26.2,-99.7,-99.7,-99.7,-99.7,-99.7,-99.7,-99.7,-99.7,-99.7,1003.5,1012.6
202509081153,211,25.3,64.1,18.0,41.2,33.1,-99.7,-99.7,-99.7,-99.7,-99.7,-99.7,-99.7,-99.7,-99.7,988.2,1011.0
202509081153,212,24.3,68.1,18.0,38.3,31.2,-99.7,-99.7,-99.7,-99.7,-99.7,-99.7,-99.7,-99.7,-99.7,996.2,1012.2
202509081153,216,27.9,28.4,7.9,44.8,36.0,-99.7,-99.7,-99.7,-99.7,-99.7,-99.7,-99.7,-99.7,-99.7,931.4,1008.7
202509081153,217,28.7,51.5,17.7,45.0,36.2,27.0,26.4,25.7,25.7,-99.7,-99.7,-99.7,-99.7,-99.7,975.7,1010.3
202509081153,221,24.3,68.5,18.1,42.1,30.2,-99.7,-99.7,-99.7,-99.7,-99.7,-99.7,-99.7,-99.7,-99.7,981.5,1011.4
202509081153,226,22.5,83.9,19.6,30.2,27.3,-99.7,-99.7,-99.7,-99.7,-99.7,-99.7,-99.7,-99.7,-99.7,992.4,1012.0
202509081153,229,24.8,71.0,19.2,-99.7,-99.7,-99.7,-99.7,-99.7,-99.7,-99.7,-99.7,-99.7,-99.7,-99.7,998.7,1010.6
202509081153,230,26.9,63.9,19.5,-99.7,-99.7,-99.7,-99.7,-99.7,-99.7,-99.7,-99.7,-99.7,-99.7,-99.7,1010.9,1012.3
202509081153,232,24.5,81.1,21.0,33.5,30.4,-99.7,-99.7,-99.7,-99.7,-99.7,-99.7,-99.7,-99.7,-99.7,1002.5,1012.2
202509081153,235,25.3,77.8,21.1,28.7,27.1,-99.7,-99.7,-99.7,-99.7,-99.7,-99.7,-99.7,-99.7,-99.7,1010.0,1011.1
202509081153,236,23.1,83.3,20.1,28.0,26.5,-99.7,-99.7,-99.7,-99.7,-99.7,-99.7,-99.7,-99.7,-99.7,1010.4,1012.0
202509081153,238,22.6,83.7,19.7,28.1,26.6,-99.7,-99.7,-99.7,-99.7,-99.7,-99.7,-99.7,-99.7,-99.7,992.2,1012.0
202509081153,239,23.6,79.2,19.8,28.9,28.6,-99.7,-99.7,-99.7,-99.7,-99.7,-99.7,-99.7,-99.7,-99.7,1001.4,1011.7
202509081153,243,23.8,83.7,20.9,30.2,27.0,-99.7,-99.7,-99.7,-99.7,-99.7,-99.7,-99.7,-99.7,-99.7,1010.5,1011.9
202509081153,244,23.1,70.5,17.4,29.0,25.9,-99.7,-99.7,-99.7,-99.7,-99.7,-99.7,-99.7,-99.7,-99.7,983.3,1011.4
202509081153,245,24.4,71.8,19.0,31.3,28.1,-99.7,-99.7,-99.7,-99.7,-99.7,-99.7,-99.7,-99.7,-99.7,1004.0,1011.9
202509081153,247,24.6,76.1,20.1,27.9,27.2,-99.7,-99.7,-99.7,-99.7,-99.7,-99.7,-99.7,-99.7,-99.7,996.7,1011.9
202509081153,248,22.5,71.1,17.0,26.9,25.2,-99.7,-99.7,-99.7,-99.7,-99.7,-99.7,-99.7,-99.7,-99.7,966.0,1011.9
202509081153,251,24.1,75.0,19.4,29.0,26.7,26.7,26.6,26.8,26.7,-99.7,-99.7,-99.7,-99.7,-99.7,1004.7,1011.4
202509081153,252,23.7,78.2,19.7,24.5,25.5,27.0,26.7,27.6,27.5,-99.7,-99.7,-99.7,-99.7,-99.7,1007.8,1012.1
202509081153,253,30.5,50.4,19.0,38.3,36.7,29.8,28.7,28.1,27.8,-99.7,-99.7,-99.7,-99.7,-99.7,1005.0,1011.1
202509081153,254,24.6,68.2,18.4,32.7,28.1,25.9,26.1,26.2,25.8,-99.7,-99.7,-99.7,-99.7,-99.7,997.5,1012.2
202509081153,255,30.8,61.8,22.6,37.2,33.6,31.6,31.6,30.3,28.9,-99.7,-99.7,-99.7,-99.7,-99.7,1004.5,1010.2
202509081153,257,32.1,52.8,21.3,41.3,36.1,31.9,28.9,26.8,25.4,-99.7,-99.7,-99.7,-99.7,-99.7,1008.7,1009.4
202509081153,258,28.5,71.8,22.9,31.7,31.5,27.4,27.6,27.3,27.7,27.1,25.6,-99.7,-99.7,-99.7,1011.5,1011.7
202509081153,259,26.5,87.2,24.2,27.9,28.8,28.5,28.4,27.8,28.5,-99.7,-99.7,-99.7,-99.7,-99.7,1010.0,1011.8
202509081153,260,27.1,77.4,22.8,29.4,29.4,-99.7,-99.7,-99.7,-99.7,-99.7,-99.7,-99.7,-99.7,-99.7,1006.2,1011.2
202509081153,261,24.7,91.1,23.2,28.5,27.8,-99.7,-99.7,-99.7,-99.7,-99.7,-99.7,-99.7,-99.7,-99.7,1010.0,1011.9
202509081153,262,29.9,72.9,24.5,33.5,33.5,-99.7,-99.7,-99.7,-99.7,-99.7,-99.7,-99.7,-99.7,-99.7,1005.2,1011.0
202509081153,263,28.6,69.3,22.4,36.5,36.6,33.9,28.8,27.2,27.8,-99.7,-99.7,-99.7,-99.7,-99.7,1008.8,1010.4
202509081153,264,26.8,64.7,19.6,33.0,30.4,28.9,27.6,27.7,28.2,-99.7,-99.7,-99.7,-99.7,-99.7,993.8,1011.0
202509081153,266,29.4,64.9,22.1,38.8,35.2,30.8,29.4,28.0,27.6,-99.7,-99.7,-99.7,-99.7,-99.7,1001.3,1011.2
202509081153,268,23.9,95.4,23.1,25.6,25.9,-99.7,-99.7,-99.7,-99.7,-99.7,-99.7,-99.7,-99.7,-99.7,1009.6,1010.7
202509081153,269,23.6,85.7,21.1,-99.7,-99.7,-99.7,-99.7,-99.7,-99.7,-99.7,-99.7,-99.7,-99.7,-99.7,1008.9,1012.1
202509081153,271,26.4,42.7,12.7,35.3,33.0,-99.7,-99.7,-99.7,-99.7,-99.7,-99.7,-99.7,-99.7,-99.7,974.7,1011.0
202509081153,272,25.4,51.1,14.6,38.3,36.3,-99.7,-99.7,-99.7,-99.7,-99.7,-99.7,-99.7,-99.7,-99.7,987.5,1011.4
202509081153,273,24.6,69.0,18.5,34.2,35.3,-99.7,-99.7,-99.7,-99.7,-99.7,-99.7,-99.7,-99.7,-99.7,991.6,1011.2
202509081153,276,28.1,39.5,13.1,43.8,37.8,30.5,27.8,26.6,25.6,-99.7,-99.7,-99.7,-99.7,-99.7,987.3,1010.6
202509081153,277,28.2,48.4,16.3,37.8,42.9,-99.7,-99.7,-99.7,-99.7,-99.7,-99.7,-99.7,-99.7,-99.7,1006.5,1011.1
202509081153,278,26.2,59.7,17.8,32.5,31.9,-99.7,-99.7,-99.7,-99.7,-99.7,-99.7,-99.7,-99.7,-99.7,1001.3,1010.5
202509081153,279,24.8,67.7,18.4,27.6,27.7,-99.7,-99.7,-99.7,-99.7,-99.7,-99.7,-99.7,-99.7,-99.7,1006.3,1011.9
202509081153,281,27.8,39.1,12.6,34.0,33.1,-99.7,-99.7,-99.7,-99.7,-99.7,-99.7,-99.7,-99.7,-99.7,1000.6,1011.4
202509081153,283,27.9,46.6,15.4,33.7,35.1,32.6,29.7,29.0,28.4,-99.7,-99.7,-99.7,-99.7,-99.7,1006.7,1011.2
202509081153,284,25.8,65.2,18.8,31.0,29.5,-99.7,-99.7,-99.7,-99.7,-99.7,-99.7,-99.7,-99.7,-99.7,984.4,1010.1
202509081153,285,27.2,74.1,22.2,33.2,32.2,-99.7,-99.7,-99.7,-99.7,-99.7,-99.7,-99.7,-99.7,-99.7,1008.1,1011.1
202509081153,288,30.4,56.5,20.8,42.4,41.1,-99.7,-99.7,-99.7,-99.7,-99.7,-99.7,-99.7,-99.7,-99.7,1008.3,1009.2
202509081153,289,27.1,56.3,17.7,33.3,29.5,-99.7,-99.7,-99.7,-99.7,-99.7,-99.7,-99.7,-99.7,-99.7,996.1,1011.7
202509081153,294,30.1,58.9,21.2,46.0,46.7,-99.7,-99.7,-99.7,-99.7,-99.7,-99.7,-99.7,-99.7,-99.7,1006.2,1011.2
202509081153,295,28.0,76.6,23.5,39.5,33.4,-99.7,-99.7,-99.7,-99.7,-99.7,-99.7,-99.7,-99.7,-99.7,1005.8,1011.0
202509081153,296,31.9,51.3,20.6,39.5,37.7,-99.7,-99.7,-99.7,-99.7,-99.7,-99.7,-99.7,-99.7,-99.7,1009.3,1009.6
202509081153,300,23.8,78.0,19.7,-99.7,-99.7,-99.7,-99.7,-99.7,-99.7,-99.7,-99.7,-99.7,-99.7,-99.7,1006.5,1011.6
202509081153,301,23.2,91.8,21.8,-99.7,-99.7,-99.7,-99.7,-99.7,-99.7,-99.7,-99.7,-99.7,-99.7,-99.7,1010.3,1011.3
202509081153,302,23.2,93.5,22.1,-99.7,-99.7,-99.7,-99.7,-99.7,-99.7,-99.7,-99.7,-99.7,-99.7,-99.7,1011.2,1011.9
202509081153,303,25.4,95.4,24.6,-99.7,-99.7,-99.7,-99.7,-99.7,-99.7,-99.7,-99.7,-99.7,-99.7,-99.7,998.9,1010.9
202509081153,304,26.2,84.5,23.4,-99.7,-99.7,-99.7,-99.7,-99.7,-99.7,-99.7,-99.7,-99.7,-99.7,-99.7,1008.8,1011.7
202509081153,305,24.2,94.1,23.2,-99.7,-99.7,-99.7,-99.7,-99.7,-99.7,-99.7,-99.7,-99.7,-99.7,-99.7,1008.2,1012.2
202509081153,306,28.3,77.1,23.9,-99.7,-99.7,-99.7,-99.7,-99.7,-99.7,-99.7,-99.7,-99.7,-99.7,-99.7,1009.7,1010.0
202509081153,308,22.8,92.5,21.5,-99.7,-99.7,-99.7,-99.7,-99.7,-99.7,-99.7,-99.7,-99.7,-99.7,-99.7,1010.4,1011.4
202509081153,309,26.3,67.4,19.8,-99.7,-99.7,-99.7,-99.7,-99.7,-99.7,-99.7,-99.7,-99.7,-99.7,-99.7,1009.4,1012.3
202509081153,310,28.0,58.1,19.0,-99.7,-99.7,-99.7,-99.7,-99.7,-99.7,-99.7,-99.7,-99.7,-99.7,-99.7,1007.8,1009.4
202509081153,311,21.0,92.2,19.7,-99.7,-99.7,-99.7,-99.7,-99.7,-99.7,-99.7,-99.7,-99.7,-99.7,-99.7,944.8,1012.6
202509081153,312,26.3,48.8,14.7,-99.7,-99.7,-99.7,-99.7,-99.7,-99.7,-99.7,-99.7,-99.7,-99.7,-99.7,981.2,1010.6
202509081153,313,28.8,78.2,24.6,-99.7,-99.7,-99.7,-99.7,-99.7,-99.7,-99.7,-99.7,-99.7,-99.7,-99.7,1002.6,1010.5
202509081153,314,18.7,28.9,0.3,-99.7,-99.7,-99.7,-99.7,-99.7,-99.7,-99.7,-99.7,-99.7,-99.7,-99.7,849.0,1009.8
202509081153,315,21.6,42.9,8.5,-99.7,-99.7,-99.7,-99.7,-99.7,-99.7,-99.7,-99.7,-99.7,-99.7,-99.7,893.0,1010.5
202509081153,316,20.3,85.8,17.8,-99.7,-99.7,-99.7,-99.7,-99.7,-99.7,-99.7,-99.7,-99.7,-99.7,-99.7,912.0,1012.3
202509081153,317,22.7,71.4,17.3,-99.7,-99.7,-99.7,-99.7,-99.7,-99.7,-99.7,-99.7,-99.7,-99.7,-99.7,999.1,1011.3
202509081153,318,23.7,55.7,14.3,-99.7,-99.7,-99.7,-99.7,-99.7,-99.7,-99.7,-99.7,-99.7,-99.7,-99.7,917.1,1009.8
202509081153,319,26.7,74.9,21.9,-99.7,-99.7,-99.7,-99.7,-99.7,-99.7,-99.7,-99.7,-99.7,-99.7,-99.7,1004.9,1011.5
202509081153,320,21.5,41.2,7.8,-99.7,-99.7,-99.7,-99.7,-99.7,-99.7,-99.7,-99.7,-99.7,-99.7,-99.7,874.2,1009.1
202509081153,321,25.9,66.7,19.2,-99.7,-99.7,-99.7,-99.7,-99.7,-99.7,-99.7,-99.7,-99.7,-99.7,-99.7,982.6,1011.1
202509081153,322,23.6,71.3,18.1,-99.7,-99.7,-99.7,-99.7,-99.7,-99.7,-99.7,-99.7,-99.7,-99.7,-99.7,963.1,1012.1
202509081153,323,25.3,60.2,17.0,-99.7,-99.7,-99.7,-99.7,-99.7,-99.7,-99.7,-99.7,-99.7,-99.7,-99.7,981.2,1012.3
202509081153,324,25.0,66.9,18.4,-99.7,-99.7,-99.7,-99.7,-99.7,-99.7,-99.7,-99.7,-99.7,-99.7,-99.7,993.7,1011.4
202509081153,325,25.7,71.6,20.2,-99.7,-99.7,-99.7,-99.7,-99.7,-99.7,-99.7,-99.7,-99.7,-99.7,-99.7,985.3,1011.4
202509081153,326,23.6,76.1,19.1,-99.7,-99.7,-99.7,-99.7,-99.7,-99.7,-99.7,-99.7,-99.7,-99.7,-99.7,989.4,1011.1
202509081153,327,24.4,75.4,19.8,-99.7,-99.7,-99.7,-99.7,-99.7,-99.7,-99.7,-99.7,-99.7,-99.7,-99.7,999.9,1011.0
202509081153,328,30.5,82.0,27.1,-99.7,-99.7,-99.7,-99.7,-99.7,-99.7,-99.7,-99.7,-99.7,-99.7,-99.7,1003.8,1010.6
202509081153,329,26.2,87.0,23.9,-99.7,-99.7,-99.7,-99.7,-99.7,-99.7,-99.7,-99.7,-99.7,-99.7,-99.7,969.3,1011.3
202509081153,330,26.6,88.7,24.6,-99.7,-99.7,-99.7,-99.7,-99.7,-99.7,-99.7,-99.7,-99.7,-99.7,-99.7,995.3,1011.6
202509081153,331,27.2,88.6,25.2,-99.7,-99.7,-99.7,-99.7,-99.7,-99.7,-99.7,-99.7,-99.7,-99.7,-99.7,961.7,1009.3
202509081153,332,29.5,47.7,17.3,-99.7,-99.7,-99.7,-99.7,-99.7,-99.7,-99.7,-99.7,-99.7,-99.7,-99.7,-99.7,-99.9
202509081153,333,30.4,35.3,13.4,-99.7,-99.7,-99.7,-99.7,-99.7,-99.7,-99.7,-99.7,-99.7,-99.7,-99.7,1001.2,1009.5
202509081153,334,26.7,62.5,19.0,-99.7,-99.7,-99.7,-99.7,-99.7,-99.7,-99.7,-99.7,-99.7,-99.7,-99.7,1007.0,1009.8
202509081153,335,24.1,64.1,16.9,-99.7,-99.7,-99.7,-99.7,-99.7,-99.7,-99.7,-99.7,-99.7,-99.7,-99.7,967.1,1012.7
202509081153,336,26.6,65.9,19.7,-99.7,-99.7,-99.7,-99.7,-99.7,-99.7,-99.7,-99.7,-99.7,-99.7,-99.7,988.7,1012.5
202509081153,337,25.4,68.3,19.1,-99.7,-99.7,-99.7,-99.7,-99.7,-99.7,-99.7,-99.7,-99.7,-99.7,-99.7,989.4,1012.3
202509081153,338,25.6,68.2,19.3,-99.7,-99.7,-99.7,-99.7,-99.7,-99.7,-99.7,-99.7,-99.7,-99.7,-99.7,958.1,1012.1
202509081153,339,27.5,68.6,21.2,-99.7,-99.7,-99.7,-99.7,-99.7,-99.7,-99.7,-99.7,-99.7,-99.7,-99.7,983.7,1011.8
202509081153,340,26.3,68.9,20.1,-99.7,-99.7,-99.7,-99.7,-99.7,-99.7,-99.7,-99.7,-99.7,-99.7,-99.7,996.8,1012.4
202509081153,344,25.9,69.4,19.9,-99.7,-99.7,-99.7,-99.7,-99.7,-99.7,-99.7,-99.7,-99.7,-99.7,-99.7,998.4,1011.6
202509081153,345,25.6,72.1,20.2,-99.7,-99.7,-99.7,-99.7,-99.7,-99.7,-99.7,-99.7,-99.7,-99.7,-99.7,998.2,1010.6
202509081153,346,31.8,40.1,16.6,-99.7,-99.7,-99.7,-99.7,-99.7,-99.7,-99.7,-99.7,-99.7,-99.7,-99.7,1003.3,1009.2
202509081153,347,25.1,70.1,19.3,-99.7,-99.7,-99.7,-99.7,-99.7,-99.7,-99.7,-99.7,-99.7,-99.7,-99.7,994.3,1011.6
202509081153,348,28.2,70.7,22.4,-99.7,-99.7,-99.7,-99.7,-99.7,-99.7,-99.7,-99.7,-99.7,-99.7,-99.7,-99.7,-99.9
202509081153,349,24.5,74.9,19.8,-99.7,-99.7,-99.7,-99.7,-99.7,-99.7,-99.7,-99.7,-99.7,-99.7,-99.7,979.2,1010.2
202509081153,350,23.7,52.6,13.4,-99.7,-99.7,-99.7,-99.7,-99.7,-99.7,-99.7,-99.7,-99.7,-99.7,-99.7,943.4,1010.6
202509081153,351,27.2,-99.7,-99.9,-99.7,-99.7,-99.7,-99.7,-99.7,-99.7,-99.7,-99.7,-99.7,-99.7,-99.7,-99.7,-99.9
202509081153,352,27.7,-99.2,-99.9,-99.7,-99.7,-99.7,-99.7,-99.7,-99.7,-99.7,-99.7,-99.7,-99.7,-99.7,-99.7,-99.9
202509081153,355,26.4,66.4,19.6,-99.7,-99.7,-99.7,-99.7,-99.7,-99.7,-99.7,-99.7,-99.7,-99.7,-99.7,500.0,-99.9
202509081153,356,26.2,65.8,19.3,-99.7,-99.7,-99.7,-99.7,-99.7,-99.7,-99.7,-99.7,-99.7,-99.7,-99.7,500.3,-99.9
202509081153,358,25.2,78.0,21.1,-99.7,-99.7,-99.7,-99.7,-99.7,-99.7,-99.7,-99.7,-99.7,-99.7,-99.7,500.0,-99.9
202509081153,359,25.4,56.8,16.2,-99.7,-99.7,-99.7,-99.7,-99.7,-99.7,-99.7,-99.7,-99.7,-99.7,-99.7,500.0,-99.9
202509081153,360,27.0,59.5,18.4,-99.7,-99.7,-99.7,-99.7,-99.7,-99.7,-99.7,-99.7,-99.7,-99.7,-99.7,500.0,-99.9
202509081153,361,26.2,68.8,20.0,-99.7,-99.7,-99.7,-99.7,-99.7,-99.7,-99.7,-99.7,-99.7,-99.7,-99.7,500.0,-99.9
202509081153,364,25.8,63.2,18.3,-99.7,-99.7,-99.7,-99.7,-99.7,-99.7,-99.7,-99.7,-99.7,-99.7,-99.7,500.0,-99.9
202509081153,365,26.9,57.4,17.8,-99.7,-99.7,-99.7,-99.7,-99.7,-99.7,-99.7,-99.7,-99.7,-99.7,-99.7,-99.7,-99.9
202509081153,366,24.8,76.4,20.4,-99.7,-99.7,-99.7,-99.7,-99.7,-99.7,-99.7,-99.7,-99.7,-99.7,-99.7,500.0,-99.9
202509081153,367,27.9,63.1,20.2,-99.7,-99.7,-99.7,-99.7,-99.7,-99.7,-99.7,-99.7,-99.7,-99.7,-99.7,500.0,-99.9
202509081153,368,25.0,69.4,19.0,-99.7,-99.7,-99.7,-99.7,-99.7,-99.7,-99.7,-99.7,-99.7,-99.7,-99.7,-99.7,-99.9
202509081153,369,27.0,67.0,20.4,-99.7,-99.7,-99.7,-99.7,-99.7,-99.7,-99.7,-99.7,-99.7,-99.7,-99.7,500.0,-99.9
202509081153,370,-99.9,-99.9,-99.9,-99.9,-99.9,-99.9,-99.9,-99.9,-99.9,-99.9,-99.9,-99.9,-99.9,-99.9,-99.9,-99.9
202509081153,371,26.4,66.1,19.6,-99.7,-99.7,-99.7,-99.7,-99.7,-99.7,-99.7,-99.7,-99.7,-99.7,-99.7,500.0,-99.9
202509081153,372,29.8,50.6,18.5,-99.7,-99.7,-99.7,-99.7,-99.7,-99.7,-99.7,-99.7,-99.7,-99.7,-99.7,-99.7,-99.9
202509081153,373,28.1,51.2,17.1,-99.7,-99.7,-99.7,-99.7,-99.7,-99.7,-99.7,-99.7,-99.7,-99.7,-99.7,-99.7,-99.9
202509081153,374,25.1,73.8,20.1,-99.7,-99.7,-99.7,-99.7,-99.7,-99.7,-99.7,-99.7,-99.7,-99.7,-99.7,500.0,-99.9
202509081153,375,28.1,58.4,19.2,-99.7,-99.7,-99.7,-99.7,-99.7,-99.7,-99.7,-99.7,-99.7,-99.7,-99.7,-99.7,-99.9
202509081153,376,27.2,68.6,20.9,-99.7,-99.7,-99.7,-99.7,-99.7,-99.7,-99.7,-99.7,-99.7,-99.7,-99.7,1003.7,1011.5
202509081153,377,26.4,65.7,19.5,-99.7,-99.7,-99.7,-99.7,-99.7,-99.7,-99.7,-99.7,-99.7,-99.7,-99.7,1008.1,1011.3
202509081153,378,23.2,83.3,20.2,-99.7,-99.7,-99.7,-99.7,-99.7,-99.7,-99.7,-99.7,-99.7,-99.7,-99.7,1003.7,1011.9
202509081153,379,22.4,74.3,17.6,-99.7,-99.7,-99.7,-99.7,-99.7,-99.7,-99.7,-99.7,-99.7,-99.7,-99.7,978.2,1011.4
202509081153,400,26.4,66.6,19.7,-99.7,-99.7,-99.7,-99.7,-99.7,-99.7,-99.7,-99.7,-99.7,-99.7,-99.7,-99.7,-99.9
202509081153,401,26.2,64.0,18.9,-99.7,-99.7,-99.7,-99.7,-99.7,-99.7,-99.7,-99.7,-99.7,-99.7,-99.7,1006.9,1010.7
202509081153,402,25.2,63.9,17.9,-99.7,-99.7,-99.7,-99.7,-99.7,-99.7,-99.7,-99.7,-99.7,-99.7,-99.7,1004.6,1010.9
202509081153,403,26.0,68.4,19.7,-99.7,-99.7,-99.7,-99.7,-99.7,-99.7,-99.7,-99.7,-99.7,-99.7,-99.7,1005.4,1011.6
202509081153,404,27.8,55.1,18.0,-99.7,-99.7,-99.7,-99.7,-99.7,-99.7,-99.7,-99.7,-99.7,-99.7,-99.7,1010.7,1011.8
202509081153,405,27.6,55.6,17.9,-99.7,-99.7,-99.7,-99.7,-99.7,-99.7,-99.7,-99.7,-99.7,-99.7,-99.7,1008.6,1011.2
202509081153,406,25.5,70.0,19.6,-99.7,-99.7,-99.7,-99.7,-99.7,-99.7,-99.7,-99.7,-99.7,-99.7,-99.7,1005.4,1011.9
202509081153,407,26.5,63.6,19.0,-99.7,-99.7,-99.7,-99.7,-99.7,-99.7,-99.7,-99.7,-99.7,-99.7,-99.7,1009.0,1011.9
202509081153,408,26.5,63.4,19.0,-99.7,-99.7,-99.7,-99.7,-99.7,-99.7,-99.7,-99.7,-99.7,-99.7,-99.7,1006.0,1012.1
202509081153,409,26.6,55.4,16.9,-99.7,-99.7,-99.7,-99.7,-99.7,-99.7,-99.7,-99.7,-99.7,-99.7,-99.7,1006.3,1010.7
202509081153,410,26.4,55.8,16.9,-99.7,-99.7,-99.7,-99.7,-99.7,-99.7,-99.7,-99.7,-99.7,-99.7,-99.7,1006.7,1011.5
202509081153,411,26.7,72.1,21.3,-99.7,-99.7,-99.7,-99.7,-99.7,-99.7,-99.7,-99.7,-99.7,-99.7,-99.7,999.5,1010.9
202509081153,412,26.1,75.1,21.3,-99.7,-99.7,-99.7,-99.7,-99.7,-99.7,-99.7,-99.7,-99.7,-99.7,-99.7,1000.2,1011.9
202509081153,413,26.5,61.0,18.4,-99.7,-99.7,-99.7,-99.7,-99.7,-99.7,-99.7,-99.7,-99.7,-99.7,-99.7,1008.3,1011.7
202509081153,414,26.1,59.6,17.6,-99.7,-99.7,-99.7,-99.7,-99.7,-99.7,-99.7,-99.7,-99.7,-99.7,-99.7,996.6,1011.2
202509081153,415,26.6,57.8,17.6,-99.7,-99.7,-99.7,-99.7,-99.7,-99.7,-99.7,-99.7,-99.7,-99.7,-99.7,1008.0,1011.6
202509081153,416,27.4,48.3,15.5,-99.7,-99.7,-99.7,-99.7,-99.7,-99.7,-99.7,-99.7,-99.7,-99.7,-99.7,1004.4,1010.6
202509081153,417,27.9,56.1,18.4,-99.7,-99.7,-99.7,-99.7,-99.7,-99.7,-99.7,-99.7,-99.7,-99.7,-99.7,1006.5,1011.6
202509081153,418,26.4,61.5,18.4,-99.7,-99.7,-99.7,-99.7,-99.7,-99.7,-99.7,-99.7,-99.7,-99.7,-99.7,-99.7,-99.9
202509081153,419,24.1,70.1,18.3,-99.7,-99.7,-99.7,-99.7,-99.7,-99.7,-99.7,-99.7,-99.7,-99.7,-99.7,981.4,1011.6
202509081153,421,26.9,66.0,20.0,-99.7,-99.7,-99.7,-99.7,-99.7,-99.7,-99.7,-99.7,-99.7,-99.7,-99.7,1007.3,1011.2
202509081153,423,27.5,65.1,20.4,-99.7,-99.7,-99.7,-99.7,-99.7,-99.7,-99.7,-99.7,-99.7,-99.7,-99.7,1005.5,1011.9
202509081153,424,25.9,61.7,18.0,-99.7,-99.7,-99.7,-99.7,-99.7,-99.7,-99.7,-99.7,-99.7,-99.7,-99.7,1003.4,1011.3
202509081153,425,25.4,59.4,16.9,-99.7,-99.7,-99.7,-99.7,-99.7,-99.7,-99.7,-99.7,-99.7,-99.7,-99.7,999.1,1012.0
202509081153,426,25.2,71.6,19.7,-99.7,-99.7,-99.7,-99.7,-99.7,-99.7,-99.7,-99.7,-99.7,-99.7,-99.7,994.2,1010.9
202509081153,427,27.8,63.5,20.2,-99.7,-99.7,-99.7,-99.7,-99.7,-99.7,-99.7,-99.7,-99.7,-99.7,-99.7,1010.3,1011.3
202509081153,428,25.9,77.0,21.6,-99.7,-99.7,-99.7,-99.7,-99.7,-99.7,-99.7,-99.7,-99.7,-99.7,-99.7,-99.7,-99.9
202509081153,430,25.9,66.6,19.2,-99.7,-99.7,-99.7,-99.7,-99.7,-99.7,-99.7,-99.7,-99.7,-99.7,-99.7,500.0,-99.9
202509081153,431,25.7,62.1,17.9,-99.7,-99.7,-99.7,-99.7,-99.7,-99.7,-99.7,-99.7,-99.7,-99.7,-99.7,-99.7,-99.9
202509081153,432,25.2,73.2,20.1,-99.7,-99.7,-99.7,-99.7,-99.7,-99.7,-99.7,-99.7,-99.7,-99.7,-99.7,500.0,-99.9
202509081153,433,27.1,58.8,18.4,-99.7,-99.7,-99.7,-99.7,-99.7,-99.7,-99.7,-99.7,-99.7,-99.7,-99.7,-99.7,-99.9
202509081153,434,25.9,-99.2,-99.9,-99.7,-99.7,-99.7,-99.7,-99.7,-99.7,-99.7,-99.7,-99.7,-99.7,-99.7,-99.7,-99.9
202509081153,435,25.7,-99.2,-99.9,-99.7,-99.7,-99.7,-99.7,-99.7,-99.7,-99.7,-99.7,-99.7,-99.7,-99.7,-99.7,-99.9
202509081153,436,26.2,63.0,18.6,-99.7,-99.7,-99.7,-99.7,-99.7,-99.7,-99.7,-99.7,-99.7,-99.7,-99.7,-99.7,-99.9
202509081153,437,26.9,61.1,18.8,-99.7,-99.7,-99.7,-99.7,-99.7,-99.7,-99.7,-99.7,-99.7,-99.7,-99.7,-99.7,-99.9
202509081153,438,25.8,64.7,18.7,-99.7,-99.7,-99.7,-99.7,-99.7,-99.7,-99.7,-99.7,-99.7,-99.7,-99.7,-99.7,-99.9
202509081153,439,26.8,64.3,19.5,-99.7,-99.7,-99.7,-99.7,-99.7,-99.7,-99.7,-99.7,-99.7,-99.7,-99.7,-99.7,-99.9
202509081153,440,26.0,-99.2,-99.9,-99.7,-99.7,-99.7,-99.7,-99.7,-99.7,-99.7,-99.7,-99.7,-99.7,-99.7,500.0,-99.9
202509081153,441,27.9,61.6,19.9,-99.7,-99.7,-99.7,-99.7,-99.7,-99.7,-99.7,-99.7,-99.7,-99.7,-99.7,500.0,-99.9
202509081153,442,-99.9,-99.9,-99.9,-99.9,-99.9,-99.9,-99.9,-99.9,-99.9,-99.9,-99.9,-99.9,-99.9,-99.9,-99.9,-99.9
202509081153,443,23.4,71.4,17.9,-99.7,-99.7,-99.7,-99.7,-99.7,-99.7,-99.7,-99.7,-99.7,-99.7,-99.7,-99.7,-99.9
202509081153,444,25.3,75.9,20.7,-99.7,-99.7,-99.7,-99.7,-99.7,-99.7,-99.7,-99.7,-99.7,-99.7,-99.7,500.0,-99.9
202509081153,445,25.8,75.9,21.2,-99.7,-99.7,-99.7,-99.7,-99.7,-99.7,-99.7,-99.7,-99.7,-99.7,-99.7,500.0,-99.9
202509081153,446,26.9,78.8,22.9,-99.7,-99.7,-99.7,-99.7,-99.7,-99.7,-99.7,-99.7,-99.7,-99.7,-99.7,500.0,-99.9
202509081153,447,28.8,68.3,22.4,-99.7,-99.7,-99.7,-99.7,-99.7,-99.7,-99.7,-99.7,-99.7,-99.7,-99.7,500.0,-99.9
202509081153,448,25.4,69.9,19.5,-99.7,-99.7,-99.7,-99.7,-99.7,-99.7,-99.7,-99.7,-99.7,-99.7,-99.7,500.0,-99.9
202509081153,449,24.5,72.0,19.1,-99.7,-99.7,-99.7,-99.7,-99.7,-99.7,-99.7,-99.7,-99.7,-99.7,-99.7,-99.7,-99.9
202509081153,450,28.0,57.7,18.9,-99.7,-99.7,-99.7,-99.7,-99.7,-99.7,-99.7,-99.7,-99.7,-99.7,-99.7,-99.7,-99.9
202509081153,451,27.0,55.6,17.4,-99.7,-99.7,-99.7,-99.7,-99.7,-99.7,-99.7,-99.7,-99.7,-99.7,-99.7,-99.7,-99.9
202509081153,452,27.3,56.2,17.8,-99.7,-99.7,-99.7,-99.7,-99.7,-99.7,-99.7,-99.7,-99.7,-99.7,-99.7,-99.7,-99.9
202509081153,453,26.2,-99.2,-99.9,-99.7,-99.7,-99.7,-99.7,-99.7,-99.7,-99.7,-99.7,-99.7,-99.7,-99.7,-99.7,-99.9
202509081153,454,26.2,-99.2,-99.9,-99.7,-99.7,-99.7,-99.7,-99.7,-99.7,-99.7,-99.7,-99.7,-99.7,-99.7,-99.7,-99.9
202509081153,455,25.4,70.7,19.7,-99.7,-99.7,-99.7,-99.7,-99.7,-99.7,-99.7,-99.7,-99.7,-99.7,-99.7,-99.7,-99.9
202509081153,456,-99.2,56.0,-99.9,-99.7,-99.7,-99.7,-99.7,-99.7,-99.7,-99.7,-99.7,-99.7,-99.7,-99.7,-99.7,-99.9
202509081153,457,28.0,63.4,20.4,-99.7,-99.7,-99.7,-99.7,-99.7,-99.7,-99.7,-99.7,-99.7,-99.7,-99.7,-99.7,-99.9
202509081153,458,25.8,67.1,19.2,-99.7,-99.7,-99.7,-99.7,-99.7,-99.7,-99.7,-99.7,-99.7,-99.7,-99.7,-99.7,-99.9
202509081153,459,26.4,68.9,20.2,-99.7,-99.7,-99.7,-99.7,-99.7,-99.7,-99.7,-99.7,-99.7,-99.7,-99.7,-99.7,-99.9
202509081153,460,26.5,63.4,19.0,-99.7,-99.7,-99.7,-99.7,-99.7,-99.7,-99.7,-99.7,-99.7,-99.7,-99.7,501.0,-99.9
202509081153,461,-99.2,64.7,-99.9,-99.7,-99.7,-99.7,-99.7,-99.7,-99.7,-99.7,-99.7,-99.7,-99.7,-99.7,-99.7,-99.9
202509081153,462,26.3,67.2,19.7,-99.7,-99.7,-99.7,-99.7,-99.7,-99.7,-99.7,-99.7,-99.7,-99.7,-99.7,-99.7,-99.9
202509081153,463,26.2,69.4,20.2,-99.7,-99.7,-99.7,-99.7,-99.7,-99.7,-99.7,-99.7,-99.7,-99.7,-99.7,500.0,-99.9
202509081153,464,25.7,71.8,20.2,-99.7,-99.7,-99.7,-99.7,-99.7,-99.7,-99.7,-99.7,-99.7,-99.7,-99.7,500.0,-99.9
202509081153,465,28.1,71.1,22.4,-99.7,-99.7,-99.7,-99.7,-99.7,-99.7,-99.7,-99.7,-99.7,-99.7,-99.7,500.0,-99.9
202509081153,466,27.1,67.0,20.5,-99.7,-99.7,-99.7,-99.7,-99.7,-99.7,-99.7,-99.7,-99.7,-99.7,-99.7,500.0,-99.9
202509081153,467,26.3,-99.2,-99.9,-99.7,-99.7,-99.7,-99.7,-99.7,-99.7,-99.7,-99.7,-99.7,-99.7,-99.7,-99.7,-99.9
202509081153,468,27.0,74.5,22.1,-99.7,-99.7,-99.7,-99.7,-99.7,-99.7,-99.7,-99.7,-99.7,-99.7,-99.7,-99.7,-99.9
202509081153,469,26.6,71.4,21.0,-99.7,-99.7,-99.7,-99.7,-99.7,-99.7,-99.7,-99.7,-99.7,-99.7,-99.7,-99.7,-99.9
202509081153,470,-99.9,-99.9,-99.9,-99.9,-99.9,-99.9,-99.9,-99.9,-99.9,-99.9,-99.9,-99.9,-99.9,-99.9,-99.9,-99.9
202509081153,471,26.0,-99.2,-99.9,-99.7,-99.7,-99.7,-99.7,-99.7,-99.7,-99.7,-99.7,-99.7,-99.7,-99.7,-99.7,-99.9
202509081153,472,25.9,72.2,20.5,-99.7,-99.7,-99.7,-99.7,-99.7,-99.7,-99.7,-99.7,-99.7,-99.7,-99.7,-99.7,-99.9
202509081153,473,26.8,47.9,14.9,-99.7,-99.7,-99.7,-99.7,-99.7,-99.7,-99.7,-99.7,-99.7,-99.7,-99.7,-99.7,-99.9
202509081153,474,26.5,-99.2,-99.9,-99.7,-99.7,-99.7,-99.7,-99.7,-99.7,-99.7,-99.7,-99.7,-99.7,-99.7,-99.7,-99.9
202509081153,475,25.9,61.5,17.9,-99.7,-99.7,-99.7,-99.7,-99.7,-99.7,-99.7,-99.7,-99.7,-99.7,-99.7,500.0,-99.9
202509081153,476,25.7,61.1,17.7,-99.7,-99.7,-99.7,-99.7,-99.7,-99.7,-99.7,-99.7,-99.7,-99.7,-99.7,-99.7,-99.9
202509081153,477,-99.2,-99.2,-99.9,-99.7,-99.7,-99.7,-99.7,-99.7,-99.7,-99.7,-99.7,-99.7,-99.7,-99.7,-99.7,-99.9
202509081153,478,26.2,85.0,23.5,-99.7,-99.7,-99.7,-99.7,-99.7,-99.7,-99.7,-99.7,-99.7,-99.7,-99.7,-99.7,-99.9
202509081153,479,25.5,79.7,21.7,-99.7,-99.7,-99.7,-99.7,-99.7,-99.7,-99.7,-99.7,-99.7,-99.7,-99.7,-99.7,-99.9
202509081153,480,28.6,56.7,19.2,-99.7,-99.7,-99.7,-99.7,-99.7,-99.7,-99.7,-99.7,-99.7,-99.7,-99.7,-99.7,-99.9
202509081153,481,29.0,67.0,22.3,-99.7,-99.7,-99.7,-99.7,-99.7,-99.7,-99.7,-99.7,-99.7,-99.7,-99.7,-99.7,-99.9
202509081153,482,28.4,46.9,16.0,-99.7,-99.7,-99.7,-99.7,-99.7,-99.7,-99.7,-99.7,-99.7,-99.7,-99.7,-99.7,-99.9
202509081153,483,27.8,68.5,21.5,-99.7,-99.7,-99.7,-99.7,-99.7,-99.7,-99.7,-99.7,-99.7,-99.7,-99.7,-99.7,-99.9
202509081153,484,24.7,69.2,18.7,-99.7,-99.7,-99.7,-99.7,-99.7,-99.7,-99.7,-99.7,-99.7,-99.7,-99.7,-99.7,-99.9
202509081153,485,26.5,61.9,18.6,-99.7,-99.7,-99.7,-99.7,-99.7,-99.7,-99.7,-99.7,-99.7,-99.7,-99.7,-99.7,-99.9
202509081153,486,25.0,83.5,22.0,-99.7,-99.7,-99.7,-99.7,-99.7,-99.7,-99.7,-99.7,-99.7,-99.7,-99.7,-99.7,-99.9
202509081153,487,26.3,59.6,17.8,-99.7,-99.7,-99.7,-99.7,-99.7,-99.7,-99.7,-99.7,-99.7,-99.7,-99.7,-99.7,-99.9
202509081153,488,26.3,76.4,21.8,-99.7,-99.7,-99.7,-99.7,-99.7,-99.7,-99.7,-99.7,-99.7,-99.7,-99.7,500.0,-99.9
202509081153,489,25.9,67.4,19.4,-99.7,-99.7,-99.7,-99.7,-99.7,-99.7,-99.7,-99.7,-99.7,-99.7,-99.7,-99.7,-99.9
202509081153,491,26.1,73.7,21.0,-99.7,-99.7,-99.7,-99.7,-99.7,-99.7,-99.7,-99.7,-99.7,-99.7,-99.7,500.0,-99.9
202509081153,492,26.6,62.3,18.8,-99.7,-99.7,-99.7,-99.7,-99.7,-99.7,-99.7,-99.7,-99.7,-99.7,-99.7,500.0,-99.9
202509081153,493,26.4,63.9,19.0,-99.7,-99.7,-99.7,-99.7,-99.7,-99.7,-99.7,-99.7,-99.7,-99.7,-99.7,1007.4,1011.4
202509081153,494,23.4,86.6,21.0,-99.7,-99.7,-99.7,-99.7,-99.7,-99.7,-99.7,-99.7,-99.7,-99.7,-99.7,999.8,1012.0
202509081153,495,25.8,76.5,21.4,-99.7,-99.7,-99.7,-99.7,-99.7,-99.7,-99.7,-99.7,-99.7,-99.7,-99.7,-99.7,-99.9
202509081153,496,24.1,85.0,21.4,-99.7,-99.7,-99.7,-99.7,-99.7,-99.7,-99.7,-99.7,-99.7,-99.7,-99.7,-99.7,-99.9
202509081153,497,26.4,46.8,14.1,-99.7,-99.7,-99.7,-99.7,-99.7,-99.7,-99.7,-99.7,-99.7,-99.7,-99.7,937.4,1009.5
202509081153,498,21.0,65.4,14.3,-99.7,-99.7,-99.7,-99.7,-99.7,-99.7,-99.7,-99.7,-99.7,-99.7,-99.7,900.3,1011.2
202509081153,499,25.1,68.6,18.9,-99.7,-99.7,-99.7,-99.7,-99.7,-99.7,-99.7,-99.7,-99.7,-99.7,-99.7,1006.1,1012.2
202509081153,500,27.5,52.9,17.1,-99.7,-99.7,-99.7,-99.7,-99.7,-99.7,-99.7,-99.7,-99.7,-99.7,-99.7,1006.2,1011.6
202509081153,501,26.8,61.5,18.8,-99.7,-99.7,-99.7,-99.7,-99.7,-99.7,-99.7,-99.7,-99.7,-99.7,-99.7,1011.2,1012.1
202509081153,502,26.1,74.1,21.1,-99.7,-99.7,-99.7,-99.7,-99.7,-99.7,-99.7,-99.7,-99.7,-99.7,-99.7,1010.4,1012.0
202509081153,503,26.0,64.3,18.7,-99.7,-99.7,-99.7,-99.7,-99.7,-99.7,-99.7,-99.7,-99.7,-99.7,-99.7,1010.2,1012.3
202509081153,504,26.7,54.5,16.8,-99.7,-99.7,-99.7,-99.7,-99.7,-99.7,-99.7,-99.7,-99.7,-99.7,-99.7,999.8,1011.7
202509081153,505,25.0,72.9,19.8,-99.7,-99.7,-99.7,-99.7,-99.7,-99.7,-99.7,-99.7,-99.7,-99.7,-99.7,993.2,1012.6
202509081153,506,27.1,58.1,18.2,-99.7,-99.7,-99.7,-99.7,-99.7,-99.7,-99.7,-99.7,-99.7,-99.7,-99.7,1010.6,1012.1
202509081153,507,27.1,56.8,17.8,-99.7,-99.7,-99.7,-99.7,-99.7,-99.7,-99.7,-99.7,-99.7,-99.7,-99.7,1003.4,1012.0
202509081153,508,25.6,74.2,20.7,-99.7,-99.7,-99.7,-99.7,-99.7,-99.7,-99.7,-99.7,-99.7,-99.7,-99.7,995.3,1011.3
202509081153,509,25.3,62.1,17.5,-99.7,-99.7,-99.7,-99.7,-99.7,-99.7,-99.7,-99.7,-99.7,-99.7,-99.7,994.5,1010.6
202509081153,510,28.2,53.0,17.7,-99.7,-99.7,-99.7,-99.7,-99.7,-99.7,-99.7,-99.7,-99.7,-99.7,-99.7,1008.8,1011.7
202509081153,511,27.6,54.8,17.7,-99.7,-99.7,-99.7,-99.7,-99.7,-99.7,-99.7,-99.7,-99.7,-99.7,-99.7,1010.8,1011.6
202509081153,512,27.2,59.4,18.6,-99.7,-99.7,-99.7,-99.7,-99.7,-99.7,-99.7,-99.7,-99.7,-99.7,-99.7,1010.8,1011.7
202509081153,513,26.3,62.6,18.6,-99.7,-99.7,-99.7,-99.7,-99.7,-99.7,-99.7,-99.7,-99.7,-99.7,-99.7,1008.4,1011.8
202509081153,514,26.9,67.3,20.3,-99.7,-99.7,-99.7,-99.7,-99.7,-99.7,-99.7,-99.7,-99.7,-99.7,-99.7,1010.6,1011.7
202509081153,515,25.5,75.2,20.8,-99.7,-99.7,-99.7,-99.7,-99.7,-99.7,-99.7,-99.7,-99.7,-99.7,-99.7,-99.7,-99.9
202509081153,516,26.0,66.1,19.2,-99.7,-99.7,-99.7,-99.7,-99.7,-99.7,-99.7,-99.7,-99.7,-99.7,-99.7,1008.9,1011.6
202509081153,517,28.0,50.6,16.8,-99.7,-99.7,-99.7,-99.7,-99.7,-99.7,-99.7,-99.7,-99.7,-99.7,-99.7,1008.8,1009.5
202509081153,518,23.6,71.4,18.1,-99.7,-99.7,-99.7,-99.7,-99.7,-99.7,-99.7,-99.7,-99.7,-99.7,-99.7,958.5,1010.9
202509081153,519,24.7,64.5,17.6,-99.7,-99.7,-99.7,-99.7,-99.7,-99.7,-99.7,-99.7,-99.7,-99.7,-99.7,977.6,1011.2
202509081153,520,27.5,63.5,20.0,-99.7,-99.7,-99.7,-99.7,-99.7,-99.7,-99.7,-99.7,-99.7,-99.7,-99.7,994.9,1010.2
202509081153,522,25.0,66.4,18.3,-99.7,-99.7,-99.7,-99.7,-99.7,-99.7,-99.7,-99.7,-99.7,-99.7,-99.7,988.6,1011.0
202509081153,523,27.8,55.3,18.0,-99.7,-99.7,-99.7,-99.7,-99.7,-99.7,-99.7,-99.7,-99.7,-99.7,-99.7,1008.5,1009.5
202509081153,524,28.9,50.3,17.5,-99.7,-99.7,-99.7,-99.7,-99.7,-99.7,-99.7,-99.7,-99.7,-99.7,-99.7,1008.8,1009.3
202509081153,525,23.8,46.9,11.8,-99.7,-99.7,-99.7,-99.7,-99.7,-99.7,-99.7,-99.7,-99.7,-99.7,-99.7,-99.7,-99.9
202509081153,526,24.2,69.6,18.3,-99.7,-99.7,-99.7,-99.7,-99.7,-99.7,-99.7,-99.7,-99.7,-99.7,-99.7,976.0,1010.2
202509081153,527,25.3,53.9,15.3,-99.7,-99.7,-99.7,-99.7,-99.7,-99.7,-99.7,-99.7,-99.7,-99.7,-99.7,965.9,1009.7
202509081153,529,29.2,48.6,17.3,-99.7,-99.7,-99.7,-99.7,-99.7,-99.7,-99.7,-99.7,-99.7,-99.7,-99.7,1006.3,1010.4
202509081153,530,25.2,79.5,21.4,-99.7,-99.7,-99.7,-99.7,-99.7,-99.7,-99.7,-99.7,-99.7,-99.7,-99.7,-99.7,-99.9
202509081153,531,24.9,73.8,19.9,-99.7,-99.7,-99.7,-99.7,-99.7,-99.7,-99.7,-99.7,-99.7,-99.7,-99.7,999.2,1011.7
202509081153,532,26.8,62.0,18.9,-99.7,-99.7,-99.7,-99.7,-99.7,-99.7,-99.7,-99.7,-99.7,-99.7,-99.7,1001.8,1011.9
202509081153,533,26.9,63.0,19.3,-99.7,-99.7,-99.7,-99.7,-99.7,-99.7,-99.7,-99.7,-99.7,-99.7,-99.7,-99.7,-99.9
202509081153,534,24.9,77.3,20.7,-99.7,-99.7,-99.7,-99.7,-99.7,-99.7,-99.7,-99.7,-99.7,-99.7,-99.7,1002.0,1012.1
202509081153,535,24.9,65.8,18.1,-99.7,-99.7,-99.7,-99.7,-99.7,-99.7,-99.7,-99.7,-99.7,-99.7,-99.7,975.7,1010.9
202509081153,536,26.8,58.2,17.9,-99.7,-99.7,-99.7,-99.7,-99.7,-99.7,-99.7,-99.7,-99.7,-99.7,-99.7,998.0,1010.9
202509081153,537,27.2,51.9,16.5,-99.7,-99.7,-99.7,-99.7,-99.7,-99.7,-99.7,-99.7,-99.7,-99.7,-99.7,956.1,1009.8
202509081153,538,25.9,65.0,18.8,-99.7,-99.7,-99.7,-99.7,-99.7,-99.7,-99.7,-99.7,-99.7,-99.7,-99.7,1002.8,1012.3
202509081153,539,25.8,55.9,16.3,-99.7,-99.7,-99.7,-99.7,-99.7,-99.7,-99.7,-99.7,-99.7,-99.7,-99.7,995.3,1011.7
202509081153,540,27.5,59.6,18.9,-99.7,-99.7,-99.7,-99.7,-99.7,-99.7,-99.7,-99.7,-99.7,-99.7,-99.7,1005.3,1010.4
202509081153,541,26.3,63.5,18.8,-99.7,-99.7,-99.7,-99.7,-99.7,-99.7,-99.7,-99.7,-99.7,-99.7,-99.7,1008.9,1011.8
202509081153,542,25.8,72.9,20.6,-99.7,-99.7,-99.7,-99.7,-99.7,-99.7,-99.7,-99.7,-99.7,-99.7,-99.7,1007.3,1012.1
202509081153,543,26.5,62.9,18.9,-99.7,-99.7,-99.7,-99.7,-99.7,-99.7,-99.7,-99.7,-99.7,-99.7,-99.7,1008.5,1011.4
202509081153,544,25.9,69.6,19.9,-99.7,-99.7,-99.7,-99.7,-99.7,-99.7,-99.7,-99.7,-99.7,-99.7,-99.7,1010.0,1011.3
202509081153,545,26.6,67.4,20.1,-99.7,-99.7,-99.7,-99.7,-99.7,-99.7,-99.7,-99.7,-99.7,-99.7,-99.7,1011.3,1012.0
202509081153,546,23.2,80.7,19.7,-99.7,-99.7,-99.7,-99.7,-99.7,-99.7,-99.7,-99.7,-99.7,-99.7,-99.7,997.0,1011.0
202509081153,547,27.6,62.5,19.8,-99.7,-99.7,-99.7,-99.7,-99.7,-99.7,-99.7,-99.7,-99.7,-99.7,-99.7,999.0,1011.3
202509081153,548,25.3,74.2,20.4,-99.7,-99.7,-99.7,-99.7,-99.7,-99.7,-99.7,-99.7,-99.7,-99.7,-99.7,998.4,-99.9
202509081153,549,26.9,71.7,21.4,-99.7,-99.7,-99.7,-99.7,-99.7,-99.7,-99.7,-99.7,-99.7,-99.7,-99.7,1002.3,1011.7
202509081153,550,26.1,71.1,20.5,-99.7,-99.7,-99.7,-99.7,-99.7,-99.7,-99.7,-99.7,-99.7,-99.7,-99.7,1006.3,1010.3
202509081153,551,25.1,78.1,21.0,-99.7,-99.7,-99.7,-99.7,-99.7,-99.7,-99.7,-99.7,-99.7,-99.7,-99.7,-99.7,-99.9
202509081153,552,24.4,64.2,17.2,-99.7,-99.7,-99.7,-99.7,-99.7,-99.7,-99.7,-99.7,-99.7,-99.7,-99.7,985.0,1011.0
202509081153,553,27.9,56.7,18.5,-99.7,-99.7,-99.7,-99.7,-99.7,-99.7,-99.7,-99.7,-99.7,-99.7,-99.7,1007.9,1008.9
202509081153,554,22.8,66.0,16.1,-99.7,-99.7,-99.7,-99.7,-99.7,-99.7,-99.7,-99.7,-99.7,-99.7,-99.7,925.4,1010.1
202509081153,555,24.5,67.5,18.1,-99.7,-99.7,-99.7,-99.7,-99.7,-99.7,-99.7,-99.7,-99.7,-99.7,-99.7,999.7,1012.2
202509081153,556,24.1,70.9,18.5,-99.7,-99.7,-99.7,-99.7,-99.7,-99.7,-99.7,-99.7,-99.7,-99.7,-99.7,989.3,1010.6
202509081153,557,24.8,57.3,15.8,-99.7,-99.7,-99.7,-99.7,-99.7,-99.7,-99.7,-99.7,-99.7,-99.7,-99.7,977.7,1010.6
202509081153,558,24.9,69.3,18.9,-99.7,-99.7,-99.7,-99.7,-99.7,-99.7,-99.7,-99.7,-99.7,-99.7,-99.7,1000.5,1011.3
202509081153,559,24.1,56.2,14.8,-99.7,-99.7,-99.7,-99.7,-99.7,-99.7,-99.7,-99.7,-99.7,-99.7,-99.7,946.0,1009.6
202509081153,560,24.4,54.3,14.6,-99.7,-99.7,-99.7,-99.7,-99.7,-99.7,-99.7,-99.7,-99.7,-99.7,-99.7,949.5,1009.4
202509081153,561,25.4,68.9,19.3,-99.7,-99.7,-99.7,-99.7,-99.7,-99.7,-99.7,-99.7,-99.7,-99.7,-99.7,985.0,1010.0
202509081153,563,26.3,56.6,17.0,-99.7,-99.7,-99.7,-99.7,-99.7,-99.7,-99.7,-99.7,-99.7,-99.7,-99.7,970.6,1011.1
202509081153,565,26.9,65.6,19.9,-99.7,-99.7,-99.7,-99.7,-99.7,-99.7,-99.7,-99.7,-99.7,-99.7,-99.7,1011.3,1012.0
202509081153,566,29.6,38.5,14.0,-99.7,-99.7,-99.7,-99.7,-99.7,-99.7,-99.7,-99.7,-99.7,-99.7,-99.7,1009.6,1010.3
202509081153,567,26.5,71.0,20.8,-99.7,-99.7,-99.7,-99.7,-99.7,-99.7,-99.7,-99.7,-99.7,-99.7,-99.7,1003.9,1012.0
202509081153,568,27.3,55.1,17.5,-99.7,-99.7,-99.7,-99.7,-99.7,-99.7,-99.7,-99.7,-99.7,-99.7,-99.7,995.0,1011.0
202509081153,569,25.4,66.0,18.6,-99.7,-99.7,-99.7,-99.7,-99.7,-99.7,-99.7,-99.7,-99.7,-99.7,-99.7,1007.7,1010.8
202509081153,570,27.3,55.5,17.6,-99.7,-99.7,-99.7,-99.7,-99.7,-99.7,-99.7,-99.7,-99.7,-99.7,-99.7,1006.9,1010.7
202509081153,571,26.2,65.9,19.3,-99.7,-99.7,-99.7,-99.7,-99.7,-99.7,-99.7,-99.7,-99.7,-99.7,-99.7,1007.0,1012.2
202509081153,572,24.8,72.2,19.5,-99.7,-99.7,-99.7,-99.7,-99.7,-99.7,-99.7,-99.7,-99.7,-99.7,-99.7,1009.4,1012.7
202509081153,573,25.1,69.9,19.2,-99.7,-99.7,-99.7,-99.7,-99.7,-99.7,-99.7,-99.7,-99.7,-99.7,-99.7,998.2,1011.9
202509081153,574,27.0,72.1,21.5,-99.7,-99.7,-99.7,-99.7,-99.7,-99.7,-99.7,-99.7,-99.7,-99.7,-99.7,1007.3,1011.5
202509081153,575,26.2,78.5,22.2,-99.7,-99.7,-99.7,-99.7,-99.7,-99.7,-99.7,-99.7,-99.7,-99.7,-99.7,1006.0,1011.8
202509081153,576,26.1,67.8,19.7,-99.7,-99.7,-99.7,-99.7,-99.7,-99.7,-99.7,-99.7,-99.7,-99.7,-99.7,999.3,1012.0
202509081153,577,27.1,62.3,19.3,-99.7,-99.7,-99.7,-99.7,-99.7,-99.7,-99.7,-99.7,-99.7,-99.7,-99.7,1011.2,1012.2
202509081153,578,25.2,76.7,20.8,-99.7,-99.7,-99.7,-99.7,-99.7,-99.7,-99.7,-99.7,-99.7,-99.7,-99.7,1010.2,1011.1
202509081153,579,27.5,48.8,15.8,-99.7,-99.7,-99.7,-99.7,-99.7,-99.7,-99.7,-99.7,-99.7,-99.7,-99.7,-99.7,-99.9
202509081153,580,31.9,37.4,15.6,-99.7,-99.7,-99.7,-99.7,-99.7,-99.7,-99.7,-99.7,-99.7,-99.7,-99.7,-99.7,-99.9
202509081153,581,25.1,60.4,16.9,-99.7,-99.7,-99.7,-99.7,-99.7,-99.7,-99.7,-99.7,-99.7,-99.7,-99.7,964.0,1011.1
202509081153,582,25.4,68.7,19.2,-99.7,-99.7,-99.7,-99.7,-99.7,-99.7,-99.7,-99.7,-99.7,-99.7,-99.7,974.2,1011.0
202509081153,583,23.7,69.6,17.8,-99.7,-99.7,-99.7,-99.7,-99.7,-99.7,-99.7,-99.7,-99.7,-99.7,-99.7,951.6,1011.1
202509081153,585,24.3,76.3,19.9,-99.7,-99.7,-99.7,-99.7,-99.7,-99.7,-99.7,-99.7,-99.7,-99.7,-99.7,984.8,1011.5
202509081153,586,25.5,66.7,18.9,-99.7,-99.7,-99.7,-99.7,-99.7,-99.7,-99.7,-99.7,-99.7,-99.7,-99.7,984.7,1010.2
202509081153,587,24.7,72.0,19.3,-99.7,-99.7,-99.7,-99.7,-99.7,-99.7,-99.7,-99.7,-99.7,-99.7,-99.7,979.9,1011.1
202509081153,588,24.8,68.5,18.6,-99.7,-99.7,-99.7,-99.7,-99.7,-99.7,-99.7,-99.7,-99.7,-99.7,-99.7,-99.7,-99.9
202509081153,589,25.8,64.8,18.7,-99.7,-99.7,-99.7,-99.7,-99.7,-99.7,-99.7,-99.7,-99.7,-99.7,-99.7,1004.9,1011.6
202509081153,590,25.8,69.2,19.7,-99.7,-99.7,-99.7,-99.7,-99.7,-99.7,-99.7,-99.7,-99.7,-99.7,-99.7,1006.7,1012.0
202509081153,591,25.0,66.5,18.3,-99.7,-99.7,-99.7,-99.7,-99.7,-99.7,-99.7,-99.7,-99.7,-99.7,-99.7,981.0,1011.2
202509081153,592,25.2,72.9,20.0,-99.7,-99.7,-99.7,-99.7,-99.7,-99.7,-99.7,-99.7,-99.7,-99.7,-99.7,1005.9,1011.9
202509081153,593,27.0,49.7,15.6,-99.7,-99.7,-99.7,-99.7,-99.7,-99.7,-99.7,-99.7,-99.7,-99.7,-99.7,996.0,1010.5
202509081153,594,24.4,65.0,17.4,-99.7,-99.7,-99.7,-99.7,-99.7,-99.7,-99.7,-99.7,-99.7,-99.7,-99.7,974.3,1009.8
202509081153,595,24.5,57.8,15.7,-99.7,-99.7,-99.7,-99.7,-99.7,-99.7,-99.7,-99.7,-99.7,-99.7,-99.7,946.3,1011.2
202509081153,596,27.5,56.5,18.1,-99.7,-99.7,-99.7,-99.7,-99.7,-99.7,-99.7,-99.7,-99.7,-99.7,-99.7,983.4,1010.3
202509081153,597,23.1,66.2,16.5,-99.7,-99.7,-99.7,-99.7,-99.7,-99.7,-99.7,-99.7,-99.7,-99.7,-99.7,948.5,1011.0
202509081153,598,26.6,50.8,15.6,-99.7,-99.7,-99.7,-99.7,-99.7,-99.7,-99.7,-99.7,-99.7,-99.7,-99.7,1002.2,1012.2
202509081153,599,27.2,57.3,18.0,-99.7,-99.7,-99.7,-99.7,-99.7,-99.7,-99.7,-99.7,-99.7,-99.7,-99.7,999.8,1011.8
202509081153,600,25.0,67.7,18.6,-99.7,-99.7,-99.7,-99.7,-99.7,-99.7,-99.7,-99.7,-99.7,-99.7,-99.7,995.5,1010.5
202509081153,601,25.9,63.7,18.5,-99.7,-99.7,-99.7,-99.7,-99.7,-99.7,-99.7,-99.7,-99.7,-99.7,-99.7,993.3,1009.9
202509081153,602,23.1,84.2,20.3,-99.7,-99.7,-99.7,-99.7,-99.7,-99.7,-99.7,-99.7,-99.7,-99.7,-99.7,1003.6,1011.4
202509081153,603,25.3,65.9,18.5,-99.7,-99.7,-99.7,-99.7,-99.7,-99.7,-99.7,-99.7,-99.7,-99.7,-99.7,998.0,1011.7
202509081153,604,23.4,81.2,20.0,-99.7,-99.7,-99.7,-99.7,-99.7,-99.7,-99.7,-99.7,-99.7,-99.7,-99.7,998.6,1012.1
202509081153,605,23.4,78.5,19.5,-99.7,-99.7,-99.7,-99.7,-99.7,-99.7,-99.7,-99.7,-99.7,-99.7,-99.7,995.7,1012.1
202509081153,606,25.7,68.7,19.5,-99.7,-99.7,-99.7,-99.7,-99.7,-99.7,-99.7,-99.7,-99.7,-99.7,-99.7,1008.1,1010.8
202509081153,607,25.3,70.6,19.6,-99.7,-99.7,-99.7,-99.7,-99.7,-99.7,-99.7,-99.7,-99.7,-99.7,-99.7,1010.6,1011.4
202509081153,609,24.6,75.1,19.9,-99.7,-99.7,-99.7,-99.7,-99.7,-99.7,-99.7,-99.7,-99.7,-99.7,-99.7,1006.7,1011.2
202509081153,610,26.2,70.3,20.4,-99.7,-99.7,-99.7,-99.7,-99.7,-99.7,-99.7,-99.7,-99.7,-99.7,-99.7,1009.7,1011.6
202509081153,611,22.7,83.8,19.8,-99.7,-99.7,-99.7,-99.7,-99.7,-99.7,-99.7,-99.7,-99.7,-99.7,-99.7,1004.8,1010.7
202509081153,612,23.9,80.0,20.2,-99.7,-99.7,-99.7,-99.7,-99.7,-99.7,-99.7,-99.7,-99.7,-99.7,-99.7,1008.8,1011.6
202509081153,614,22.7,86.7,20.4,-99.7,-99.7,-99.7,-99.7,-99.7,-99.7,-99.7,-99.7,-99.7,-99.7,-99.7,1010.6,1011.7
202509081153,615,23.1,85.4,20.5,-99.7,-99.7,-99.7,-99.7,-99.7,-99.7,-99.7,-99.7,-99.7,-99.7,-99.7,1010.3,1011.2
202509081153,616,26.1,75.7,21.5,-99.7,-99.7,-99.7,-99.7,-99.7,-99.7,-99.7,-99.7,-99.7,-99.7,-99.7,1005.9,1011.9
202509081153,617,25.7,72.9,20.5,-99.7,-99.7,-99.7,-99.7,-99.7,-99.7,-99.7,-99.7,-99.7,-99.7,-99.7,-99.7,-99.9
202509081153,618,24.7,74.7,19.9,-99.7,-99.7,-99.7,-99.7,-99.7,-99.7,-99.7,-99.7,-99.7,-99.7,-99.7,-99.7,-99.9
202509081153,619,25.1,69.2,19.1,-99.7,-99.7,-99.7,-99.7,-99.7,-99.7,-99.7,-99.7,-99.7,-99.7,-99.7,996.4,1011.6
202509081153,620,26.0,71.1,20.4,-99.7,-99.7,-99.7,-99.7,-99.7,-99.7,-99.7,-99.7,-99.7,-99.7,-99.7,1004.3,1011.8
202509081153,621,25.6,64.1,18.3,-99.7,-99.7,-99.7,-99.7,-99.7,-99.7,-99.7,-99.7,-99.7,-99.7,-99.7,994.6,1011.3
202509081153,622,24.7,69.6,18.8,-99.7,-99.7,-99.7,-99.7,-99.7,-99.7,-99.7,-99.7,-99.7,-99.7,-99.7,985.5,1011.3
202509081153,623,25.1,64.8,18.0,-99.7,-99.7,-99.7,-99.7,-99.7,-99.7,-99.7,-99.7,-99.7,-99.7,-99.7,1002.9,1011.4
202509081153,624,24.3,69.2,18.3,-99.7,-99.7,-99.7,-99.7,-99.7,-99.7,-99.7,-99.7,-99.7,-99.7,-99.7,986.1,1011.5
202509081153,625,23.1,77.0,18.9,-99.7,-99.7,-99.7,-99.7,-99.7,-99.7,-99.7,-99.7,-99.7,-99.7,-99.7,-99.7,-99.9
202509081153,626,23.6,83.8,20.7,-99.7,-99.7,-99.7,-99.7,-99.7,-99.7,-99.7,-99.7,-99.7,-99.7,-99.7,998.2,1012.0
202509081153,627,25.5,77.6,21.3,-99.7,-99.7,-99.7,-99.7,-99.7,-99.7,-99.7,-99.7,-99.7,-99.7,-99.7,1009.4,1011.1
202509081153,628,26.5,69.4,20.4,-99.7,-99.7,-99.7,-99.7,-99.7,-99.7,-99.7,-99.7,-99.7,-99.7,-99.7,1007.8,1012.2
202509081153,629,25.3,70.5,19.6,-99.7,-99.7,-99.7,-99.7,-99.7,-99.7,-99.7,-99.7,-99.7,-99.7,-99.7,1002.3,1011.9
202509081153,630,24.8,72.2,19.5,-99.7,-99.7,-99.7,-99.7,-99.7,-99.7,-99.7,-99.7,-99.7,-99.7,-99.7,999.2,1011.6
202509081153,631,26.6,68.6,20.4,-99.7,-99.7,-99.7,-99.7,-99.7,-99.7,-99.7,-99.7,-99.7,-99.7,-99.7,1010.4,1011.5
202509081153,632,24.9,81.2,21.5,-99.7,-99.7,-99.7,-99.7,-99.7,-99.7,-99.7,-99.7,-99.7,-99.7,-99.7,1005.6,1012.2
202509081153,633,24.5,79.3,20.7,-99.7,-99.7,-99.7,-99.7,-99.7,-99.7,-99.7,-99.7,-99.7,-99.7,-99.7,1003.8,1012.5
202509081153,634,25.5,77.5,21.3,-99.7,-99.7,-99.7,-99.7,-99.7,-99.7,-99.7,-99.7,-99.7,-99.7,-99.7,1008.5,1011.9
202509081153,635,23.0,88.4,21.0,-99.7,-99.7,-99.7,-99.7,-99.7,-99.7,-99.7,-99.7,-99.7,-99.7,-99.7,1010.8,1012.0
202509081153,636,22.6,92.1,21.3,-99.7,-99.7,-99.7,-99.7,-99.7,-99.7,-99.7,-99.7,-99.7,-99.7,-99.7,996.4,1011.5
202509081153,637,24.9,80.2,21.3,-99.7,-99.7,-99.7,-99.7,-99.7,-99.7,-99.7,-99.7,-99.7,-99.7,-99.7,1011.1,1012.1
202509081153,638,26.0,62.8,18.4,-99.7,-99.7,-99.7,-99.7,-99.7,-99.7,-99.7,-99.7,-99.7,-99.7,-99.7,981.8,1009.1
202509081153,639,25.0,57.3,16.0,-99.7,-99.7,-99.7,-99.7,-99.7,-99.7,-99.7,-99.7,-99.7,-99.7,-99.7,978.9,1010.7
202509081153,640,24.6,69.8,18.7,-99.7,-99.7,-99.7,-99.7,-99.7,-99.7,-99.7,-99.7,-99.7,-99.7,-99.7,985.9,1011.5
202509081153,641,24.4,78.1,20.3,-99.7,-99.7,-99.7,-99.7,-99.7,-99.7,-99.7,-99.7,-99.7,-99.7,-99.7,1003.0,1012.1
202509081153,642,22.9,87.3,20.7,-99.7,-99.7,-99.7,-99.7,-99.7,-99.7,-99.7,-99.7,-99.7,-99.7,-99.7,994.9,1011.9
202509081153,643,23.8,82.1,20.6,-99.7,-99.7,-99.7,-99.7,-99.7,-99.7,-99.7,-99.7,-99.7,-99.7,-99.7,1001.5,1012.0
202509081153,644,23.0,95.9,22.3,-99.7,-99.7,-99.7,-99.7,-99.7,-99.7,-99.7,-99.7,-99.7,-99.7,-99.7,1008.5,1011.3
202509081153,645,25.3,70.8,19.6,-99.7,-99.7,-99.7,-99.7,-99.7,-99.7,-99.7,-99.7,-99.7,-99.7,-99.7,1009.7,1011.6
202509081153,646,24.0,77.2,19.8,-99.7,-99.7,-99.7,-99.7,-99.7,-99.7,-99.7,-99.7,-99.7,-99.7,-99.7,1010.8,1011.7
202509081153,647,23.7,79.6,20.0,-99.7,-99.7,-99.7,-99.7,-99.7,-99.7,-99.7,-99.7,-99.7,-99.7,-99.7,-99.7,-99.9
202509081153,648,24.4,80.1,20.7,-99.7,-99.7,-99.7,-99.7,-99.7,-99.7,-99.7,-99.7,-99.7,-99.7,-99.7,999.7,1011.1
202509081153,649,28.4,63.3,20.8,-99.7,-99.7,-99.7,-99.7,-99.7,-99.7,-99.7,-99.7,-99.7,-99.7,-99.7,1008.7,1011.6
202509081153,650,25.1,75.3,20.4,-99.7,-99.7,-99.7,-99.7,-99.7,-99.7,-99.7,-99.7,-99.7,-99.7,-99.7,988.5,1009.6
202509081153,651,24.9,64.2,17.7,-99.7,-99.7,-99.7,-99.7,-99.7,-99.7,-99.7,-99.7,-99.7,-99.7,-99.7,987.5,1012.0
202509081153,652,26.4,62.6,18.7,-99.7,-99.7,-99.7,-99.7,-99.7,-99.7,-99.7,-99.7,-99.7,-99.7,-99.7,1006.5,1010.9
202509081153,654,25.9,76.7,21.5,-99.7,-99.7,-99.7,-99.7,-99.7,-99.7,-99.7,-99.7,-99.7,-99.7,-99.7,1010.7,1011.9
202509081153,655,25.0,68.2,18.7,-99.7,-99.7,-99.7,-99.7,-99.7,-99.7,-99.7,-99.7,-99.7,-99.7,-99.7,1002.3,1011.8
202509081153,656,25.9,67.3,19.4,-99.7,-99.7,-99.7,-99.7,-99.7,-99.7,-99.7,-99.7,-99.7,-99.7,-99.7,1006.2,1011.8
202509081153,657,24.8,73.8,19.8,-99.7,-99.7,-99.7,-99.7,-99.7,-99.7,-99.7,-99.7,-99.7,-99.7,-99.7,1008.3,1011.9
202509081153,658,25.0,76.4,20.6,-99.7,-99.7,-99.7,-99.7,-99.7,-99.7,-99.7,-99.7,-99.7,-99.7,-99.7,1010.3,1011.4
202509081153,659,18.4,-99.2,-99.9,-99.7,-99.7,-99.7,-99.7,-99.7,-99.7,-99.7,-99.7,-99.7,-99.7,-99.7,919.5,1012.1
202509081153,660,24.7,47.8,12.9,-99.7,-99.7,-99.7,-99.7,-99.7,-99.7,-99.7,-99.7,-99.7,-99.7,-99.7,951.7,1010.8
202509081153,661,26.9,58.5,18.1,-99.7,-99.7,-99.7,-99.7,-99.7,-99.7,-99.7,-99.7,-99.7,-99.7,-99.7,1009.6,1010.2
202509081153,662,-99.9,-99.9,-99.9,-99.9,-99.9,-99.9,-99.9,-99.9,-99.9,-99.9,-99.9,-99.9,-99.9,-99.9,-99.9,-99.9
202509081153,663,26.1,64.3,18.8,-99.7,-99.7,-99.7,-99.7,-99.7,-99.7,-99.7,-99.7,-99.7,-99.7,-99.7,1004.9,1012.0
202509081153,664,26.9,77.3,22.6,-99.7,-99.7,-99.7,-99.7,-99.7,-99.7,-99.7,-99.7,-99.7,-99.7,-99.7,1010.3,1012.3
202509081153,665,26.6,74.9,21.8,-99.7,-99.7,-99.7,-99.7,-99.7,-99.7,-99.7,-99.7,-99.7,-99.7,-99.7,1007.6,1010.8
202509081153,666,26.0,82.3,22.8,-99.7,-99.7,-99.7,-99.7,-99.7,-99.7,-99.7,-99.7,-99.7,-99.7,-99.7,1007.4,1011.1
202509081153,667,26.1,75.3,21.4,-99.7,-99.7,-99.7,-99.7,-99.7,-99.7,-99.7,-99.7,-99.7,-99.7,-99.7,-99.7,-99.9
202509081153,669,24.2,70.8,18.6,-99.7,-99.7,-99.7,-99.7,-99.7,-99.7,-99.7,-99.7,-99.7,-99.7,-99.7,1008.9,1011.0
202509081153,670,29.5,35.8,12.8,-99.7,-99.7,-99.7,-99.7,-99.7,-99.7,-99.7,-99.7,-99.7,-99.7,-99.7,1008.6,1009.4
202509081153,671,27.9,56.4,18.4,-99.7,-99.7,-99.7,-99.7,-99.7,-99.7,-99.7,-99.7,-99.7,-99.7,-99.7,-99.7,-99.9
202509081153,672,24.3,77.4,20.1,-99.7,-99.7,-99.7,-99.7,-99.7,-99.7,-99.7,-99.7,-99.7,-99.7,-99.7,1011.0,1012.2
202509081153,673,29.3,58.1,20.2,-99.7,-99.7,-99.7,-99.7,-99.7,-99.7,-99.7,-99.7,-99.7,-99.7,-99.7,1008.6,1010.9
202509081153,674,23.4,47.5,11.6,-99.7,-99.7,-99.7,-99.7,-99.7,-99.7,-99.7,-99.7,-99.7,-99.7,-99.7,920.1,1009.9
202509081153,675,24.9,75.9,20.4,-99.7,-99.7,-99.7,-99.7,-99.7,-99.7,-99.7,-99.7,-99.7,-99.7,-99.7,1004.3,1010.3
202509081153,676,24.0,75.5,19.4,33.5,29.8,-99.7,-99.7,-99.7,-99.7,-99.7,-99.7,-99.7,-99.7,-99.7,996.5,1012.9
202509081153,677,31.4,24.8,8.9,-99.7,-99.7,-99.7,-99.7,-99.7,-99.7,-99.7,-99.7,-99.7,-99.7,-99.7,996.8,1010.1
202509081153,678,28.0,26.9,7.2,-99.7,-99.7,-99.7,-99.7,-99.7,-99.7,-99.7,-99.7,-99.7,-99.7,-99.7,959.3,1009.5
202509081153,679,25.7,60.1,17.4,-99.7,-99.7,-99.7,-99.7,-99.7,-99.7,-99.7,-99.7,-99.7,-99.7,-99.7,934.4,1009.4
202509081153,680,25.8,70.9,20.1,-99.7,-99.7,-99.7,-99.7,-99.7,-99.7,-99.7,-99.7,-99.7,-99.7,-99.7,985.4,1011.4
202509081153,681,24.6,62.2,16.9,-99.7,-99.7,-99.7,-99.7,-99.7,-99.7,-99.7,-99.7,-99.7,-99.7,-99.7,989.6,1012.4
202509081153,682,21.3,58.6,12.9,-99.7,-99.7,-99.7,-99.7,-99.7,-99.7,-99.7,-99.7,-99.7,-99.7,-99.7,895.1,1010.1
202509081153,687,26.0,71.4,20.4,-99.7,-99.7,-99.7,-99.7,-99.7,-99.7,-99.7,-99.7,-99.7,-99.7,-99.7,1004.6,1011.7
202509081153,688,25.2,68.5,19.0,-99.7,-99.7,-99.7,-99.7,-99.7,-99.7,-99.7,-99.7,-99.7,-99.7,-99.7,1008.6,1012.2
202509081153,689,24.9,74.6,20.1,-99.7,-99.7,-99.7,-99.7,-99.7,-99.7,-99.7,-99.7,-99.7,-99.7,-99.7,1003.7,1012.1
202509081153,690,24.5,78.1,20.4,-99.7,-99.7,-99.7,-99.7,-99.7,-99.7,-99.7,-99.7,-99.7,-99.7,-99.7,999.8,1011.0
202509081153,691,24.3,81.8,21.0,-99.7,-99.7,-99.7,-99.7,-99.7,-99.7,-99.7,-99.7,-99.7,-99.7,-99.7,1009.3,1012.0
202509081153,692,26.0,71.8,20.5,-99.7,-99.7,-99.7,-99.7,-99.7,-99.7,-99.7,-99.7,-99.7,-99.7,-99.7,1007.5,1011.3
202509081153,694,20.6,-99.2,-99.9,-99.7,-99.7,-99.7,-99.7,-99.7,-99.7,-99.7,-99.7,-99.7,-99.7,-99.7,935.8,1011.3
202509081153,695,23.2,59.6,14.9,-99.7,-99.7,-99.7,-99.7,-99.7,-99.7,-99.7,-99.7,-99.7,-99.7,-99.7,-99.7,-99.9
202509081153,696,31.5,27.5,10.5,-99.7,-99.7,-99.7,-99.7,-99.7,-99.7,-99.7,-99.7,-99.7,-99.7,-99.7,1000.7,1009.9
202509081153,697,24.5,98.0,24.2,-99.7,-99.7,-99.7,-99.7,-99.7,-99.7,-99.7,-99.7,-99.7,-99.7,-99.7,1011.4,1012.1
202509081153,698,22.8,92.2,21.5,-99.7,-99.7,-99.7,-99.7,-99.7,-99.7,-99.7,-99.7,-99.7,-99.7,-99.7,1009.4,1012.3
202509081153,699,23.2,91.2,21.7,-99.7,-99.7,-99.7,-99.7,-99.7,-99.7,-99.7,-99.7,-99.7,-99.7,-99.7,1008.1,1012.5
202509081153,700,24.9,78.8,21.0,-99.7,-99.7,-99.7,-99.7,-99.7,-99.7,-99.7,-99.7,-99.7,-99.7,-99.7,1005.0,1011.7
202509081153,701,23.1,69.9,17.3,-99.7,-99.7,-99.7,-99.7,-99.7,-99.7,-99.7,-99.7,-99.7,-99.7,-99.7,986.5,1010.6
202509081153,702,23.5,85.8,21.0,27.1,26.4,25.9,25.9,26.0,25.8,26.1,24.9,0.0,0.0,0.0,1009.8,1011.1
202509081153,703,22.3,78.5,18.4,-99.7,-99.7,-99.7,-99.7,-99.7,-99.7,-99.7,-99.7,-99.7,-99.7,-99.7,-99.7,-99.9
202509081153,704,24.2,76.1,19.7,-99.7,-99.7,-99.7,-99.7,-99.7,-99.7,-99.7,-99.7,-99.7,-99.7,-99.7,1010.4,1010.6
202509081153,706,24.8,71.8,19.4,-99.7,-99.7,-99.7,-99.7,-99.7,-99.7,-99.7,-99.7,-99.7,-99.7,-99.7,1005.8,1010.9
202509081153,707,22.9,96.6,22.3,-99.7,-99.7,-99.7,-99.7,-99.7,-99.7,-99.7,-99.7,-99.7,-99.7,-99.7,1008.6,1012.6
202509081153,708,23.6,80.5,20.1,-99.7,-99.7,-99.7,-99.7,-99.7,-99.7,-99.7,-99.7,-99.7,-99.7,-99.7,1008.0,1011.4
202509081153,709,26.6,74.0,21.6,-99.7,-99.7,-99.7,-99.7,-99.7,-99.7,-99.7,-99.7,-99.7,-99.7,-99.7,1008.7,1011.8
202509081153,710,23.6,86.8,21.3,-99.7,-99.7,-99.7,-99.7,-99.7,-99.7,-99.7,-99.7,-99.7,-99.7,-99.7,1012.3,1013.2
202509081153,711,26.4,69.8,20.4,-99.7,-99.7,-99.7,-99.7,-99.7,-99.7,-99.7,-99.7,-99.7,-99.7,-99.7,-99.7,-99.9
202509081153,712,29.5,45.5,16.5,-99.7,-99.7,-99.7,-99.7,-99.7,-99.7,-99.7,-99.7,-99.7,-99.7,-99.7,-99.7,-99.9
202509081153,713,29.1,63.7,21.5,-99.7,-99.7,-99.7,-99.7,-99.7,-99.7,-99.7,-99.7,-99.7,-99.7,-99.7,-99.7,-99.9
202509081153,714,22.0,-99.7,-99.9,-99.7,-99.7,-99.7,-99.7,-99.7,-99.7,-99.7,-99.7,-99.7,-99.7,-99.7,1012.0,1012.2
202509081153,716,23.0,85.1,20.4,-99.7,-99.7,-99.7,-99.7,-99.7,-99.7,-99.7,-99.7,-99.7,-99.7,-99.7,1012.0,1012.3
202509081153,717,24.4,99.2,24.3,-99.7,-99.7,-99.7,-99.7,-99.7,-99.7,-99.7,-99.7,-99.7,-99.7,-99.7,1009.5,1010.8
202509081153,718,24.1,97.8,23.7,-99.7,-99.7,-99.7,-99.7,-99.7,-99.7,-99.7,-99.7,-99.7,-99.7,-99.7,1011.0,1011.7
202509081153,719,23.6,78.6,19.7,-99.7,-99.7,-99.7,-99.7,-99.7,-99.7,-99.7,-99.7,-99.7,-99.7,-99.7,1009.6,1010.9
202509081153,720,26.2,89.0,24.2,-99.7,-99.7,-99.7,-99.7,-99.7,-99.7,-99.7,-99.7,-99.7,-99.7,-99.7,1009.3,1012.4
202509081153,721,24.3,91.7,22.9,-99.7,-99.7,-99.7,-99.7,-99.7,-99.7,-99.7,-99.7,-99.7,-99.7,-99.7,1011.1,1011.6
202509081153,722,25.1,72.0,19.7,-99.7,-99.7,-99.7,-99.7,-99.7,-99.7,-99.7,-99.7,-99.7,-99.7,-99.7,999.9,1012.5
202509081153,723,28.2,76.4,23.7,-99.7,-99.7,-99.7,-99.7,-99.7,-99.7,-99.7,-99.7,-99.7,-99.7,-99.7,1009.5,1010.3
202509081153,724,24.2,94.7,23.3,-99.7,-99.7,-99.7,-99.7,-99.7,-99.7,-99.7,-99.7,-99.7,-99.7,-99.7,1009.1,1010.0
202509081153,725,29.2,86.5,26.7,-99.7,-99.7,-99.7,-99.7,-99.7,-99.7,-99.7,-99.7,-99.7,-99.7,-99.7,1009.5,1010.5
202509081153,726,29.8,83.8,26.8,-99.7,-99.7,-99.7,-99.7,-99.7,-99.7,-99.7,-99.7,-99.7,-99.7,-99.7,1008.7,1010.0
202509081153,727,27.2,91.8,25.8,-99.7,-99.7,-99.7,-99.7,-99.7,-99.7,-99.7,-99.7,-99.7,-99.7,-99.7,-99.7,-99.9
202509081153,730,24.5,75.0,19.8,-99.7,-99.7,-99.7,-99.7,-99.7,-99.7,-99.7,-99.7,-99.7,-99.7,-99.7,1007.4,1012.4
202509081153,731,25.2,89.2,23.3,-99.7,-99.7,-99.7,-99.7,-99.7,-99.7,-99.7,-99.7,-99.7,-99.7,-99.7,1012.0,1012.5
202509081153,732,27.6,68.1,21.2,-99.7,-99.7,-99.7,-99.7,-99.7,-99.7,-99.7,-99.7,-99.7,-99.7,-99.7,994.6,1011.0
202509081153,733,22.4,92.1,21.1,-99.7,-99.7,-99.7,-99.7,-99.7,-99.7,-99.7,-99.7,-99.7,-99.7,-99.7,-99.7,-99.9
202509081153,734,23.5,81.8,20.2,-99.7,-99.7,-99.7,-99.7,-99.7,-99.7,-99.7,-99.7,-99.7,-99.7,-99.7,1004.9,1012.3
202509081153,735,19.5,61.6,11.9,-99.7,-99.7,-99.7,-99.7,-99.7,-99.7,-99.7,-99.7,-99.7,-99.7,-99.7,938.2,1012.3
202509081153,736,23.1,93.7,22.0,-99.7,-99.7,-99.7,-99.7,-99.7,-99.7,-99.7,-99.7,-99.7,-99.7,-99.7,1011.4,1011.6
202509081153,737,23.2,87.1,20.9,-99.7,-99.7,-99.7,-99.7,-99.7,-99.7,-99.7,-99.7,-99.7,-99.7,-99.7,-99.7,-99.9
202509081153,738,23.9,84.1,21.1,-99.7,-99.7,-99.7,-99.7,-99.7,-99.7,-99.7,-99.7,-99.7,-99.7,-99.7,1009.9,1011.7
202509081153,739,24.9,73.2,19.8,-99.7,-99.7,-99.7,-99.7,-99.7,-99.7,-99.7,-99.7,-99.7,-99.7,-99.7,1010.8,1012.2
202509081153,741,26.4,73.6,21.3,-99.7,-99.7,-99.7,-99.7,-99.7,-99.7,-99.7,-99.7,-99.7,-99.7,-99.7,1002.0,1012.8
202509081153,742,23.9,82.8,20.8,-99.7,-99.7,-99.7,-99.7,-99.7,-99.7,-99.7,-99.7,-99.7,-99.7,-99.7,1009.7,1011.1
202509081153,743,21.5,95.0,20.7,-99.7,-99.7,-99.7,-99.7,-99.7,-99.7,-99.7,-99.7,-99.7,-99.7,-99.7,-99.7,-99.9
202509081153,744,23.5,91.7,22.1,-99.7,-99.7,-99.7,-99.7,-99.7,-99.7,-99.7,-99.7,-99.7,-99.7,-99.7,1011.8,1012.4
202509081153,745,25.5,84.8,22.8,-99.7,-99.7,-99.7,-99.7,-99.7,-99.7,-99.7,-99.7,-99.7,-99.7,-99.7,1006.2,1011.8
202509081153,746,25.0,96.6,24.4,-99.7,-99.7,-99.7,-99.7,-99.7,-99.7,-99.7,-99.7,-99.7,-99.7,-99.7,-99.7,-99.9
202509081153,747,25.7,96.6,25.1,-99.7,-99.7,-99.7,-99.7,-99.7,-99.7,-99.7,-99.7,-99.7,-99.7,-99.7,1008.5,1011.3
202509081153,748,28.7,64.8,21.4,-99.7,-99.7,-99.7,-99.7,-99.7,-99.7,-99.7,-99.7,-99.7,-99.7,-99.7,1011.5,1011.7
202509081153,749,27.5,70.9,21.8,-99.7,-99.7,-99.7,-99.7,-99.7,-99.7,-99.7,-99.7,-99.7,-99.7,-99.7,1007.1,1009.9
202509081153,750,28.0,74.7,23.1,-99.7,-99.7,-99.7,-99.7,-99.7,-99.7,-99.7,-99.7,-99.7,-99.7,-99.7,1008.8,1011.4
202509081153,751,24.8,95.4,24.0,-99.7,-99.7,-99.7,-99.7,-99.7,-99.7,-99.7,-99.7,-99.7,-99.7,-99.7,-99.7,-99.9
202509081153,752,28.3,80.6,24.6,-99.7,-99.7,-99.7,-99.7,-99.7,-99.7,-99.7,-99.7,-99.7,-99.7,-99.7,-99.7,-99.9
202509081153,753,24.2,83.3,21.2,-99.7,-99.7,-99.7,-99.7,-99.7,-99.7,-99.7,-99.7,-99.7,-99.7,-99.7,-99.7,-99.9
202509081153,754,23.7,81.9,20.4,-99.7,-99.7,-99.7,-99.7,-99.7,-99.7,-99.7,-99.7,-99.7,-99.7,-99.7,1010.8,1012.0
202509081153,755,24.2,89.2,22.3,-99.7,-99.7,-99.7,-99.7,-99.7,-99.7,-99.7,-99.7,-99.7,-99.7,-99.7,990.0,1011.3
202509081153,756,25.0,73.2,19.9,-99.7,-99.7,-99.7,-99.7,-99.7,-99.7,-99.7,-99.7,-99.7,-99.7,-99.7,1011.3,1011.8
202509081153,757,22.1,77.4,18.0,-99.7,-99.7,-99.7,-99.7,-99.7,-99.7,-99.7,-99.7,-99.7,-99.7,-99.7,981.5,1012.2
202509081153,758,22.8,67.8,16.5,-99.7,-99.7,-99.7,-99.7,-99.7,-99.7,-99.7,-99.7,-99.7,-99.7,-99.7,974.8,1011.1
202509081153,759,23.2,84.9,20.5,-99.7,-99.7,-99.7,-99.7,-99.7,-99.7,-99.7,-99.7,-99.7,-99.7,-99.7,956.3,1009.8
202509081153,760,22.8,75.9,18.3,-99.7,-99.7,-99.7,-99.7,-99.7,-99.7,-99.7,-99.7,-99.7,-99.7,-99.7,979.3,1011.3
202509081153,761,24.1,81.0,20.6,-99.7,-99.7,-99.7,-99.7,-99.7,-99.7,-99.7,-99.7,-99.7,-99.7,-99.7,1010.1,1011.8
202509081153,762,24.2,80.5,20.6,-99.7,-99.7,-99.7,-99.7,-99.7,-99.7,-99.7,-99.7,-99.7,-99.7,-99.7,994.1,1010.8
202509081153,763,22.6,91.8,21.2,-99.7,-99.7,-99.7,-99.7,-99.7,-99.7,-99.7,-99.7,-99.7,-99.7,-99.7,1007.6,1012.0
202509081153,764,23.5,74.4,18.7,-99.7,-99.7,-99.7,-99.7,-99.7,-99.7,-99.7,-99.7,-99.7,-99.7,-99.7,987.7,1011.8
202509081153,765,27.1,68.1,20.7,-99.7,-99.7,-99.7,-99.7,-99.7,-99.7,-99.7,-99.7,-99.7,-99.7,-99.7,1000.3,1012.7
202509081153,766,30.2,51.2,19.0,-99.7,-99.7,-99.7,-99.7,-99.7,-99.7,-99.7,-99.7,-99.7,-99.7,-99.7,1002.2,1011.0
202509081153,767,29.7,77.0,25.2,-99.7,-99.7,-99.7,-99.7,-99.7,-99.7,-99.7,-99.7,-99.7,-99.7,-99.7,1011.5,1011.9
202509081153,768,25.2,88.6,23.2,-99.7,-99.7,-99.7,-99.7,-99.7,-99.7,-99.7,-99.7,-99.7,-99.7,-99.7,1000.7,1012.2
202509081153,769,22.7,93.1,21.5,-99.7,-99.7,-99.7,-99.7,-99.7,-99.7,-99.7,-99.7,-99.7,-99.7,-99.7,1012.2,1012.8
202509081153,770,26.2,81.3,22.7,-99.7,-99.7,-99.7,-99.7,-99.7,-99.7,-99.7,-99.7,-99.7,-99.7,-99.7,1000.6,1011.8
202509081153,771,23.5,93.7,22.4,-99.7,-99.7,-99.7,-99.7,-99.7,-99.7,-99.7,-99.7,-99.7,-99.7,-99.7,1012.1,1012.5
202509081153,772,23.5,90.3,21.8,-99.7,-99.7,-99.7,-99.7,-99.7,-99.7,-99.7,-99.7,-99.7,-99.7,-99.7,1012.2,1012.4
202509081153,773,24.6,99.7,24.5,-99.7,-99.7,-99.7,-99.7,-99.7,-99.7,-99.7,-99.7,-99.7,-99.7,-99.7,1004.0,1012.3
202509081153,774,23.5,88.8,21.5,-99.7,-99.7,-99.7,-99.7,-99.7,-99.7,-99.7,-99.7,-99.7,-99.7,-99.7,1010.8,1012.1
202509081153,775,23.8,73.0,18.7,-99.7,-99.7,-99.7,-99.7,-99.7,-99.7,-99.7,-99.7,-99.7,-99.7,-99.7,1008.0,1012.5
202509081153,776,24.6,95.0,23.7,-99.7,-99.7,-99.7,-99.7,-99.7,-99.7,-99.7,-99.7,-99.7,-99.7,-99.7,1009.2,1011.2
202509081153,777,27.3,85.4,24.6,-99.7,-99.7,-99.7,-99.7,-99.7,-99.7,-99.7,-99.7,-99.7,-99.7,-99.7,1007.2,1011.4
202509081153,778,24.8,88.7,22.8,-99.7,-99.7,-99.7,-99.7,-99.7,-99.7,-99.7,-99.7,-99.7,-99.7,-99.7,1001.2,1012.2
202509081153,779,29.6,81.1,26.0,-99.7,-99.7,-99.7,-99.7,-99.7,-99.7,-99.7,-99.7,-99.7,-99.7,-99.7,-99.7,-99.9
202509081153,780,30.8,77.1,26.3,-99.7,-99.7,-99.7,-99.7,-99.7,-99.7,-99.7,-99.7,-99.7,-99.7,-99.7,-99.7,-99.9
202509081153,781,29.1,85.5,26.4,-99.7,-99.7,-99.7,-99.7,-99.7,-99.7,-99.7,-99.7,-99.7,-99.7,-99.7,-99.7,-99.9
202509081153,782,24.6,86.7,22.2,-99.7,-99.7,-99.7,-99.7,-99.7,-99.7,-99.7,-99.7,-99.7,-99.7,-99.7,-99.7,-99.9
202509081153,783,24.9,67.8,18.5,-99.7,-99.7,-99.7,-99.7,-99.7,-99.7,-99.7,-99.7,-99.7,-99.7,-99.7,1008.1,1011.6
202509081153,784,24.6,88.0,22.5,-99.7,-99.7,-99.7,-99.7,-99.7,-99.7,-99.7,-99.7,-99.7,-99.7,-99.7,1010.2,1012.7
202509081153,785,25.3,91.0,23.7,-99.7,-99.7,-99.7,-99.7,-99.7,-99.7,-99.7,-99.7,-99.7,-99.7,-99.7,1009.9,1011.4
202509081153,786,29.5,53.9,19.2,-99.7,-99.7,-99.7,-99.7,-99.7,-99.7,-99.7,-99.7,-99.7,-99.7,-99.7,1008.8,1010.7
202509081153,787,28.1,74.9,23.2,-99.7,-99.7,-99.7,-99.7,-99.7,-99.7,-99.7,-99.7,-99.7,-99.7,-99.7,1010.1,1011.5
202509081153,788,24.8,79.5,21.0,-99.7,-99.7,-99.7,-99.7,-99.7,-99.7,-99.7,-99.7,-99.7,-99.7,-99.7,1002.7,1010.1
202509081153,789,23.4,91.5,21.9,-99.7,-99.7,-99.7,-99.7,-99.7,-99.7,-99.7,-99.7,-99.7,-99.7,-99.7,1011.1,1012.1
202509081153,790,28.0,85.1,25.3,-99.7,-99.7,-99.7,-99.7,-99.7,-99.7,-99.7,-99.7,-99.7,-99.7,-99.7,994.7,1009.9
202509081153,791,22.6,87.4,20.4,-99.7,-99.7,-99.7,-99.7,-99.7,-99.7,-99.7,-99.7,-99.7,-99.7,-99.7,964.0,1010.1
202509081153,792,30.1,80.5,26.4,-99.7,-99.7,-99.7,-99.7,-99.7,-99.7,-99.7,-99.7,-99.7,-99.7,-99.7,1000.2,1010.2
202509081153,793,29.6,85.7,27.0,-99.7,-99.7,-99.7,-99.7,-99.7,-99.7,-99.7,-99.7,-99.7,-99.7,-99.7,1009.5,1009.8
202509081153,794,26.6,70.8,20.9,-99.7,-99.7,-99.7,-99.7,-99.7,-99.7,-99.7,-99.7,-99.7,-99.7,-99.7,1002.3,1010.9
202509081153,795,24.5,76.4,20.1,-99.7,-99.7,-99.7,-99.7,-99.7,-99.7,-99.7,-99.7,-99.7,-99.7,-99.7,1001.5,1011.4
202509081153,796,26.5,90.6,24.8,-99.7,-99.7,-99.7,-99.7,-99.7,-99.7,-99.7,-99.7,-99.7,-99.7,-99.7,1007.1,1011.4
202509081153,797,23.0,100.0,23.0,-99.7,-99.7,-99.7,-99.7,-99.7,-99.7,-99.7,-99.7,-99.7,-99.7,-99.7,1007.7,1011.8
202509081153,798,23.1,98.1,22.8,-99.7,-99.7,-99.7,-99.7,-99.7,-99.7,-99.7,-99.7,-99.7,-99.7,-99.7,1007.7,1010.4
202509081153,799,23.6,82.9,20.5,-99.7,-99.7,-99.7,-99.7,-99.7,-99.7,-99.7,-99.7,-99.7,-99.7,-99.7,1009.2,1011.4
202509081153,800,28.0,55.6,18.3,-99.7,-99.7,-99.7,-99.7,-99.7,-99.7,-99.7,-99.7,-99.7,-99.7,-99.7,1010.5,1011.2
202509081153,801,27.4,54.5,17.4,-99.7,-99.7,-99.7,-99.7,-99.7,-99.7,-99.7,-99.7,-99.7,-99.7,-99.7,-99.7,-99.9
202509081153,802,28.1,46.4,15.5,-99.7,-99.7,-99.7,-99.7,-99.7,-99.7,-99.7,-99.7,-99.7,-99.7,-99.7,995.4,1011.4
202509081153,803,26.6,48.8,15.0,-99.7,-99.7,-99.7,-99.7,-99.7,-99.7,-99.7,-99.7,-99.7,-99.7,-99.7,986.7,1011.4
202509081153,804,26.4,60.5,18.2,-99.7,-99.7,-99.7,-99.7,-99.7,-99.7,-99.7,-99.7,-99.7,-99.7,-99.7,1006.4,1010.6
202509081153,805,25.4,57.1,16.3,-99.7,-99.7,-99.7,-99.7,-99.7,-99.7,-99.7,-99.7,-99.7,-99.7,-99.7,985.3,1010.9
202509081153,806,24.0,76.7,19.7,-99.7,-99.7,-99.7,-99.7,-99.7,-99.7,-99.7,-99.7,-99.7,-99.7,-99.7,1008.0,1012.7
202509081153,807,24.8,71.3,19.3,-99.7,-99.7,-99.7,-99.7,-99.7,-99.7,-99.7,-99.7,-99.7,-99.7,-99.7,998.5,1011.5
202509081153,808,27.0,52.3,16.4,-99.7,-99.7,-99.7,-99.7,-99.7,-99.7,-99.7,-99.7,-99.7,-99.7,-99.7,-99.7,-99.9
202509081153,809,22.3,83.4,19.4,-99.7,-99.7,-99.7,-99.7,-99.7,-99.7,-99.7,-99.7,-99.7,-99.7,-99.7,987.6,1011.0
202509081153,810,25.3,67.6,18.9,-99.7,-99.7,-99.7,-99.7,-99.7,-99.7,-99.7,-99.7,-99.7,-99.7,-99.7,1007.7,1012.2
202509081153,811,27.8,44.9,14.8,-99.7,-99.7,-99.7,-99.7,-99.7,-99.7,-99.7,-99.7,-99.7,-99.7,-99.7,1006.9,1010.6
202509081153,812,26.5,73.0,21.3,-99.7,-99.7,-99.7,-99.7,-99.7,-99.7,-99.7,-99.7,-99.7,-99.7,-99.7,-99.7,-99.9
202509081153,813,28.2,58.2,19.2,-99.7,-99.7,-99.7,-99.7,-99.7,-99.7,-99.7,-99.7,-99.7,-99.7,-99.7,1001.7,1010.4
202509081153,814,25.6,55.4,16.0,-99.7,-99.7,-99.7,-99.7,-99.7,-99.7,-99.7,-99.7,-99.7,-99.7,-99.7,977.3,1011.3
202509081153,815,25.4,64.8,18.3,-99.7,-99.7,-99.7,-99.7,-99.7,-99.7,-99.7,-99.7,-99.7,-99.7,-99.7,1000.0,1011.6
202509081153,816,26.4,74.0,21.4,-99.7,-99.7,-99.7,-99.7,-99.7,-99.7,-99.7,-99.7,-99.7,-99.7,-99.7,1004.8,1009.6
202509081153,817,27.6,48.1,15.6,-99.7,-99.7,-99.7,-99.7,-99.7,-99.7,-99.7,-99.7,-99.7,-99.7,-99.7,968.2,1010.4
202509081153,818,25.0,73.0,19.8,-99.7,-99.7,-99.7,-99.7,-99.7,-99.7,-99.7,-99.7,-99.7,-99.7,-99.7,985.8,1010.3
202509081153,819,25.8,64.3,18.6,-99.7,-99.7,-99.7,-99.7,-99.7,-99.7,-99.7,-99.7,-99.7,-99.7,-99.7,988.3,1011.2
202509081153,820,24.6,75.5,20.0,-99.7,-99.7,-99.7,-99.7,-99.7,-99.7,-99.7,-99.7,-99.7,-99.7,-99.7,1003.7,1012.4
202509081153,821,23.1,76.4,18.7,-99.7,-99.7,-99.7,-99.7,-99.7,-99.7,-99.7,-99.7,-99.7,-99.7,-99.7,1000.5,1011.0
202509081153,822,23.7,69.7,17.8,-99.7,-99.7,-99.7,-99.7,-99.7,-99.7,-99.7,-99.7,-99.7,-99.7,-99.7,1002.6,1011.7
202509081153,823,25.2,69.7,19.3,-99.7,-99.7,-99.7,-99.7,-99.7,-99.7,-99.7,-99.7,-99.7,-99.7,-99.7,1000.8,1010.1
202509081153,824,24.8,63.5,17.4,-99.7,-99.7,-99.7,-99.7,-99.7,-99.7,-99.7,-99.7,-99.7,-99.7,-99.7,997.8,1010.9
202509081153,825,24.9,74.4,20.0,-99.7,-99.7,-99.7,-99.7,-99.7,-99.7,-99.7,-99.7,-99.7,-99.7,-99.7,1008.7,1012.1
202509081153,826,26.2,58.8,17.5,-99.7,-99.7,-99.7,-99.7,-99.7,-99.7,-99.7,-99.7,-99.7,-99.7,-99.7,997.0,1011.8
202509081153,827,27.8,53.7,17.6,-99.7,-99.7,-99.7,-99.7,-99.7,-99.7,-99.7,-99.7,-99.7,-99.7,-99.7,1003.8,1010.7
202509081153,828,27.1,72.4,21.7,-99.7,-99.7,-99.7,-99.7,-99.7,-99.7,-99.7,-99.7,-99.7,-99.7,-99.7,1008.1,1010.9
202509081153,829,28.4,48.5,16.5,-99.7,-99.7,-99.7,-99.7,-99.7,-99.7,-99.7,-99.7,-99.7,-99.7,-99.7,1002.4,1010.6
202509081153,830,30.3,19.6,4.6,-99.7,-99.7,-99.7,-99.7,-99.7,-99.7,-99.7,-99.7,-99.7,-99.7,-99.7,1006.1,1011.2
202509081153,831,22.7,65.6,15.9,-99.7,-99.7,-99.7,-99.7,-99.7,-99.7,-99.7,-99.7,-99.7,-99.7,-99.7,-99.7,-99.9
202509081153,832,24.0,83.0,20.9,-99.7,-99.7,-99.7,-99.7,-99.7,-99.7,-99.7,-99.7,-99.7,-99.7,-99.7,1002.8,1010.5
202509081153,833,24.6,74.9,19.9,-99.7,-99.7,-99.7,-99.7,-99.7,-99.7,-99.7,-99.7,-99.7,-99.7,-99.7,991.1,1010.9
202509081153,834,23.3,75.4,18.7,-99.7,-99.7,-99.7,-99.7,-99.7,-99.7,-99.7,-99.7,-99.7,-99.7,-99.7,978.4,1010.6
202509081153,835,26.5,52.0,15.9,-99.7,-99.7,-99.7,-99.7,-99.7,-99.7,-99.7,-99.7,-99.7,-99.7,-99.7,990.3,1011.2
202509081153,836,25.0,56.9,15.9,-99.7,-99.7,-99.7,-99.7,-99.7,-99.7,-99.7,-99.7,-99.7,-99.7,-99.7,974.5,1010.0
202509081153,837,26.3,52.5,15.8,-99.7,-99.7,-99.7,-99.7,-99.7,-99.7,-99.7,-99.7,-99.7,-99.7,-99.7,990.5,1011.6
202509081153,838,25.7,60.2,17.4,-99.7,-99.7,-99.7,-99.7,-99.7,-99.7,-99.7,-99.7,-99.7,-99.7,-99.7,959.9,1010.0
202509081153,839,27.8,52.6,17.2,-99.7,-99.7,-99.7,-99.7,-99.7,-99.7,-99.7,-99.7,-99.7,-99.7,-99.7,995.8,1010.4
202509081153,840,26.4,65.5,19.4,-99.7,-99.7,-99.7,-99.7,-99.7,-99.7,-99.7,-99.7,-99.7,-99.7,-99.7,1001.9,1010.0
202509081153,841,26.9,46.5,14.5,-99.7,-99.7,-99.7,-99.7,-99.7,-99.7,-99.7,-99.7,-99.7,-99.7,-99.7,994.2,1009.9
202509081153,842,27.6,63.5,20.1,-99.7,-99.7,-99.7,-99.7,-99.7,-99.7,-99.7,-99.7,-99.7,-99.7,-99.7,991.3,1010.5
202509081153,843,28.2,44.8,15.1,-99.7,-99.7,-99.7,-99.7,-99.7,-99.7,-99.7,-99.7,-99.7,-99.7,-99.7,986.2,1010.8
202509081153,844,28.2,51.4,17.2,-99.7,-99.7,-99.7,-99.7,-99.7,-99.7,-99.7,-99.7,-99.7,-99.7,-99.7,1007.7,1010.2
202509081153,845,27.1,61.6,19.1,-99.7,-99.7,-99.7,-99.7,-99.7,-99.7,-99.7,-99.7,-99.7,-99.7,-99.7,1007.8,1011.2
202509081153,846,26.2,61.7,18.3,-99.7,-99.7,-99.7,-99.7,-99.7,-99.7,-99.7,-99.7,-99.7,-99.7,-99.7,1002.6,1011.3
202509081153,847,24.4,68.6,18.3,-99.7,-99.7,-99.7,-99.7,-99.7,-99.7,-99.7,-99.7,-99.7,-99.7,-99.7,1003.9,1012.0
202509081153,848,28.1,50.0,16.7,-99.7,-99.7,-99.7,-99.7,-99.7,-99.7,-99.7,-99.7,-99.7,-99.7,-99.7,998.8,1010.6
202509081153,849,25.2,66.0,18.4,-99.7,-99.7,-99.7,-99.7,-99.7,-99.7,-99.7,-99.7,-99.7,-99.7,-99.7,1002.3,1012.0
202509081153,850,25.9,73.8,20.9,-99.7,-99.7,-99.7,-99.7,-99.7,-99.7,-99.7,-99.7,-99.7,-99.7,-99.7,-99.7,-99.9
202509081153,851,29.1,46.5,16.5,-99.7,-99.7,-99.7,-99.7,-99.7,-99.7,-99.7,-99.7,-99.7,-99.7,-99.7,1002.3,1011.3
202509081153,852,27.9,45.8,15.2,-99.7,-99.7,-99.7,-99.7,-99.7,-99.7,-99.7,-99.7,-99.7,-99.7,-99.7,1006.0,1010.6
202509081153,853,20.7,76.4,16.4,-99.7,-99.7,-99.7,-99.7,-99.7,-99.7,-99.7,-99.7,-99.7,-99.7,-99.7,948.0,1011.8
202509081153,854,29.3,69.5,23.1,-99.7,-99.7,-99.7,-99.7,-99.7,-99.7,-99.7,-99.7,-99.7,-99.7,-99.7,991.9,1010.5
202509081153,855,29.4,86.2,26.9,-99.7,-99.7,-99.7,-99.7,-99.7,-99.7,-99.7,-99.7,-99.7,-99.7,-99.7,1010.5,1011.0
202509081153,856,25.3,73.5,20.2,-99.7,-99.7,-99.7,-99.7,-99.7,-99.7,-99.7,-99.7,-99.7,-99.7,-99.7,954.3,1011.3
202509081153,857,23.6,96.1,22.9,-99.7,-99.7,-99.7,-99.7,-99.7,-99.7,-99.7,-99.7,-99.7,-99.7,-99.7,1009.7,1010.7
202509081153,858,24.6,95.1,23.8,-99.7,-99.7,-99.7,-99.7,-99.7,-99.7,-99.7,-99.7,-99.7,-99.7,-99.7,1007.5,1011.5
202509081153,859,25.0,55.4,15.5,-99.7,-99.7,-99.7,-99.7,-99.7,-99.7,-99.7,-99.7,-99.7,-99.7,-99.7,958.0,1010.8
202509081153,860,27.2,49.7,15.8,-99.7,-99.7,-99.7,-99.7,-99.7,-99.7,-99.7,-99.7,-99.7,-99.7,-99.7,1004.4,1011.1
202509081153,861,26.6,90.2,24.9,-99.7,-99.7,-99.7,-99.7,-99.7,-99.7,-99.7,-99.7,-99.7,-99.7,-99.7,1008.6,1011.0
202509081153,862,23.9,95.2,23.1,-99.7,-99.7,-99.7,-99.7,-99.7,-99.7,-99.7,-99.7,-99.7,-99.7,-99.7,988.2,1010.5
202509081153,863,28.5,79.5,24.6,-99.7,-99.7,-99.7,-99.7,-99.7,-99.7,-99.7,-99.7,-99.7,-99.7,-99.7,1004.6,1010.5
202509081153,864,24.7,67.2,18.2,-99.7,-99.7,-99.7,-99.7,-99.7,-99.7,-99.7,-99.7,-99.7,-99.7,-99.7,1004.8,1011.0
202509081153,865,27.3,86.9,24.9,-99.7,-99.7,-99.7,-99.7,-99.7,-99.7,-99.7,-99.7,-99.7,-99.7,-99.7,985.2,1011.4
202509081153,867,21.6,86.1,19.2,-99.7,-99.7,-99.7,-99.7,-99.7,-99.7,-99.7,-99.7,-99.7,-99.7,-99.7,852.2,1010.3
202509081153,868,21.8,92.5,20.5,-99.7,-99.7,-99.7,-99.7,-99.7,-99.7,-99.7,-99.7,-99.7,-99.7,-99.7,862.7,1010.6
202509081153,869,-99.9,-99.9,-99.9,-99.9,-99.9,-99.9,-99.9,-99.9,-99.9,-99.9,-99.9,-99.9,-99.9,-99.9,-99.9,-99.9
202509081153,870,22.1,69.3,16.2,-99.7,-99.7,-99.7,-99.7,-99.7,-99.7,-99.7,-99.7,-99.7,-99.7,-99.7,852.7,1008.9
202509081153,871,18.9,92.1,17.6,-99.7,-99.7,-99.7,-99.7,-99.7,-99.7,-99.7,-99.7,-99.7,-99.7,-99.7,835.6,1011.8
202509081153,872,21.8,89.0,19.9,-99.7,-99.7,-99.7,-99.7,-99.7,-99.7,-99.7,-99.7,-99.7,-99.7,-99.7,915.9,1011.2
202509081153,874,26.0,52.2,15.5,-99.7,-99.7,-99.7,-99.7,-99.7,-99.7,-99.7,-99.7,-99.7,-99.7,-99.7,993.5,1012.0
202509081153,875,19.6,32.7,2.8,-99.7,-99.7,-99.7,-99.7,-99.7,-99.7,-99.7,-99.7,-99.7,-99.7,-99.7,840.8,1008.5
202509081153,876,30.5,41.3,15.9,-99.7,-99.7,-99.7,-99.7,-99.7,-99.7,-99.7,-99.7,-99.7,-99.7,-99.7,1003.9,1010.3
202509081153,877,25.8,73.0,20.6,-99.7,-99.7,-99.7,-99.7,-99.7,-99.7,-99.7,-99.7,-99.7,-99.7,-99.7,1004.8,1011.6
202509081153,878,27.4,39.6,12.5,-99.7,-99.7,-99.7,-99.7,-99.7,-99.7,-99.7,-99.7,-99.7,-99.7,-99.7,-99.7,-99.9
202509081153,881,24.1,82.0,20.8,-99.7,-99.7,-99.7,-99.7,-99.7,-99.7,-99.7,-99.7,-99.7,-99.7,-99.7,1010.6,1011.8
202509081153,882,23.0,79.8,19.3,-99.7,-99.7,-99.7,-99.7,-99.7,-99.7,-99.7,-99.7,-99.7,-99.7,-99.7,998.0,1011.8
202509081153,883,27.2,88.9,25.2,-99.7,-99.7,-99.7,-99.7,-99.7,-99.7,-99.7,-99.7,-99.7,-99.7,-99.7,962.3,1010.4
202509081153,885,29.5,76.0,24.8,-99.7,-99.7,-99.7,-99.7,-99.7,-99.7,-99.7,-99.7,-99.7,-99.7,-99.7,983.4,1010.5
202509081153,886,23.7,80.5,20.1,-99.7,-99.7,-99.7,-99.7,-99.7,-99.7,-99.7,-99.7,-99.7,-99.7,-99.7,1011.3,1012.0
202509081153,888,24.4,81.3,21.0,-99.7,-99.7,-99.7,-99.7,-99.7,-99.7,-99.7,-99.7,-99.7,-99.7,-99.7,-99.7,-99.9
202509081153,889,-99.9,-99.9,-99.9,-99.9,-99.9,-99.9,-99.9,-99.9,-99.9,-99.9,-99.9,-99.9,-99.9,-99.9,-99.9,-99.9
202509081153,890,28.8,90.5,27.1,-99.7,-99.7,-99.7,-99.7,-99.7,-99.7,-99.7,-99.7,-99.7,-99.7,-99.7,979.6,1010.1
202509081153,892,28.7,89.6,26.8,-99.7,-99.7,-99.7,-99.7,-99.7,-99.7,-99.7,-99.7,-99.7,-99.7,-99.7,999.2,1010.7
202509081153,893,28.6,77.5,24.3,-99.7,-99.7,-99.7,-99.7,-99.7,-99.7,-99.7,-99.7,-99.7,-99.7,-99.7,1010.5,1011.1
202509081153,898,29.9,57.9,20.7,-99.7,-99.7,-99.7,-99.7,-99.7,-99.7,-99.7,-99.7,-99.7,-99.7,-99.7,1010.9,1011.1
202509081153,899,29.8,48.7,17.9,-99.7,-99.7,-99.7,-99.7,-99.7,-99.7,-99.7,-99.7,-99.7,-99.7,-99.7,1006.5,1010.2
202509081153,900,28.6,60.6,20.2,-99.7,-99.7,-99.7,-99.7,-99.7,-99.7,-99.7,-99.7,-99.7,-99.7,-99.7,996.4,1009.6
202509081153,901,25.8,63.3,18.3,-99.7,-99.7,-99.7,-99.7,-99.7,-99.7,-99.7,-99.7,-99.7,-99.7,-99.7,1002.4,1010.1
202509081153,902,27.2,77.3,22.9,-99.7,-99.7,-99.7,-99.7,-99.7,-99.7,-99.7,-99.7,-99.7,-99.7,-99.7,994.0,1009.4
202509081153,903,29.3,64.9,22.0,-99.7,-99.7,-99.7,-99.7,-99.7,-99.7,-99.7,-99.7,-99.7,-99.7,-99.7,1008.1,1009.8
202509081153,904,31.3,61.7,23.1,-99.7,-99.7,-99.7,-99.7,-99.7,-99.7,-99.7,-99.7,-99.7,-99.7,-99.7,1009.0,1009.1
202509081153,905,31.3,54.0,20.9,-99.7,-99.7,-99.7,-99.7,-99.7,-99.7,-99.7,-99.7,-99.7,-99.7,-99.7,1000.8,1010.1
202509081153,906,26.2,77.3,21.9,-99.7,-99.7,-99.7,-99.7,-99.7,-99.7,-99.7,-99.7,-99.7,-99.7,-99.7,1001.2,1011.4
202509081153,907,27.7,70.8,21.9,-99.7,-99.7,-99.7,-99.7,-99.7,-99.7,-99.7,-99.7,-99.7,-99.7,-99.7,1007.1,1010.4
202509081153,908,30.0,64.8,22.7,-99.7,-99.7,-99.7,-99.7,-99.7,-99.7,-99.7,-99.7,-99.7,-99.7,-99.7,1009.2,1010.5
202509081153,909,28.1,83.2,25.0,-99.7,-99.7,-99.7,-99.7,-99.7,-99.7,-99.7,-99.7,-99.7,-99.7,-99.7,999.3,1011.7
202509081153,910,29.2,80.5,25.5,-99.7,-99.7,-99.7,-99.7,-99.7,-99.7,-99.7,-99.7,-99.7,-99.7,-99.7,993.6,1009.1
202509081153,911,-99.9,-99.9,-99.9,-99.9,-99.9,-99.9,-99.9,-99.9,-99.9,-99.9,-99.9,-99.9,-99.9,-99.9,-99.9,-99.9
202509081153,912,25.8,70.0,19.9,-99.7,-99.7,-99.7,-99.7,-99.7,-99.7,-99.7,-99.7,-99.7,-99.7,-99.7,995.8,1011.7
202509081153,913,28.9,65.2,21.7,-99.7,-99.7,-99.7,-99.7,-99.7,-99.7,-99.7,-99.7,-99.7,-99.7,-99.7,1007.3,1009.5
202509081153,914,21.9,69.7,16.1,-99.7,-99.7,-99.7,-99.7,-99.7,-99.7,-99.7,-99.7,-99.7,-99.7,-99.7,971.7,1011.8
202509081153,915,27.5,71.8,22.0,-99.7,-99.7,-99.7,-99.7,-99.7,-99.7,-99.7,-99.7,-99.7,-99.7,-99.7,999.7,1009.3
202509081153,916,27.3,64.3,20.0,-99.7,-99.7,-99.7,-99.7,-99.7,-99.7,-99.7,-99.7,-99.7,-99.7,-99.7,1004.0,1010.2
202509081153,917,29.6,59.7,20.9,-99.7,-99.7,-99.7,-99.7,-99.7,-99.7,-99.7,-99.7,-99.7,-99.7,-99.7,1008.1,1011.0
202509081153,918,30.9,59.1,22.0,-99.7,-99.7,-99.7,-99.7,-99.7,-99.7,-99.7,-99.7,-99.7,-99.7,-99.7,1009.6,1010.4
202509081153,919,27.4,68.0,21.0,-99.7,-99.7,-99.7,-99.7,-99.7,-99.7,-99.7,-99.7,-99.7,-99.7,-99.7,1008.6,1012.0
202509081153,920,29.3,60.8,21.0,-99.7,-99.7,-99.7,-99.7,-99.7,-99.7,-99.7,-99.7,-99.7,-99.7,-99.7,1009.7,1010.6
202509081153,921,30.4,73.4,25.1,-99.7,-99.7,-99.7,-99.7,-99.7,-99.7,-99.7,-99.7,-99.7,-99.7,-99.7,1001.4,1009.9
202509081153,922,29.5,58.4,20.5,-99.7,-99.7,-99.7,-99.7,-99.7,-99.7,-99.7,-99.7,-99.7,-99.7,-99.7,994.8,1010.2
202509081153,923,25.2,86.2,22.7,-99.7,-99.7,-99.7,-99.7,-99.7,-99.7,-99.7,-99.7,-99.7,-99.7,-99.7,1003.7,1011.2
202509081153,924,25.7,77.0,21.4,-99.7,-99.7,-99.7,-99.7,-99.7,-99.7,-99.7,-99.7,-99.7,-99.7,-99.7,1008.5,1011.0
202509081153,925,29.3,61.8,21.2,-99.7,-99.7,-99.7,-99.7,-99.7,-99.7,-99.7,-99.7,-99.7,-99.7,-99.7,1007.5,1008.5
202509081153,926,29.4,77.7,25.1,-99.7,-99.7,-99.7,-99.7,-99.7,-99.7,-99.7,-99.7,-99.7,-99.7,-99.7,1009.2,1010.7
202509081153,927,28.7,55.2,18.8,-99.7,-99.7,-99.7,-99.7,-99.7,-99.7,-99.7,-99.7,-99.7,-99.7,-99.7,996.1,1010.3
202509081153,929,28.4,72.0,22.9,-99.7,-99.7,-99.7,-99.7,-99.7,-99.7,-99.7,-99.7,-99.7,-99.7,-99.7,996.0,1010.5
202509081153,930,28.5,77.2,24.1,-99.7,-99.7,-99.7,-99.7,-99.7,-99.7,-99.7,-99.7,-99.7,-99.7,-99.7,1010.5,1011.3
202509081153,931,27.2,88.2,25.1,-99.7,-99.7,-99.7,-99.7,-99.7,-99.7,-99.7,-99.7,-99.7,-99.7,-99.7,1002.8,1011.4
202509081153,932,28.9,59.8,20.3,-99.7,-99.7,-99.7,-99.7,-99.7,-99.7,-99.7,-99.7,-99.7,-99.7,-99.7,1010.7,1011.2
202509081153,933,29.1,68.5,22.7,-99.7,-99.7,-99.7,-99.7,-99.7,-99.7,-99.7,-99.7,-99.7,-99.7,-99.7,1007.4,1011.0
202509081153,934,27.8,69.6,21.7,-99.7,-99.7,-99.7,-99.7,-99.7,-99.7,-99.7,-99.7,-99.7,-99.7,-99.7,1001.1,1010.4
202509081153,935,26.8,-99.2,-99.9,-99.7,-99.7,-99.7,-99.7,-99.7,-99.7,-99.7,-99.7,-99.7,-99.7,-99.7,1008.7,1011.4
202509081153,936,28.8,73.9,23.7,-99.7,-99.7,-99.7,-99.7,-99.7,-99.7,-99.7,-99.7,-99.7,-99.7,-99.7,1004.0,1010.9
202509081153,937,27.9,80.5,24.2,-99.7,-99.7,-99.7,-99.7,-99.7,-99.7,-99.7,-99.7,-99.7,-99.7,-99.7,1000.2,1009.4
202509081153,938,28.7,69.3,22.5,-99.7,-99.7,-99.7,-99.7,-99.7,-99.7,-99.7,-99.7,-99.7,-99.7,-99.7,997.5,1010.3
202509081153,939,29.3,64.4,21.9,-99.7,-99.7,-99.7,-99.7,-99.7,-99.7,-99.7,-99.7,-99.7,-99.7,-99.7,1004.7,1010.2
202509081153,940,27.9,70.8,22.1,-99.7,-99.7,-99.7,-99.7,-99.7,-99.7,-99.7,-99.7,-99.7,-99.7,-99.7,1002.0,1009.9
202509081153,941,31.1,58.9,22.1,-99.7,-99.7,-99.7,-99.7,-99.7,-99.7,-99.7,-99.7,-99.7,-99.7,-99.7,1010.0,1010.8
202509081153,942,28.6,74.4,23.6,-99.7,-99.7,-99.7,-99.7,-99.7,-99.7,-99.7,-99.7,-99.7,-99.7,-99.7,997.1,1011.1
202509081153,943,24.7,72.6,19.5,-99.7,-99.7,-99.7,-99.7,-99.7,-99.7,-99.7,-99.7,-99.7,-99.7,-99.7,-99.7,-99.9
202509081153,944,28.2,63.4,20.6,-99.7,-99.7,-99.7,-99.7,-99.7,-99.7,-99.7,-99.7,-99.7,-99.7,-99.7,1009.2,1010.3
202509081153,945,26.0,62.7,18.3,-99.7,-99.7,-99.7,-99.7,-99.7,-99.7,-99.7,-99.7,-99.7,-99.7,-99.7,985.6,1011.6
202509081153,946,23.2,72.0,17.9,-99.7,-99.7,-99.7,-99.7,-99.7,-99.7,-99.7,-99.7,-99.7,-99.7,-99.7,974.9,1011.6
202509081153,947,28.6,70.2,22.6,-99.7,-99.7,-99.7,-99.7,-99.7,-99.7,-99.7,-99.7,-99.7,-99.7,-99.7,1007.3,1010.7
202509081153,948,27.6,77.1,23.2,-99.7,-99.7,-99.7,-99.7,-99.7,-99.7,-99.7,-99.7,-99.7,-99.7,-99.7,995.4,1011.2
202509081153,949,25.6,63.2,18.1,-99.7,-99.7,-99.7,-99.7,-99.7,-99.7,-99.7,-99.7,-99.7,-99.7,-99.7,1010.8,1011.7
202509081153,950,29.1,72.9,23.7,-99.7,-99.7,-99.7,-99.7,-99.7,-99.7,-99.7,-99.7,-99.7,-99.7,-99.7,-99.7,-99.9
202509081153,951,22.8,78.9,19.0,-99.7,-99.7,-99.7,-99.7,-99.7,-99.7,-99.7,-99.7,-99.7,-99.7,-99.7,999.0,1011.2
202509081153,953,30.1,61.3,21.8,-99.7,-99.7,-99.7,-99.7,-99.7,-99.7,-99.7,-99.7,-99.7,-99.7,-99.7,1006.7,1010.2
202509081153,954,27.3,66.8,20.6,-99.7,-99.7,-99.7,-99.7,-99.7,-99.7,-99.7,-99.7,-99.7,-99.7,-99.7,1004.4,1010.5
202509081153,955,25.3,80.3,21.7,-99.7,-99.7,-99.7,-99.7,-99.7,-99.7,-99.7,-99.7,-99.7,-99.7,-99.7,1010.9,1013.0
202509081153,956,25.1,86.5,22.7,-99.7,-99.7,-99.7,-99.7,-99.7,-99.7,-99.7,-99.7,-99.7,-99.7,-99.7,1009.8,1011.6
202509081153,957,24.1,72.5,18.9,-99.7,-99.7,-99.7,-99.7,-99.7,-99.7,-99.7,-99.7,-99.7,-99.7,-99.7,1001.9,1012.8
202509081153,958,25.0,64.6,17.9,-99.7,-99.7,-99.7,-99.7,-99.7,-99.7,-99.7,-99.7,-99.7,-99.7,-99.7,1010.2,1011.9
202509081153,959,22.9,96.7,22.3,-99.7,-99.7,-99.7,-99.7,-99.7,-99.7,-99.7,-99.7,-99.7,-99.7,-99.7,1010.6,1012.0
202509081153,960,30.8,79.4,26.8,-99.7,-99.7,-99.7,-99.7,-99.7,-99.7,-99.7,-99.7,-99.7,-99.7,-99.7,1009.5,1011.5
202509081153,961,28.2,82.6,25.0,-99.7,-99.7,-99.7,-99.7,-99.7,-99.7,-99.7,-99.7,-99.7,-99.7,-99.7,1008.5,1011.6
202509081153,963,26.0,67.7,19.6,-99.7,-99.7,-99.7,-99.7,-99.7,-99.7,-99.7,-99.7,-99.7,-99.7,-99.7,1010.0,1011.8
202509081153,964,26.5,76.9,22.1,-99.7,-99.7,-99.7,-99.7,-99.7,-99.7,-99.7,-99.7,-99.7,-99.7,-99.7,1005.9,1011.6
202509081153,965,20.3,86.7,18.0,-99.7,-99.7,-99.7,-99.7,-99.7,-99.7,-99.7,-99.7,-99.7,-99.7,-99.7,-99.7,-99.9
202509081153,966,25.0,72.8,19.8,-99.7,-99.7,-99.7,-99.7,-99.7,-99.7,-99.7,-99.7,-99.7,-99.7,-99.7,1006.7,1011.0
202509081153,967,24.0,79.4,20.2,-99.7,-99.7,-99.7,-99.7,-99.7,-99.7,-99.7,-99.7,-99.7,-99.7,-99.7,1004.4,1012.4
202509081153,970,24.8,67.9,18.5,-99.7,-99.7,-99.7,-99.7,-99.7,-99.7,-99.7,-99.7,-99.7,-99.7,-99.7,991.6,1012.0
202509081153,972,26.5,61.3,18.5,36.4,30.4,28.1,27.4,27.0,28.4,28.5,28.8,-99.7,-99.7,-99.7,1002.1,1012.2
202509081153,973,25.9,84.4,23.1,30.0,29.9,26.9,27.8,27.2,26.1,27.5,26.2,-99.7,-99.7,-99.7,1006.8,1011.3
202509081153,974,30.1,63.7,22.5,-99.7,42.3,31.4,30.8,29.2,29.1,29.4,29.2,-99.7,-99.7,-99.7,-99.7,-99.9
202509081153,977,25.0,88.7,23.0,36.4,27.9,26.7,26.5,26.7,27.1,26.9,26.9,-99.7,-99.7,-99.7,-99.7,-99.9
202509081153,978,25.4,71.4,19.9,42.8,32.8,26.5,26.0,26.1,26.4,26.6,25.6,-99.7,-99.7,-99.7,-99.7,-99.9
202509081153,980,29.9,79.2,25.9,38.8,31.4,30.3,29.5,29.5,29.0,29.5,28.5,0.0,0.0,0.0,994.7,1009.8
202509081153,984,25.8,83.9,22.9,-99.7,-99.7,-99.7,-99.7,-99.7,-99.7,-99.7,-99.7,-99.7,-99.7,-99.7,1006.8,1010.9
202509081153,989,29.7,85.0,26.9,-99.7,-99.7,-99.7,-99.7,-99.7,-99.7,-99.7,-99.7,-99.7,-99.7,-99.7,999.2,1009.4
202509081153,990,29.3,83.2,26.2,-99.7,-99.7,-99.7,-99.7,-99.7,-99.7,-99.7,-99.7,-99.7,-99.7,-99.7,1002.4,1011.1
202509081153,991,27.1,63.6,19.6,-99.7,-99.7,-99.7,-99.7,-99.7,-99.7,-99.7,-99.7,-99.7,-99.7,-99.7,1008.4,1011.5
202509081153,992,25.7,67.8,19.3,-99.7,-99.7,-99.7,-99.7,-99.7,-99.7,-99.7,-99.7,-99.7,-99.7,-99.7,1007.4,1011.5
202509081153,993,28.4,84.3,25.5,-99.7,-99.7,-99.7,-99.7,-99.7,-99.7,-99.7,-99.7,-99.7,-99.7,-99.7,979.7,1010.7
202509081153,994,23.5,83.0,20.4,-99.7,-99.7,-99.7,-99.7,-99.7,-99.7,-99.7,-99.7,-99.7,-99.7,-99.7,1011.9,1012.2
202509081153,995,27.0,62.7,19.3,-99.7,-99.7,-99.7,-99.7,-99.7,-99.7,-99.7,-99.7,-99.7,-99.7,-99.7,1000.8,1009.9
202509081153,996,22.1,87.9,20.0,-99.7,-99.7,-99.7,-99.7,-99.7,-99.7,-99.7,-99.7,-99.7,-99.7,-99.7,970.4,1011.2
