latitude,longitude,bright_ti4,scan,track,acq_date,acq_time,satellite,instrument,confidence,version,bright_ti5,frp,daynight
34.91303,127.75578,333.12,0.49,0.4,2025-08-29,1346,N20,VIIRS,n,2.0NRT,302.68,4.81,D
34.91611,127.74978,345.18,0.49,0.4,2025-08-29,1346,N20,VIIRS,n,2.0NRT,303.24,9.88,D
36.00123,129.39105,335.96,0.4,0.44,2025-08-29,1346,N20,VIIRS,n,2.0NRT,295.38,3.99,D
37.48029,126.4511,332.04,0.46,0.39,2025-08-29,1346,N20,VIIRS,n,2.0NRT,296.68,2.99,D
39.44328,126.0218,325.62,0.54,0.42,2025-08-30,0205,N20,VIIRS,n,2.0NRT,291.87,4.96,N
39.44607,126.02238,324.2,0.54,0.42,2025-08-30,0205,N20,VIIRS,n,2.0NRT,291.89,3.97,N
33.80006,130.99399,318.15,0.39,0.36,2025-08-30,0207,N20,VIIRS,n,2.0NRT,296.11,2.62,N
33.80075,130.98982,327.47,0.39,0.36,2025-08-30,0207,N20,VIIRS,n,2.0NRT,295.28,2.62,N
33.91731,130.84253,316.81,0.39,0.36,2025-08-30,0207,N20,VIIRS,n,2.0NRT,295.19,2.92,N
33.92197,130.83502,311.49,0.39,0.36,2025-08-30,0207,N20,VIIRS,n,2.0NRT,295.08,1.5,N
33.9232,130.84824,310.48,0.39,0.36,2025-08-30,0207,N20,VIIRS,n,2.0NRT,295.07,1.86,N
33.94376,130.82724,328.95,0.39,0.36,2025-08-30,0207,N20,VIIRS,n,2.0NRT,296.36,4.14,N
34.91195,127.75185,320.69,0.42,0.37,2025-08-30,0207,N20,VIIRS,n,2.0NRT,296.6,2.15,N
34.91258,127.74731,308.2,0.42,0.37,2025-08-30,0207,N20,VIIRS,n,2.0NRT,296.54,2.57,N
34.9146,127.7543,327.57,0.42,0.37,2025-08-30,0207,N20,VIIRS,n,2.0NRT,297.28,3.22,N
34.91537,127.75254,314.11,0.42,0.37,2025-08-30,0207,N20,VIIRS,n,2.0NRT,296.3,2.15,N
34.91961,127.76927,308.81,0.42,0.37,2025-08-30,0207,N20,VIIRS,n,2.0NRT,296.39,2.76,N
34.92022,127.76476,307.08,0.42,0.37,2025-08-30,0207,N20,VIIRS,n,2.0NRT,295.23,1.06,N
34.92267,127.74661,323.25,0.42,0.37,2025-08-30,0207,N20,VIIRS,n,2.0NRT,296.18,3.45,N
34.92389,127.73753,308.21,0.42,0.37,2025-08-30,0207,N20,VIIRS,n,2.0NRT,295.8,1.87,N
34.92548,127.75185,310.36,0.42,0.37,2025-08-30,0207,N20,VIIRS,n,2.0NRT,296.31,2.8,N
34.92731,127.73823,323.05,0.42,0.37,2025-08-30,0207,N20,VIIRS,n,2.0NRT,297.46,1.87,N
34.9289,127.75252,313.99,0.42,0.37,2025-08-30,0207,N20,VIIRS,n,2.0NRT,296.75,1.63,N
34.92952,127.74799,313.98,0.42,0.37,2025-08-30,0207,N20,VIIRS,n,2.0NRT,296.36,1.81,N
35.09929,128.86215,319.98,0.39,0.37,2025-08-30,0207,N20,VIIRS,n,2.0NRT,295.41,2.33,N
35.37011,128.48526,313.53,0.4,0.37,2025-08-30,0207,N20,VIIRS,n,2.0NRT,295.53,1.55,N
35.44609,129.35184,309.27,0.39,0.36,2025-08-30,0207,N20,VIIRS,n,2.0NRT,298.91,3.87,N
35.49996,129.35323,310.43,0.39,0.36,2025-08-30,0207,N20,VIIRS,n,2.0NRT,297.83,4.37,N
35.99965,129.39825,311.65,0.39,0.36,2025-08-30,0207,N20,VIIRS,n,2.0NRT,298.08,3.08,N
36.00817,129.38681,317.1,0.39,0.36,2025-08-30,0207,N20,VIIRS,n,2.0NRT,298.29,3.22,N
36.01006,129.3739,317.59,0.39,0.36,2025-08-30,0207,N20,VIIRS,n,2.0NRT,296.05,2.37,N
36.01937,129.38042,311.3,0.39,0.36,2025-08-30,0207,N20,VIIRS,n,2.0NRT,296.7,1.79,N
36.02536,129.38622,313.57,0.39,0.36,2025-08-30,0207,N20,VIIRS,n,2.0NRT,297.71,2.98,N
36.02741,129.39557,311.16,0.39,0.36,2025-08-30,0207,N20,VIIRS,n,2.0NRT,297.62,1.29,N
36.03009,129.4006,312.44,0.39,0.36,2025-08-30,0207,N20,VIIRS,n,2.0NRT,298.47,1.29,N
36.03072,129.3963,315.68,0.39,0.36,2025-08-30,0207,N20,VIIRS,n,2.0NRT,298.49,1.29,N
36.98114,126.70691,314.09,0.47,0.4,2025-08-30,0207,N20,VIIRS,n,2.0NRT,293.43,2.81,N
36.9831,126.69099,314.8,0.47,0.4,2025-08-30,0207,N20,VIIRS,n,2.0NRT,293.92,2.61,N
36.98375,126.68568,309.11,0.47,0.4,2025-08-30,0207,N20,VIIRS,n,2.0NRT,292.68,2.2,N
36.98413,126.71289,333.01,0.47,0.4,2025-08-30,0207,N20,VIIRS,n,2.0NRT,293.77,6.85,N
36.98543,126.70228,310.18,0.47,0.4,2025-08-30,0207,N20,VIIRS,n,2.0NRT,293.72,2.81,N
36.98674,126.69167,311.97,0.47,0.4,2025-08-30,0207,N20,VIIRS,n,2.0NRT,293.57,2.61,N
36.98907,126.70295,308.56,0.47,0.4,2025-08-30,0207,N20,VIIRS,n,2.0NRT,293.0,2.38,N
37.42219,129.17473,309.47,0.4,0.37,2025-08-30,0207,N20,VIIRS,n,2.0NRT,295.14,1.66,N
37.48249,129.05005,329.36,0.4,0.37,2025-08-30,0207,N20,VIIRS,n,2.0NRT,297.45,6.55,N
37.48523,129.05527,335.99,0.4,0.37,2025-08-30,0207,N20,VIIRS,n,2.0NRT,297.35,7.51,N
33.79898,130.99229,339.31,0.42,0.38,2025-08-30,1325,N20,VIIRS,n,2.0NRT,303.28,5.2,D
34.91803,127.74625,332.62,0.38,0.36,2025-08-30,1327,N20,VIIRS,l,2.0NRT,304.78,5.34,D
34.92196,127.74969,341.52,0.38,0.36,2025-08-30,1327,N20,VIIRS,n,2.0NRT,305.05,6.2,D
34.92394,127.74059,338.3,0.38,0.36,2025-08-30,1327,N20,VIIRS,n,2.0NRT,306.73,5.41,D
34.92588,127.7531,335.18,0.38,0.36,2025-08-30,1327,N20,VIIRS,l,2.0NRT,305.69,4.29,D
35.07135,128.05692,335.22,0.38,0.36,2025-08-30,1327,N20,VIIRS,l,2.0NRT,306.44,3.75,D
35.11565,128.10298,336.35,0.38,0.36,2025-08-30,1327,N20,VIIRS,n,2.0NRT,305.97,4.25,D
35.12284,128.10568,337.86,0.38,0.36,2025-08-30,1327,N20,VIIRS,n,2.0NRT,305.86,4.41,D
35.23769,128.16663,334.03,0.38,0.36,2025-08-30,1327,N20,VIIRS,l,2.0NRT,308.92,6.31,D
35.24951,128.6097,331.38,0.39,0.36,2025-08-30,1327,N20,VIIRS,l,2.0NRT,304.44,5.66,D
35.37086,128.48831,334.6,0.39,0.36,2025-08-30,1327,N20,VIIRS,l,2.0NRT,308.64,6.97,D
35.71702,128.16241,330.21,0.38,0.36,2025-08-30,1327,N20,VIIRS,l,2.0NRT,301.57,2.03,D
35.95855,128.254,335.05,0.39,0.36,2025-08-30,1327,N20,VIIRS,n,2.0NRT,302.49,2.24,D
36.13598,127.53841,341.92,0.38,0.36,2025-08-30,1327,N20,VIIRS,n,2.0NRT,300.89,3.74,D
36.49842,127.36871,335.5,0.38,0.36,2025-08-30,1327,N20,VIIRS,n,2.0NRT,303.81,5.46,D
36.73391,127.34941,338.91,0.38,0.36,2025-08-30,1327,N20,VIIRS,n,2.0NRT,305.75,5.42,D
36.82138,127.10005,338.99,0.38,0.36,2025-08-30,1327,N20,VIIRS,n,2.0NRT,300.56,1.58,D
36.84041,127.11315,331.52,0.38,0.36,2025-08-30,1327,N20,VIIRS,l,2.0NRT,302.24,3.55,D
36.93671,127.47118,337.65,0.38,0.36,2025-08-30,1327,N20,VIIRS,n,2.0NRT,299.29,4.32,D
37.0261,128.32254,336.53,0.39,0.36,2025-08-30,1327,N20,VIIRS,n,2.0NRT,304.13,3.92,D
37.39686,126.70285,330.19,0.39,0.36,2025-08-30,1327,N20,VIIRS,l,2.0NRT,304.36,3.73,D
37.44919,126.45299,330.61,0.39,0.36,2025-08-30,1327,N20,VIIRS,n,2.0NRT,300.58,1.87,D
35.09876,128.86021,314.64,0.4,0.44,2025-08-31,0148,N20,VIIRS,n,2.0NRT,292.27,1.77,N
35.36869,128.48743,311.29,0.42,0.45,2025-08-31,0148,N20,VIIRS,n,2.0NRT,292.74,1.39,N
35.37285,128.48805,310.79,0.42,0.45,2025-08-31,0148,N20,VIIRS,n,2.0NRT,292.06,1.24,N
35.44826,129.33931,307.67,0.57,0.43,2025-08-31,0148,N20,VIIRS,n,2.0NRT,294.2,5.47,N
35.97298,126.6056,306.61,0.54,0.51,2025-08-31,0148,N20,VIIRS,n,2.0NRT,291.24,2.42,N
36.03108,129.39801,315.16,0.57,0.43,2025-08-31,0148,N20,VIIRS,n,2.0NRT,294.58,6.26,N
36.03437,129.40498,311.49,0.57,0.43,2025-08-31,0148,N20,VIIRS,n,2.0NRT,292.81,5.38,N
36.03631,129.40614,319.84,0.57,0.43,2025-08-31,0148,N20,VIIRS,n,2.0NRT,292.73,4.76,N
36.98078,126.70498,306.55,0.54,0.51,2025-08-31,0148,N20,VIIRS,n,2.0NRT,292.27,1.81,N
36.98177,126.69262,306.48,0.54,0.51,2025-08-31,0148,N20,VIIRS,n,2.0NRT,292.46,2.89,N
36.98227,126.68642,311.17,0.55,0.51,2025-08-31,0148,N20,VIIRS,n,2.0NRT,292.37,2.34,N
36.98497,126.71177,325.88,0.54,0.51,2025-08-31,0148,N20,VIIRS,n,2.0NRT,292.38,5.47,N
36.98696,126.68704,315.37,0.55,0.51,2025-08-31,0148,N20,VIIRS,n,2.0NRT,292.25,2.26,N
37.0835,128.28064,306.27,0.45,0.47,2025-08-31,0148,N20,VIIRS,n,2.0NRT,291.64,1.05,N
37.42424,129.17088,311.76,0.41,0.45,2025-08-31,0148,N20,VIIRS,n,2.0NRT,293.96,1.72,N
37.48409,129.05513,326.44,0.41,0.45,2025-08-31,0148,N20,VIIRS,n,2.0NRT,294.96,3.51,N
37.48452,129.05061,319.09,0.41,0.45,2025-08-31,0148,N20,VIIRS,n,2.0NRT,295.49,3.43,N
37.59518,129.01292,305.9,0.42,0.45,2025-08-31,0148,N20,VIIRS,n,2.0NRT,293.37,0.78,N
37.60347,126.58389,307.84,0.56,0.52,2025-08-31,0148,N20,VIIRS,n,2.0NRT,289.98,1.03,N
33.79944,130.99103,334.63,0.46,0.39,2025-08-31,0150,N20,VIIRS,n,2.0NRT,294.08,5.7,N
33.88163,130.75623,311.68,0.47,0.4,2025-08-31,0150,N20,VIIRS,n,2.0NRT,291.39,2.31,N
33.91027,130.82338,314.88,0.47,0.39,2025-08-31,0150,N20,VIIRS,n,2.0NRT,291.55,2.53,N
33.92644,130.84174,316.09,0.47,0.39,2025-08-31,0150,N20,VIIRS,n,2.0NRT,291.85,3.85,N
33.94282,130.82928,316.65,0.47,0.39,2025-08-31,0150,N20,VIIRS,n,2.0NRT,291.89,4.65,N
33.94393,130.82649,322.89,0.47,0.4,2025-08-31,0150,N20,VIIRS,n,2.0NRT,292.37,2.03,N
34.92133,127.76807,306.71,0.45,0.47,2025-08-31,0150,N20,VIIRS,n,2.0NRT,292.65,2.59,N
34.92181,127.74079,305.98,0.45,0.47,2025-08-31,0150,N20,VIIRS,n,2.0NRT,291.74,1.65,N
34.92366,127.76614,307.58,0.45,0.47,2025-08-31,0150,N20,VIIRS,n,2.0NRT,292.39,3.73,N
34.92409,127.73835,306.6,0.45,0.47,2025-08-31,0150,N20,VIIRS,n,2.0NRT,292.07,1.46,N
34.92661,127.73645,314.02,0.45,0.47,2025-08-31,0150,N20,VIIRS,n,2.0NRT,292.34,1.65,N
34.9284,127.73898,308.63,0.45,0.47,2025-08-31,0150,N20,VIIRS,n,2.0NRT,292.82,1.46,N
36.98292,126.70982,305.73,0.66,0.73,2025-08-31,0328,N20,VIIRS,n,2.0NRT,287.21,2.31,N
36.98304,126.68597,307.37,0.66,0.73,2025-08-31,0328,N20,VIIRS,n,2.0NRT,286.88,2.2,N
36.98671,126.68908,307.15,0.66,0.73,2025-08-31,0328,N20,VIIRS,n,2.0NRT,287.13,3.93,N
33.79888,130.99017,331.64,0.41,0.37,2025-08-31,1308,N20,VIIRS,n,2.0NRT,292.76,3.68,D
36.78854,127.40237,340.51,0.5,0.41,2025-08-31,1310,N20,VIIRS,n,2.0NRT,294.41,3.05,D
37.24401,127.59509,327.78,0.49,0.4,2025-08-31,1310,N20,VIIRS,l,2.0NRT,301.27,3.86,D
37.30665,127.52798,329.68,0.49,0.4,2025-08-31,1310,N20,VIIRS,n,2.0NRT,295.22,2.31,D
37.30705,127.52435,328.7,0.49,0.4,2025-08-31,1310,N20,VIIRS,n,2.0NRT,295.87,1.91,D
