TIME,STN,TA,HM,TD,TG,TS,TE0.05,TE0.1,TE0.2,TE0.3,TE0.5,TE1.0,TE1.5,TE3.0,TE5.0,PA,PS
202508102157,90,23.6,91.5,22.1,23.1,24.7,-99.7,-99.7,-99.7,-99.7,-99.7,-99.7,-99.7,-99.7,-99.7,1002.5,1004.5
202508102157,92,24.0,86.0,21.5,-99.7,-99.7,-99.7,-99.7,-99.7,-99.7,-99.7,-99.7,-99.7,-99.7,-99.7,996.8,1004.4
202508102157,93,25.4,82.1,22.1,23.6,27.0,29.0,30.2,29.8,29.3,28.6,27.7,25.7,21.1,18.2,992.9,1003.7
202508102157,95,24.3,89.5,22.5,22.8,25.8,-99.7,-99.7,-99.7,-99.7,-99.7,-99.7,-99.7,-99.7,-99.7,986.3,1003.9
202508102157,96,24.4,92.2,23.1,-99.7,-99.7,-99.7,-99.7,-99.7,-99.7,-99.7,-99.7,-99.7,-99.7,-99.7,993.1,1004.3
202508102157,98,24.8,88.7,22.8,23.5,25.5,-99.7,-99.7,-99.7,-99.7,-99.7,-99.7,-99.7,-99.7,-99.7,990.1,1003.2
202508102157,99,23.6,96.7,23.0,23.1,25.7,-99.7,-99.7,-99.7,-99.7,-99.7,-99.7,-99.7,-99.7,-99.7,1000.4,1003.9
202508102157,100,17.2,95.8,16.5,16.5,19.2,-99.7,-99.7,-99.7,-99.7,-99.7,-99.7,-99.7,-99.7,-99.7,920.5,1006.8
202508102157,101,25.4,76.7,21.0,23.3,27.3,30.4,30.6,30.5,29.4,28.1,26.4,24.2,19.7,16.1,994.4,1003.0
202508102157,102,22.7,90.2,21.0,21.2,24.6,-99.7,-99.7,-99.7,-99.7,-99.7,-99.7,-99.7,-99.7,-99.7,999.2,1003.3
202508102157,104,22.7,91.4,21.2,20.9,24.1,28.2,28.6,28.6,28.0,27.5,25.7,23.9,18.4,14.6,994.7,1003.3
202508102157,105,24.4,75.5,19.8,21.6,24.0,26.6,26.8,27.7,28.2,27.8,26.9,24.6,19.0,16.4,1001.1,1004.2
202508102157,106,23.2,82.4,20.0,20.3,22.9,-99.7,-99.7,-99.7,-99.7,-99.7,-99.7,-99.7,-99.7,-99.7,1000.1,1004.7
202508102157,108,28.0,73.8,22.9,23.7,25.8,27.1,27.7,27.0,26.3,27.3,25.9,25.0,19.9,16.7,992.6,1002.2
202508102157,110,25.4,100.0,25.4,-99.7,-99.7,-99.7,-99.7,-99.7,-99.7,-99.7,-99.7,-99.7,-99.7,-99.7,1001.7,1003.8
202508102157,112,26.5,85.0,23.8,23.8,26.9,28.0,27.8,27.9,27.2,26.3,25.5,23.5,19.3,15.3,995.6,1003.4
202508102157,113,25.2,91.0,23.6,-99.7,-99.7,-99.7,-99.7,-99.7,-99.7,-99.7,-99.7,-99.7,-99.7,-99.7,1003.1,1003.9
202508102157,114,26.7,68.4,20.4,23.3,27.0,-99.7,-99.7,-99.7,-99.7,-99.7,-99.7,-99.7,-99.7,-99.7,985.5,1002.3
202508102157,115,23.8,78.2,19.8,18.6,21.5,25.6,26.6,27.1,26.0,25.0,22.7,21.2,16.4,14.0,979.5,1004.4
202508102157,116,23.4,85.6,20.9,-99.7,-99.7,-99.7,-99.7,-99.7,-99.7,-99.7,-99.7,-99.7,-99.7,-99.7,935.0,1003.7
202508102157,119,24.9,83.4,21.9,23.5,26.7,28.7,28.8,28.2,27.7,27.3,25.6,23.7,18.5,14.7,998.9,1003.4
202508102157,121,23.9,80.4,20.3,21.4,25.8,-99.7,-99.7,-99.7,-99.7,-99.7,-99.7,-99.7,-99.7,-99.7,977.0,1004.1
202508102157,127,23.6,74.0,18.7,21.3,25.7,-99.7,-99.7,-99.7,-99.7,-99.7,-99.7,-99.7,-99.7,-99.7,989.7,1002.7
202508102157,129,23.5,92.3,22.2,21.7,25.8,26.9,28.0,28.3,27.3,26.7,24.9,24.3,18.3,17.3,1000.9,1003.8
202508102157,130,22.5,86.4,20.1,20.0,24.5,-99.7,-99.7,-99.7,-99.7,-99.7,-99.7,-99.7,-99.7,-99.7,999.2,1004.8
202508102157,131,27.5,67.7,21.0,24.2,26.1,-99.7,-99.7,-99.7,-99.7,-99.7,-99.7,-99.7,-99.7,-99.7,996.3,1002.9
202508102157,133,25.8,74.3,20.9,23.5,25.3,30.1,30.1,30.1,29.7,28.9,28.0,26.2,21.7,18.0,995.8,1003.5
202508102157,135,21.3,90.1,19.6,21.8,23.2,-99.7,-99.7,-99.7,-99.7,-99.7,-99.7,-99.7,-99.7,-99.7,976.2,1004.0
202508102157,136,25.0,73.3,19.9,23.3,24.3,-99.7,-99.7,-99.7,-99.7,-99.7,-99.7,-99.7,-99.7,-99.7,989.1,1005.1
202508102157,137,23.8,82.8,20.7,21.6,24.7,-99.7,-99.7,-99.7,-99.7,-99.7,-99.7,-99.7,-99.7,-99.7,992.2,1003.2
202508102157,138,24.5,81.9,21.2,22.3,25.6,28.1,28.5,28.4,27.9,26.7,24.7,23.2,19.2,16.7,1004.1,1004.5
202508102157,140,24.4,87.9,22.3,22.4,25.0,-99.7,-99.7,-99.7,-99.7,-99.7,-99.7,-99.7,-99.7,-99.7,1001.1,1004.3
202508102157,143,24.1,71.9,18.7,22.2,23.7,-99.7,-99.7,-99.7,-99.7,-99.7,-99.7,-99.7,-99.7,-99.7,998.0,1004.2
202508102157,146,25.5,79.3,21.7,23.0,25.1,-99.7,-99.7,-99.7,-99.7,-99.7,-99.7,-99.7,-99.7,-99.7,997.0,1003.8
202508102157,151,22.6,91.0,21.1,-99.7,-99.7,-99.7,-99.7,-99.7,-99.7,-99.7,-99.7,-99.7,-99.7,-99.7,1004.0,1004.9
202508102157,152,22.4,86.1,20.0,21.5,24.2,-99.7,-99.7,-99.7,-99.7,-99.7,-99.7,-99.7,-99.7,-99.7,995.0,1004.3
202508102157,155,23.6,94.7,22.7,23.1,24.6,-99.7,-99.7,-99.7,-99.7,-99.7,-99.7,-99.7,-99.7,-99.7,1000.5,1004.5
202508102157,156,25.9,79.3,22.0,25.9,26.1,-99.7,-99.7,-99.7,-99.7,-99.7,-99.7,-99.7,-99.7,-99.7,996.1,1004.0
202508102157,159,23.6,79.7,19.9,19.7,23.3,25.1,24.6,24.7,24.9,27.1,26.4,24.9,19.5,18.2,996.4,1004.3
202508102157,160,21.2,97.1,20.7,-99.7,-99.7,-99.7,-99.7,-99.7,-99.7,-99.7,-99.7,-99.7,-99.7,-99.7,-99.7,-99.9
202508102157,162,23.2,92.8,22.0,22.3,23.9,-99.7,-99.7,-99.7,-99.7,-99.7,-99.7,-99.7,-99.7,-99.7,1000.8,1004.4
202508102157,163,24.5,83.0,21.4,-99.7,-99.7,-99.7,-99.7,-99.7,-99.7,-99.7,-99.7,-99.7,-99.7,-99.7,1003.2,1004.3
202508102157,165,24.6,90.5,22.9,22.0,25.4,26.8,26.8,26.6,26.8,27.0,26.3,24.5,20.7,17.4,999.3,1004.4
202508102157,167,24.9,91.0,23.3,-99.7,-99.7,-99.7,-99.7,-99.7,-99.7,-99.7,-99.7,-99.7,-99.7,-99.7,1003.7,1004.7
202508102157,168,24.4,89.6,22.6,23.0,25.6,23.7,24.1,24.3,26.4,27.4,27.3,24.9,19.6,17.3,997.3,1004.8
202508102157,169,23.9,91.8,22.5,24.7,22.8,-99.7,-99.7,-99.7,-99.7,-99.7,-99.7,-99.7,-99.7,-99.7,995.8,1004.3
202508102157,170,24.3,94.0,23.3,25.4,25.2,-99.7,-99.7,-99.7,-99.7,-99.7,-99.7,-99.7,-99.7,-99.7,1000.5,1004.5
202508102157,172,23.3,94.5,22.4,22.5,23.8,-99.7,-99.7,-99.7,-99.7,-99.7,-99.7,-99.7,-99.7,-99.7,997.8,1003.8
202508102157,174,23.9,93.8,22.8,24.5,26.1,-99.7,-99.7,-99.7,-99.7,-99.7,-99.7,-99.7,-99.7,-99.7,984.6,1003.2
202508102157,175,22.3,94.0,21.3,-99.7,-99.7,-99.7,-99.7,-99.7,-99.7,-99.7,-99.7,-99.7,-99.7,-99.7,951.9,1005.3
202508102157,177,24.5,85.3,21.9,22.6,25.4,-99.7,-99.7,-99.7,-99.7,-99.7,-99.7,-99.7,-99.7,-99.7,999.6,1002.8
202508102157,181,24.3,84.1,21.4,22.2,26.0,-99.7,-99.7,-99.7,-99.7,-99.7,-99.7,-99.7,-99.7,-99.7,999.7,1003.5
202508102157,182,25.7,73.0,20.5,-99.7,-99.7,-99.7,-99.7,-99.7,-99.7,-99.7,-99.7,-99.7,-99.7,-99.7,1002.2,1005.0
202508102157,184,26.6,66.0,19.7,25.8,24.7,28.1,29.6,29.8,29.9,29.8,28.6,28.0,25.7,20.1,1001.9,1004.3
202508102157,185,25.8,73.2,20.6,25.1,25.0,-99.7,-99.7,-99.7,-99.7,-99.7,-99.7,-99.7,-99.7,-99.7,996.3,1004.4
202508102157,188,25.5,81.4,22.1,24.1,26.3,-99.7,-99.7,-99.7,-99.7,-99.7,-99.7,-99.7,-99.7,-99.7,1002.5,1004.8
202508102157,189,26.3,83.9,23.4,25.9,26.2,-99.7,-99.7,-99.7,-99.7,-99.7,-99.7,-99.7,-99.7,-99.7,998.2,1004.1
202508102157,192,22.4,92.6,21.1,24.7,25.6,-99.7,-99.7,-99.7,-99.7,-99.7,-99.7,-99.7,-99.7,-99.7,1001.1,1004.5
202508102157,201,23.6,88.9,21.7,21.6,24.9,-99.7,-99.7,-99.7,-99.7,-99.7,-99.7,-99.7,-99.7,-99.7,998.6,1004.1
202508102157,202,24.9,75.4,20.3,23.1,27.1,-99.7,-99.7,-99.7,-99.7,-99.7,-99.7,-99.7,-99.7,-99.7,998.3,1003.7
202508102157,203,25.9,84.4,23.1,23.6,25.6,-99.7,-99.7,-99.7,-99.7,-99.7,-99.7,-99.7,-99.7,-99.7,995.2,1004.2
202508102157,211,22.4,88.2,20.4,20.5,-99.2,-99.7,-99.7,-99.7,-99.7,-99.7,-99.7,-99.7,-99.7,-99.7,981.3,1004.2
202508102157,212,24.9,78.5,20.9,23.6,25.8,-99.7,-99.7,-99.7,-99.7,-99.7,-99.7,-99.7,-99.7,-99.7,988.1,1003.9
202508102157,216,18.3,90.2,16.7,17.8,20.1,-99.7,-99.7,-99.7,-99.7,-99.7,-99.7,-99.7,-99.7,-99.7,926.3,1006.0
202508102157,217,22.2,80.5,18.7,22.0,27.2,26.3,27.9,27.3,26.9,-99.7,-99.7,-99.7,-99.7,-99.7,969.5,1004.7
202508102157,221,22.6,93.0,21.4,21.4,25.6,-99.7,-99.7,-99.7,-99.7,-99.7,-99.7,-99.7,-99.7,-99.7,974.0,1003.9
202508102157,226,22.5,92.3,21.2,20.3,24.4,-99.7,-99.7,-99.7,-99.7,-99.7,-99.7,-99.7,-99.7,-99.7,984.6,1004.1
202508102157,229,24.1,91.0,22.5,-99.7,-99.7,-99.7,-99.7,-99.7,-99.7,-99.7,-99.7,-99.7,-99.7,-99.7,991.3,1003.2
202508102157,230,24.2,90.3,22.5,-99.7,-99.7,-99.7,-99.7,-99.7,-99.7,-99.7,-99.7,-99.7,-99.7,-99.7,1003.1,1004.5
202508102157,232,23.5,93.6,22.4,22.3,25.6,-99.7,-99.7,-99.7,-99.7,-99.7,-99.7,-99.7,-99.7,-99.7,994.4,1004.1
202508102157,235,24.0,88.3,21.9,23.2,26.6,-99.7,-99.7,-99.7,-99.7,-99.7,-99.7,-99.7,-99.7,-99.7,1002.1,1003.2
202508102157,236,23.8,90.6,22.2,22.6,25.9,-99.7,-99.7,-99.7,-99.7,-99.7,-99.7,-99.7,-99.7,-99.7,1002.1,1003.6
202508102157,238,22.8,86.6,20.4,21.0,25.2,-99.7,-99.7,-99.7,-99.7,-99.7,-99.7,-99.7,-99.7,-99.7,984.2,1003.8
202508102157,239,24.3,84.7,21.6,23.4,25.9,-99.7,-99.7,-99.7,-99.7,-99.7,-99.7,-99.7,-99.7,-99.7,993.0,1003.2
202508102157,243,24.2,87.9,22.1,23.1,24.3,-99.7,-99.7,-99.7,-99.7,-99.7,-99.7,-99.7,-99.7,-99.7,1002.6,1004.0
202508102157,244,24.0,88.5,22.0,23.0,25.0,-99.7,-99.7,-99.7,-99.7,-99.7,-99.7,-99.7,-99.7,-99.7,976.0,1003.8
202508102157,245,23.7,84.9,21.0,22.2,24.6,-99.7,-99.7,-99.7,-99.7,-99.7,-99.7,-99.7,-99.7,-99.7,996.2,1004.0
202508102157,247,25.6,88.0,23.5,25.1,25.8,-99.7,-99.7,-99.7,-99.7,-99.7,-99.7,-99.7,-99.7,-99.7,989.2,1004.2
202508102157,248,21.9,99.9,21.9,21.5,24.1,-99.7,-99.7,-99.7,-99.7,-99.7,-99.7,-99.7,-99.7,-99.7,958.8,1004.4
202508102157,251,23.1,86.9,20.8,23.1,24.7,26.6,27.8,27.8,27.2,-99.7,-99.7,-99.7,-99.7,-99.7,996.6,1003.3
202508102157,252,23.5,86.6,21.1,21.2,24.0,27.2,27.8,28.7,28.2,-99.7,-99.7,-99.7,-99.7,-99.7,999.5,1003.7
202508102157,253,23.8,96.4,23.2,22.5,25.0,27.0,27.3,27.2,27.2,-99.7,-99.7,-99.7,-99.7,-99.7,998.9,1005.1
202508102157,254,24.5,87.5,22.3,24.2,25.5,27.4,28.3,27.9,27.1,-99.7,-99.7,-99.7,-99.7,-99.7,989.4,1004.0
202508102157,255,24.3,92.2,23.0,23.0,22.7,25.8,28.1,28.2,28.1,-99.7,-99.7,-99.7,-99.7,-99.7,999.1,1004.9
202508102157,257,23.2,96.6,22.6,21.8,23.9,25.5,25.4,25.7,26.1,-99.7,-99.7,-99.7,-99.7,-99.7,1003.1,1003.8
202508102157,258,25.2,99.4,25.1,25.0,25.7,25.2,25.5,25.2,25.5,25.7,24.4,-99.7,-99.7,-99.7,1004.7,1004.9
202508102157,259,24.4,97.7,24.0,24.0,25.2,26.9,27.0,26.5,27.1,-99.7,-99.7,-99.7,-99.7,-99.7,1002.6,1004.4
202508102157,260,25.0,97.4,24.6,24.6,24.6,-99.7,-99.7,-99.7,-99.7,-99.7,-99.7,-99.7,-99.7,-99.7,999.1,1004.1
202508102157,261,24.0,98.7,23.8,23.7,25.1,-99.7,-99.7,-99.7,-99.7,-99.7,-99.7,-99.7,-99.7,-99.7,1002.7,1004.6
202508102157,262,24.5,94.5,23.6,24.9,25.6,-99.7,-99.7,-99.7,-99.7,-99.7,-99.7,-99.7,-99.7,-99.7,998.6,1004.5
202508102157,263,23.7,95.6,23.0,23.2,25.0,26.3,27.0,26.8,27.2,-99.7,-99.7,-99.7,-99.7,-99.7,1002.4,1004.0
202508102157,264,24.5,88.8,22.5,23.6,25.7,27.2,27.6,28.7,28.7,-99.7,-99.7,-99.7,-99.7,-99.7,986.8,1004.0
202508102157,266,24.8,92.8,23.6,26.0,25.9,26.7,27.0,27.4,26.8,-99.7,-99.7,-99.7,-99.7,-99.7,994.8,1004.8
202508102157,268,23.4,99.9,23.4,24.7,24.6,-99.7,-99.7,-99.7,-99.7,-99.7,-99.7,-99.7,-99.7,-99.7,1002.4,1003.5
202508102157,269,25.1,82.9,22.0,-99.7,-99.7,-99.7,-99.7,-99.7,-99.7,-99.7,-99.7,-99.7,-99.7,-99.7,1001.1,1004.3
202508102157,271,20.9,90.7,19.3,18.6,22.3,-99.7,-99.7,-99.7,-99.7,-99.7,-99.7,-99.7,-99.7,-99.7,968.4,1005.2
202508102157,272,22.7,88.8,20.8,21.6,26.0,-99.7,-99.7,-99.7,-99.7,-99.7,-99.7,-99.7,-99.7,-99.7,980.6,1004.6
202508102157,273,22.4,89.0,20.5,20.1,24.1,-99.7,-99.7,-99.7,-99.7,-99.7,-99.7,-99.7,-99.7,-99.7,984.1,1003.8
202508102157,276,21.1,99.9,21.1,19.3,22.8,25.7,27.6,28.7,27.1,-99.7,-99.7,-99.7,-99.7,-99.7,980.9,1004.7
202508102157,277,21.2,94.8,20.3,20.7,23.3,-99.7,-99.7,-99.7,-99.7,-99.7,-99.7,-99.7,-99.7,-99.7,1000.1,1004.8
202508102157,278,23.8,86.9,21.5,22.8,25.0,-99.7,-99.7,-99.7,-99.7,-99.7,-99.7,-99.7,-99.7,-99.7,994.2,1003.5
202508102157,279,26.6,58.8,17.9,24.9,24.6,-99.7,-99.7,-99.7,-99.7,-99.7,-99.7,-99.7,-99.7,-99.7,997.5,1003.0
202508102157,281,22.2,91.2,20.7,20.1,23.8,-99.7,-99.7,-99.7,-99.7,-99.7,-99.7,-99.7,-99.7,-99.7,994.1,1005.1
202508102157,283,22.2,90.2,20.5,21.4,23.4,27.6,28.3,28.5,28.4,-99.7,-99.7,-99.7,-99.7,-99.7,1000.6,1005.2
202508102157,284,23.9,88.4,21.9,22.9,24.5,-99.7,-99.7,-99.7,-99.7,-99.7,-99.7,-99.7,-99.7,-99.7,977.6,1003.3
202508102157,285,25.4,93.3,24.2,25.4,26.3,-99.7,-99.7,-99.7,-99.7,-99.7,-99.7,-99.7,-99.7,-99.7,1001.0,1004.0
202508102157,288,24.6,88.9,22.6,24.9,23.2,-99.7,-99.7,-99.7,-99.7,-99.7,-99.7,-99.7,-99.7,-99.7,1002.5,1003.4
202508102157,289,25.3,91.2,23.8,24.7,26.0,-99.7,-99.7,-99.7,-99.7,-99.7,-99.7,-99.7,-99.7,-99.7,989.0,1004.6
202508102157,294,22.3,95.2,21.5,21.3,22.9,-99.7,-99.7,-99.7,-99.7,-99.7,-99.7,-99.7,-99.7,-99.7,1000.1,1005.2
202508102157,295,23.4,95.3,22.6,22.5,24.8,-99.7,-99.7,-99.7,-99.7,-99.7,-99.7,-99.7,-99.7,-99.7,999.5,1004.7
202508102157,296,23.4,91.5,21.9,21.3,24.0,-99.7,-99.7,-99.7,-99.7,-99.7,-99.7,-99.7,-99.7,-99.7,1003.7,1004.0
202508102157,300,24.6,86.2,22.1,-99.7,-99.7,-99.7,-99.7,-99.7,-99.7,-99.7,-99.7,-99.7,-99.7,-99.7,998.6,1003.6
202508102157,301,25.2,79.9,21.5,-99.7,-99.7,-99.7,-99.7,-99.7,-99.7,-99.7,-99.7,-99.7,-99.7,-99.7,1002.3,1003.3
202508102157,302,24.0,92.1,22.6,-99.7,-99.7,-99.7,-99.7,-99.7,-99.7,-99.7,-99.7,-99.7,-99.7,-99.7,1003.7,1004.4
202508102157,303,25.1,83.0,22.0,-99.7,-99.7,-99.7,-99.7,-99.7,-99.7,-99.7,-99.7,-99.7,-99.7,-99.7,992.3,1004.3
202508102157,304,23.9,96.2,23.3,-99.7,-99.7,-99.7,-99.7,-99.7,-99.7,-99.7,-99.7,-99.7,-99.7,-99.7,1001.8,1004.7
202508102157,305,23.6,95.1,22.8,-99.7,-99.7,-99.7,-99.7,-99.7,-99.7,-99.7,-99.7,-99.7,-99.7,-99.7,1001.3,1005.3
202508102157,306,23.7,96.5,23.1,-99.7,-99.7,-99.7,-99.7,-99.7,-99.7,-99.7,-99.7,-99.7,-99.7,-99.7,1003.7,1004.0
202508102157,308,22.9,95.5,22.1,-99.7,-99.7,-99.7,-99.7,-99.7,-99.7,-99.7,-99.7,-99.7,-99.7,-99.7,1002.4,1003.3
202508102157,309,23.2,96.8,22.7,-99.7,-99.7,-99.7,-99.7,-99.7,-99.7,-99.7,-99.7,-99.7,-99.7,-99.7,1000.9,1003.8
202508102157,310,21.1,89.0,19.2,-99.7,-99.7,-99.7,-99.7,-99.7,-99.7,-99.7,-99.7,-99.7,-99.7,-99.7,1001.8,1003.4
202508102157,311,20.5,98.3,20.2,-99.7,-99.7,-99.7,-99.7,-99.7,-99.7,-99.7,-99.7,-99.7,-99.7,-99.7,938.5,1006.0
202508102157,312,19.4,95.3,18.6,-99.7,-99.7,-99.7,-99.7,-99.7,-99.7,-99.7,-99.7,-99.7,-99.7,-99.7,975.4,1005.4
202508102157,313,23.7,92.2,22.4,-99.7,-99.7,-99.7,-99.7,-99.7,-99.7,-99.7,-99.7,-99.7,-99.7,-99.7,996.6,1004.6
202508102157,314,15.8,99.2,15.7,-99.7,-99.7,-99.7,-99.7,-99.7,-99.7,-99.7,-99.7,-99.7,-99.7,-99.7,843.4,1005.1
202508102157,315,19.6,96.2,19.0,-99.7,-99.7,-99.7,-99.7,-99.7,-99.7,-99.7,-99.7,-99.7,-99.7,-99.7,886.9,1004.6
202508102157,316,21.2,93.9,20.2,-99.7,-99.7,-99.7,-99.7,-99.7,-99.7,-99.7,-99.7,-99.7,-99.7,-99.7,905.4,1004.6
202508102157,317,23.0,86.0,20.5,-99.7,-99.7,-99.7,-99.7,-99.7,-99.7,-99.7,-99.7,-99.7,-99.7,-99.7,991.4,1003.5
202508102157,318,18.1,87.9,16.1,-99.7,-99.7,-99.7,-99.7,-99.7,-99.7,-99.7,-99.7,-99.7,-99.7,-99.7,911.4,1005.6
202508102157,319,23.4,70.3,17.7,-99.7,-99.7,-99.7,-99.7,-99.7,-99.7,-99.7,-99.7,-99.7,-99.7,-99.7,998.2,1004.8
202508102157,320,18.4,58.8,10.2,-99.7,-99.7,-99.7,-99.7,-99.7,-99.7,-99.7,-99.7,-99.7,-99.7,-99.7,869.1,1004.9
202508102157,321,21.4,95.8,20.7,-99.7,-99.7,-99.7,-99.7,-99.7,-99.7,-99.7,-99.7,-99.7,-99.7,-99.7,976.0,1004.8
202508102157,322,19.3,100.0,19.3,-99.7,-99.7,-99.7,-99.7,-99.7,-99.7,-99.7,-99.7,-99.7,-99.7,-99.7,956.0,1005.5
202508102157,323,21.9,94.4,21.0,-99.7,-99.7,-99.7,-99.7,-99.7,-99.7,-99.7,-99.7,-99.7,-99.7,-99.7,973.7,1005.0
202508102157,324,22.6,89.7,20.8,-99.7,-99.7,-99.7,-99.7,-99.7,-99.7,-99.7,-99.7,-99.7,-99.7,-99.7,985.6,1003.3
202508102157,325,21.2,97.5,20.8,-99.7,-99.7,-99.7,-99.7,-99.7,-99.7,-99.7,-99.7,-99.7,-99.7,-99.7,978.1,1004.4
202508102157,326,20.8,95.8,20.1,-99.7,-99.7,-99.7,-99.7,-99.7,-99.7,-99.7,-99.7,-99.7,-99.7,-99.7,981.6,1003.4
202508102157,327,24.7,78.0,20.6,-99.7,-99.7,-99.7,-99.7,-99.7,-99.7,-99.7,-99.7,-99.7,-99.7,-99.7,991.9,1002.9
202508102157,328,26.7,65.3,19.7,-99.7,-99.7,-99.7,-99.7,-99.7,-99.7,-99.7,-99.7,-99.7,-99.7,-99.7,996.8,1003.7
202508102157,329,23.0,79.4,19.2,-99.7,-99.7,-99.7,-99.7,-99.7,-99.7,-99.7,-99.7,-99.7,-99.7,-99.7,962.8,1005.0
202508102157,330,24.6,81.8,21.3,-99.7,-99.7,-99.7,-99.7,-99.7,-99.7,-99.7,-99.7,-99.7,-99.7,-99.7,988.3,1004.6
202508102157,331,23.8,89.0,21.9,-99.7,-99.7,-99.7,-99.7,-99.7,-99.7,-99.7,-99.7,-99.7,-99.7,-99.7,954.8,1002.6
202508102157,332,21.1,99.2,21.0,-99.7,-99.7,-99.7,-99.7,-99.7,-99.7,-99.7,-99.7,-99.7,-99.7,-99.7,-99.7,-99.9
202508102157,333,22.2,86.2,19.8,-99.7,-99.7,-99.7,-99.7,-99.7,-99.7,-99.7,-99.7,-99.7,-99.7,-99.7,995.6,1004.1
202508102157,334,25.0,89.4,23.1,-99.7,-99.7,-99.7,-99.7,-99.7,-99.7,-99.7,-99.7,-99.7,-99.7,-99.7,1001.6,1004.4
202508102157,335,21.6,93.2,20.5,-99.7,-99.7,-99.7,-99.7,-99.7,-99.7,-99.7,-99.7,-99.7,-99.7,-99.7,960.1,1005.8
202508102157,336,24.2,88.4,22.2,-99.7,-99.7,-99.7,-99.7,-99.7,-99.7,-99.7,-99.7,-99.7,-99.7,-99.7,981.2,1005.0
202508102157,337,24.7,84.1,21.8,-99.7,-99.7,-99.7,-99.7,-99.7,-99.7,-99.7,-99.7,-99.7,-99.7,-99.7,981.9,1004.7
202508102157,338,22.7,92.1,21.4,-99.7,-99.7,-99.7,-99.7,-99.7,-99.7,-99.7,-99.7,-99.7,-99.7,-99.7,951.4,1005.6
202508102157,339,23.1,98.5,22.9,-99.7,-99.7,-99.7,-99.7,-99.7,-99.7,-99.7,-99.7,-99.7,-99.7,-99.7,976.1,1004.5
202508102157,340,23.5,97.1,23.0,-99.7,-99.7,-99.7,-99.7,-99.7,-99.7,-99.7,-99.7,-99.7,-99.7,-99.7,989.2,1004.8
202508102157,344,23.5,88.4,21.5,-99.7,-99.7,-99.7,-99.7,-99.7,-99.7,-99.7,-99.7,-99.7,-99.7,-99.7,990.8,1004.0
202508102157,345,25.5,80.5,21.9,-99.7,-99.7,-99.7,-99.7,-99.7,-99.7,-99.7,-99.7,-99.7,-99.7,-99.7,990.3,1002.6
202508102157,346,22.4,87.3,20.2,-99.7,-99.7,-99.7,-99.7,-99.7,-99.7,-99.7,-99.7,-99.7,-99.7,-99.7,997.5,1003.6
202508102157,347,22.6,87.9,20.5,-99.7,-99.7,-99.7,-99.7,-99.7,-99.7,-99.7,-99.7,-99.7,-99.7,-99.7,986.7,1004.0
202508102157,348,23.3,95.1,22.5,-99.7,-99.7,-99.7,-99.7,-99.7,-99.7,-99.7,-99.7,-99.7,-99.7,-99.7,-99.7,-99.9
202508102157,349,22.8,80.8,19.3,-99.7,-99.7,-99.7,-99.7,-99.7,-99.7,-99.7,-99.7,-99.7,-99.7,-99.7,971.7,1002.7
202508102157,350,18.0,89.4,16.2,-99.7,-99.7,-99.7,-99.7,-99.7,-99.7,-99.7,-99.7,-99.7,-99.7,-99.7,937.7,1006.0
202508102157,351,24.6,-99.7,-99.9,-99.7,-99.7,-99.7,-99.7,-99.7,-99.7,-99.7,-99.7,-99.7,-99.7,-99.7,-99.7,-99.9
202508102157,352,23.5,-99.2,-99.9,-99.7,-99.7,-99.7,-99.7,-99.7,-99.7,-99.7,-99.7,-99.7,-99.7,-99.7,-99.7,-99.9
202508102157,355,25.1,90.0,23.3,-99.7,-99.7,-99.7,-99.7,-99.7,-99.7,-99.7,-99.7,-99.7,-99.7,-99.7,500.0,-99.9
202508102157,356,25.2,83.3,22.2,-99.7,-99.7,-99.7,-99.7,-99.7,-99.7,-99.7,-99.7,-99.7,-99.7,-99.7,500.3,-99.9
202508102157,358,24.9,82.2,21.7,-99.7,-99.7,-99.7,-99.7,-99.7,-99.7,-99.7,-99.7,-99.7,-99.7,-99.7,500.1,-99.9
202508102157,359,23.5,83.9,20.6,-99.7,-99.7,-99.7,-99.7,-99.7,-99.7,-99.7,-99.7,-99.7,-99.7,-99.7,500.0,-99.9
202508102157,360,23.4,89.7,21.6,-99.7,-99.7,-99.7,-99.7,-99.7,-99.7,-99.7,-99.7,-99.7,-99.7,-99.7,500.0,-99.9
202508102157,361,-99.9,-99.9,-99.9,-99.9,-99.9,-99.9,-99.9,-99.9,-99.9,-99.9,-99.9,-99.9,-99.9,-99.9,-99.9,-99.9
202508102157,364,27.1,73.0,21.8,-99.7,-99.7,-99.7,-99.7,-99.7,-99.7,-99.7,-99.7,-99.7,-99.7,-99.7,500.0,-99.9
202508102157,365,25.9,-99.2,-99.9,-99.7,-99.7,-99.7,-99.7,-99.7,-99.7,-99.7,-99.7,-99.7,-99.7,-99.7,-99.7,-99.9
202508102157,366,23.7,96.3,23.1,-99.7,-99.7,-99.7,-99.7,-99.7,-99.7,-99.7,-99.7,-99.7,-99.7,-99.7,500.0,-99.9
202508102157,367,24.5,90.7,22.9,-99.7,-99.7,-99.7,-99.7,-99.7,-99.7,-99.7,-99.7,-99.7,-99.7,-99.7,500.0,-99.9
202508102157,368,27.6,64.2,20.2,-99.7,-99.7,-99.7,-99.7,-99.7,-99.7,-99.7,-99.7,-99.7,-99.7,-99.7,-99.7,-99.9
202508102157,369,25.6,81.4,22.2,-99.7,-99.7,-99.7,-99.7,-99.7,-99.7,-99.7,-99.7,-99.7,-99.7,-99.7,500.0,-99.9
202508102157,370,-99.9,-99.9,-99.9,-99.9,-99.9,-99.9,-99.9,-99.9,-99.9,-99.9,-99.9,-99.9,-99.9,-99.9,-99.9,-99.9
202508102157,371,26.4,79.3,22.5,-99.7,-99.7,-99.7,-99.7,-99.7,-99.7,-99.7,-99.7,-99.7,-99.7,-99.7,500.0,-99.9
202508102157,372,26.4,88.8,24.4,-99.7,-99.7,-99.7,-99.7,-99.7,-99.7,-99.7,-99.7,-99.7,-99.7,-99.7,-99.7,-99.9
202508102157,373,24.8,87.2,22.5,-99.7,-99.7,-99.7,-99.7,-99.7,-99.7,-99.7,-99.7,-99.7,-99.7,-99.7,-99.7,-99.9
202508102157,374,24.4,89.5,22.6,-99.7,-99.7,-99.7,-99.7,-99.7,-99.7,-99.7,-99.7,-99.7,-99.7,-99.7,500.0,-99.9
202508102157,375,26.3,82.1,23.0,-99.7,-99.7,-99.7,-99.7,-99.7,-99.7,-99.7,-99.7,-99.7,-99.7,-99.7,-99.7,-99.9
202508102157,376,24.4,91.2,22.9,-99.7,-99.7,-99.7,-99.7,-99.7,-99.7,-99.7,-99.7,-99.7,-99.7,-99.7,995.8,1003.6
202508102157,377,23.0,93.0,21.8,-99.7,-99.7,-99.7,-99.7,-99.7,-99.7,-99.7,-99.7,-99.7,-99.7,-99.7,1000.2,1003.4
202508102157,378,24.6,80.7,21.1,-99.7,-99.7,-99.7,-99.7,-99.7,-99.7,-99.7,-99.7,-99.7,-99.7,-99.7,995.4,1003.5
202508102157,379,23.7,97.2,23.2,-99.7,-99.7,-99.7,-99.7,-99.7,-99.7,-99.7,-99.7,-99.7,-99.7,-99.7,970.9,1003.7
202508102157,400,27.6,73.9,22.5,-99.7,-99.7,-99.7,-99.7,-99.7,-99.7,-99.7,-99.7,-99.7,-99.7,-99.7,-99.7,-99.9
202508102157,401,26.7,76.5,22.2,-99.7,-99.7,-99.7,-99.7,-99.7,-99.7,-99.7,-99.7,-99.7,-99.7,-99.7,998.7,1002.4
202508102157,402,28.0,69.4,21.9,-99.7,-99.7,-99.7,-99.7,-99.7,-99.7,-99.7,-99.7,-99.7,-99.7,-99.7,996.4,1002.6
202508102157,403,27.5,74.7,22.6,-99.7,-99.7,-99.7,-99.7,-99.7,-99.7,-99.7,-99.7,-99.7,-99.7,-99.7,997.3,1003.4
202508102157,404,27.4,76.3,22.9,-99.7,-99.7,-99.7,-99.7,-99.7,-99.7,-99.7,-99.7,-99.7,-99.7,-99.7,1002.6,1003.6
202508102157,405,27.1,76.3,22.6,-99.7,-99.7,-99.7,-99.7,-99.7,-99.7,-99.7,-99.7,-99.7,-99.7,-99.7,1000.6,1003.2
202508102157,406,25.9,73.0,20.7,-99.7,-99.7,-99.7,-99.7,-99.7,-99.7,-99.7,-99.7,-99.7,-99.7,-99.7,997.1,1003.5
202508102157,407,24.2,85.8,21.7,-99.7,-99.7,-99.7,-99.7,-99.7,-99.7,-99.7,-99.7,-99.7,-99.7,-99.7,1000.8,1003.7
202508102157,408,28.3,70.5,22.4,-99.7,-99.7,-99.7,-99.7,-99.7,-99.7,-99.7,-99.7,-99.7,-99.7,-99.7,997.7,1003.8
202508102157,409,28.7,65.1,21.5,-99.7,-99.7,-99.7,-99.7,-99.7,-99.7,-99.7,-99.7,-99.7,-99.7,-99.7,998.1,1002.5
202508102157,410,26.6,72.6,21.3,-99.7,-99.7,-99.7,-99.7,-99.7,-99.7,-99.7,-99.7,-99.7,-99.7,-99.7,998.4,1003.1
202508102157,411,26.9,75.7,22.3,-99.7,-99.7,-99.7,-99.7,-99.7,-99.7,-99.7,-99.7,-99.7,-99.7,-99.7,991.6,1002.9
202508102157,412,25.2,91.0,23.6,-99.7,-99.7,-99.7,-99.7,-99.7,-99.7,-99.7,-99.7,-99.7,-99.7,-99.7,992.2,1003.9
202508102157,413,28.0,72.8,22.7,-99.7,-99.7,-99.7,-99.7,-99.7,-99.7,-99.7,-99.7,-99.7,-99.7,-99.7,1000.0,1003.4
202508102157,414,27.2,66.4,20.4,-99.7,-99.7,-99.7,-99.7,-99.7,-99.7,-99.7,-99.7,-99.7,-99.7,-99.7,988.7,1003.1
202508102157,415,28.6,70.7,22.8,-99.7,-99.7,-99.7,-99.7,-99.7,-99.7,-99.7,-99.7,-99.7,-99.7,-99.7,999.7,1003.3
202508102157,416,22.9,84.3,20.1,-99.7,-99.7,-99.7,-99.7,-99.7,-99.7,-99.7,-99.7,-99.7,-99.7,-99.7,996.6,1002.9
202508102157,417,26.6,77.9,22.4,-99.7,-99.7,-99.7,-99.7,-99.7,-99.7,-99.7,-99.7,-99.7,-99.7,-99.7,998.4,1003.5
202508102157,418,28.2,73.3,23.0,-99.7,-99.7,-99.7,-99.7,-99.7,-99.7,-99.7,-99.7,-99.7,-99.7,-99.7,-99.7,-99.9
202508102157,419,26.1,81.6,22.7,-99.7,-99.7,-99.7,-99.7,-99.7,-99.7,-99.7,-99.7,-99.7,-99.7,-99.7,973.7,1003.5
202508102157,421,27.1,76.5,22.6,-99.7,-99.7,-99.7,-99.7,-99.7,-99.7,-99.7,-99.7,-99.7,-99.7,-99.7,999.1,1003.0
202508102157,423,26.1,83.2,23.0,-99.7,-99.7,-99.7,-99.7,-99.7,-99.7,-99.7,-99.7,-99.7,-99.7,-99.7,997.5,1003.8
202508102157,424,25.2,74.4,20.3,-99.7,-99.7,-99.7,-99.7,-99.7,-99.7,-99.7,-99.7,-99.7,-99.7,-99.7,995.3,1003.2
202508102157,425,23.7,88.4,21.7,-99.7,-99.7,-99.7,-99.7,-99.7,-99.7,-99.7,-99.7,-99.7,-99.7,-99.7,990.7,1003.5
202508102157,426,23.0,93.7,21.9,-99.7,-99.7,-99.7,-99.7,-99.7,-99.7,-99.7,-99.7,-99.7,-99.7,-99.7,987.3,1004.0
202508102157,427,26.8,80.9,23.2,-99.7,-99.7,-99.7,-99.7,-99.7,-99.7,-99.7,-99.7,-99.7,-99.7,-99.7,1002.1,1003.1
202508102157,428,24.8,86.6,22.4,-99.7,-99.7,-99.7,-99.7,-99.7,-99.7,-99.7,-99.7,-99.7,-99.7,-99.7,-99.7,-99.9
202508102157,430,-99.9,-99.9,-99.9,-99.9,-99.9,-99.9,-99.9,-99.9,-99.9,-99.9,-99.9,-99.9,-99.9,-99.9,-99.9,-99.9
202508102157,431,24.4,80.9,20.9,-99.7,-99.7,-99.7,-99.7,-99.7,-99.7,-99.7,-99.7,-99.7,-99.7,-99.7,-99.7,-99.9
202508102157,432,25.8,-99.2,-99.9,-99.7,-99.7,-99.7,-99.7,-99.7,-99.7,-99.7,-99.7,-99.7,-99.7,-99.7,-99.7,-99.9
202508102157,433,27.4,72.2,22.0,-99.7,-99.7,-99.7,-99.7,-99.7,-99.7,-99.7,-99.7,-99.7,-99.7,-99.7,-99.7,-99.9
202508102157,434,26.8,-99.2,-99.9,-99.7,-99.7,-99.7,-99.7,-99.7,-99.7,-99.7,-99.7,-99.7,-99.7,-99.7,-99.7,-99.9
202508102157,435,25.2,80.3,21.6,-99.7,-99.7,-99.7,-99.7,-99.7,-99.7,-99.7,-99.7,-99.7,-99.7,-99.7,-99.7,-99.9
202508102157,436,26.3,76.9,21.9,-99.7,-99.7,-99.7,-99.7,-99.7,-99.7,-99.7,-99.7,-99.7,-99.7,-99.7,-99.7,-99.9
202508102157,437,26.6,79.0,22.7,-99.7,-99.7,-99.7,-99.7,-99.7,-99.7,-99.7,-99.7,-99.7,-99.7,-99.7,-99.7,-99.9
202508102157,438,26.1,73.7,21.0,-99.7,-99.7,-99.7,-99.7,-99.7,-99.7,-99.7,-99.7,-99.7,-99.7,-99.7,-99.7,-99.9
202508102157,439,27.2,74.7,22.3,-99.7,-99.7,-99.7,-99.7,-99.7,-99.7,-99.7,-99.7,-99.7,-99.7,-99.7,-99.7,-99.9
202508102157,440,27.0,-99.2,-99.9,-99.7,-99.7,-99.7,-99.7,-99.7,-99.7,-99.7,-99.7,-99.7,-99.7,-99.7,500.0,-99.9
202508102157,441,25.6,89.0,23.7,-99.7,-99.7,-99.7,-99.7,-99.7,-99.7,-99.7,-99.7,-99.7,-99.7,-99.7,500.0,-99.9
202508102157,442,-99.9,-99.9,-99.9,-99.9,-99.9,-99.9,-99.9,-99.9,-99.9,-99.9,-99.9,-99.9,-99.9,-99.9,-99.9,-99.9
202508102157,443,21.8,89.1,19.9,-99.7,-99.7,-99.7,-99.7,-99.7,-99.7,-99.7,-99.7,-99.7,-99.7,-99.7,-99.7,-99.9
202508102157,444,24.9,83.7,22.0,-99.7,-99.7,-99.7,-99.7,-99.7,-99.7,-99.7,-99.7,-99.7,-99.7,-99.7,500.0,-99.9
202508102157,445,23.2,94.9,22.3,-99.7,-99.7,-99.7,-99.7,-99.7,-99.7,-99.7,-99.7,-99.7,-99.7,-99.7,500.0,-99.9
202508102157,446,25.4,88.6,23.4,-99.7,-99.7,-99.7,-99.7,-99.7,-99.7,-99.7,-99.7,-99.7,-99.7,-99.7,500.0,-99.9
202508102157,447,24.3,84.4,21.5,-99.7,-99.7,-99.7,-99.7,-99.7,-99.7,-99.7,-99.7,-99.7,-99.7,-99.7,500.0,-99.9
202508102157,448,24.4,88.4,22.4,-99.7,-99.7,-99.7,-99.7,-99.7,-99.7,-99.7,-99.7,-99.7,-99.7,-99.7,500.0,-99.9
202508102157,449,24.2,79.1,20.4,-99.7,-99.7,-99.7,-99.7,-99.7,-99.7,-99.7,-99.7,-99.7,-99.7,-99.7,-99.7,-99.9
202508102157,450,26.5,71.9,21.0,-99.7,-99.7,-99.7,-99.7,-99.7,-99.7,-99.7,-99.7,-99.7,-99.7,-99.7,-99.7,-99.9
202508102157,451,24.9,77.7,20.7,-99.7,-99.7,-99.7,-99.7,-99.7,-99.7,-99.7,-99.7,-99.7,-99.7,-99.7,-99.7,-99.9
202508102157,452,25.0,81.1,21.5,-99.7,-99.7,-99.7,-99.7,-99.7,-99.7,-99.7,-99.7,-99.7,-99.7,-99.7,-99.7,-99.9
202508102157,453,26.0,-99.2,-99.9,-99.7,-99.7,-99.7,-99.7,-99.7,-99.7,-99.7,-99.7,-99.7,-99.7,-99.7,-99.7,-99.9
202508102157,454,24.8,-99.2,-99.9,-99.7,-99.7,-99.7,-99.7,-99.7,-99.7,-99.7,-99.7,-99.7,-99.7,-99.7,-99.7,-99.9
202508102157,455,24.0,87.8,21.9,-99.7,-99.7,-99.7,-99.7,-99.7,-99.7,-99.7,-99.7,-99.7,-99.7,-99.7,-99.7,-99.9
202508102157,456,25.5,83.0,22.4,-99.7,-99.7,-99.7,-99.7,-99.7,-99.7,-99.7,-99.7,-99.7,-99.7,-99.7,-99.7,-99.9
202508102157,457,25.9,84.2,23.0,-99.7,-99.7,-99.7,-99.7,-99.7,-99.7,-99.7,-99.7,-99.7,-99.7,-99.7,-99.7,-99.9
202508102157,458,25.1,75.3,20.4,-99.7,-99.7,-99.7,-99.7,-99.7,-99.7,-99.7,-99.7,-99.7,-99.7,-99.7,-99.7,-99.9
202508102157,459,25.9,87.9,23.7,-99.7,-99.7,-99.7,-99.7,-99.7,-99.7,-99.7,-99.7,-99.7,-99.7,-99.7,-99.7,-99.9
202508102157,460,23.4,83.9,20.5,-99.7,-99.7,-99.7,-99.7,-99.7,-99.7,-99.7,-99.7,-99.7,-99.7,-99.7,501.0,-99.9
202508102157,461,-99.2,78.4,-99.9,-99.7,-99.7,-99.7,-99.7,-99.7,-99.7,-99.7,-99.7,-99.7,-99.7,-99.7,-99.7,-99.9
202508102157,462,26.3,79.1,22.4,-99.7,-99.7,-99.7,-99.7,-99.7,-99.7,-99.7,-99.7,-99.7,-99.7,-99.7,-99.7,-99.9
202508102157,463,24.4,92.4,23.1,-99.7,-99.7,-99.7,-99.7,-99.7,-99.7,-99.7,-99.7,-99.7,-99.7,-99.7,500.0,-99.9
202508102157,464,24.1,88.4,22.1,-99.7,-99.7,-99.7,-99.7,-99.7,-99.7,-99.7,-99.7,-99.7,-99.7,-99.7,500.0,-99.9
202508102157,465,25.4,88.5,23.4,-99.7,-99.7,-99.7,-99.7,-99.7,-99.7,-99.7,-99.7,-99.7,-99.7,-99.7,500.0,-99.9
202508102157,466,25.2,90.6,23.6,-99.7,-99.7,-99.7,-99.7,-99.7,-99.7,-99.7,-99.7,-99.7,-99.7,-99.7,500.0,-99.9
202508102157,467,23.6,-99.2,-99.9,-99.7,-99.7,-99.7,-99.7,-99.7,-99.7,-99.7,-99.7,-99.7,-99.7,-99.7,-99.7,-99.9
202508102157,468,23.6,94.2,22.6,-99.7,-99.7,-99.7,-99.7,-99.7,-99.7,-99.7,-99.7,-99.7,-99.7,-99.7,-99.7,-99.9
202508102157,469,22.7,96.1,22.0,-99.7,-99.7,-99.7,-99.7,-99.7,-99.7,-99.7,-99.7,-99.7,-99.7,-99.7,-99.7,-99.9
202508102157,470,-99.9,-99.9,-99.9,-99.9,-99.9,-99.9,-99.9,-99.9,-99.9,-99.9,-99.9,-99.9,-99.9,-99.9,-99.9,-99.9
202508102157,471,25.5,88.2,23.4,-99.7,-99.7,-99.7,-99.7,-99.7,-99.7,-99.7,-99.7,-99.7,-99.7,-99.7,-99.7,-99.9
202508102157,472,25.7,87.2,23.4,-99.7,-99.7,-99.7,-99.7,-99.7,-99.7,-99.7,-99.7,-99.7,-99.7,-99.7,-99.7,-99.9
202508102157,473,25.7,77.3,21.4,-99.7,-99.7,-99.7,-99.7,-99.7,-99.7,-99.7,-99.7,-99.7,-99.7,-99.7,-99.7,-99.9
202508102157,474,24.8,96.2,24.2,-99.7,-99.7,-99.7,-99.7,-99.7,-99.7,-99.7,-99.7,-99.7,-99.7,-99.7,-99.7,-99.9
202508102157,475,25.0,80.1,21.3,-99.7,-99.7,-99.7,-99.7,-99.7,-99.7,-99.7,-99.7,-99.7,-99.7,-99.7,500.0,-99.9
202508102157,476,23.1,89.1,21.2,-99.7,-99.7,-99.7,-99.7,-99.7,-99.7,-99.7,-99.7,-99.7,-99.7,-99.7,-99.7,-99.9
202508102157,477,-99.2,-99.2,-99.9,-99.7,-99.7,-99.7,-99.7,-99.7,-99.7,-99.7,-99.7,-99.7,-99.7,-99.7,-99.7,-99.9
202508102157,478,25.0,99.0,24.8,-99.7,-99.7,-99.7,-99.7,-99.7,-99.7,-99.7,-99.7,-99.7,-99.7,-99.7,-99.7,-99.9
202508102157,479,24.8,95.9,24.1,-99.7,-99.7,-99.7,-99.7,-99.7,-99.7,-99.7,-99.7,-99.7,-99.7,-99.7,-99.7,-99.9
202508102157,480,24.9,91.3,23.4,-99.7,-99.7,-99.7,-99.7,-99.7,-99.7,-99.7,-99.7,-99.7,-99.7,-99.7,-99.7,-99.9
202508102157,481,26.2,96.2,25.5,-99.7,-99.7,-99.7,-99.7,-99.7,-99.7,-99.7,-99.7,-99.7,-99.7,-99.7,-99.7,-99.9
202508102157,482,24.0,86.3,21.6,-99.7,-99.7,-99.7,-99.7,-99.7,-99.7,-99.7,-99.7,-99.7,-99.7,-99.7,-99.7,-99.9
202508102157,483,-99.9,-99.9,-99.9,-99.9,-99.9,-99.9,-99.9,-99.9,-99.9,-99.9,-99.9,-99.9,-99.9,-99.9,-99.9,-99.9
202508102157,484,23.7,86.6,21.3,-99.7,-99.7,-99.7,-99.7,-99.7,-99.7,-99.7,-99.7,-99.7,-99.7,-99.7,-99.7,-99.9
202508102157,485,23.6,84.6,20.9,-99.7,-99.7,-99.7,-99.7,-99.7,-99.7,-99.7,-99.7,-99.7,-99.7,-99.7,-99.7,-99.9
202508102157,486,24.6,96.3,24.0,-99.7,-99.7,-99.7,-99.7,-99.7,-99.7,-99.7,-99.7,-99.7,-99.7,-99.7,-99.7,-99.9
202508102157,487,24.9,96.8,24.4,-99.7,-99.7,-99.7,-99.7,-99.7,-99.7,-99.7,-99.7,-99.7,-99.7,-99.7,-99.7,-99.9
202508102157,488,23.8,-99.2,-99.9,-99.7,-99.7,-99.7,-99.7,-99.7,-99.7,-99.7,-99.7,-99.7,-99.7,-99.7,500.0,-99.9
202508102157,489,23.9,89.1,22.0,-99.7,-99.7,-99.7,-99.7,-99.7,-99.7,-99.7,-99.7,-99.7,-99.7,-99.7,-99.7,-99.9
202508102157,491,25.9,87.4,23.6,-99.7,-99.7,-99.7,-99.7,-99.7,-99.7,-99.7,-99.7,-99.7,-99.7,-99.7,500.0,-99.9
202508102157,492,25.3,84.2,22.4,-99.7,-99.7,-99.7,-99.7,-99.7,-99.7,-99.7,-99.7,-99.7,-99.7,-99.7,500.0,-99.9
202508102157,493,24.0,86.6,21.6,-99.7,-99.7,-99.7,-99.7,-99.7,-99.7,-99.7,-99.7,-99.7,-99.7,-99.7,999.5,1003.5
202508102157,494,24.4,87.0,22.1,-99.7,-99.7,-99.7,-99.7,-99.7,-99.7,-99.7,-99.7,-99.7,-99.7,-99.7,991.3,1003.3
202508102157,495,24.7,95.9,24.0,-99.7,-99.7,-99.7,-99.7,-99.7,-99.7,-99.7,-99.7,-99.7,-99.7,-99.7,-99.7,-99.9
202508102157,496,23.0,91.8,21.6,-99.7,-99.7,-99.7,-99.7,-99.7,-99.7,-99.7,-99.7,-99.7,-99.7,-99.7,-99.7,-99.9
202508102157,497,16.3,97.2,15.9,-99.7,-99.7,-99.7,-99.7,-99.7,-99.7,-99.7,-99.7,-99.7,-99.7,-99.7,931.9,1006.4
202508102157,498,17.5,94.6,16.6,-99.7,-99.7,-99.7,-99.7,-99.7,-99.7,-99.7,-99.7,-99.7,-99.7,-99.7,894.7,1006.5
202508102157,499,23.9,91.9,22.5,-99.7,-99.7,-99.7,-99.7,-99.7,-99.7,-99.7,-99.7,-99.7,-99.7,-99.7,997.4,1003.5
202508102157,500,23.2,93.7,22.1,-99.7,-99.7,-99.7,-99.7,-99.7,-99.7,-99.7,-99.7,-99.7,-99.7,-99.7,998.1,1003.6
202508102157,501,25.1,80.8,21.6,-99.7,-99.7,-99.7,-99.7,-99.7,-99.7,-99.7,-99.7,-99.7,-99.7,-99.7,1003.3,1004.2
202508102157,502,24.0,93.8,22.9,-99.7,-99.7,-99.7,-99.7,-99.7,-99.7,-99.7,-99.7,-99.7,-99.7,-99.7,1002.2,1003.8
202508102157,503,23.9,95.8,23.2,-99.7,-99.7,-99.7,-99.7,-99.7,-99.7,-99.7,-99.7,-99.7,-99.7,-99.7,1001.7,1003.8
202508102157,504,24.3,88.1,22.2,-99.7,-99.7,-99.7,-99.7,-99.7,-99.7,-99.7,-99.7,-99.7,-99.7,-99.7,991.6,1003.5
202508102157,505,23.8,93.7,22.7,-99.7,-99.7,-99.7,-99.7,-99.7,-99.7,-99.7,-99.7,-99.7,-99.7,-99.7,985.3,1004.6
202508102157,506,25.2,90.4,23.5,-99.7,-99.7,-99.7,-99.7,-99.7,-99.7,-99.7,-99.7,-99.7,-99.7,-99.7,1002.2,1003.7
202508102157,507,24.5,90.2,22.8,-99.7,-99.7,-99.7,-99.7,-99.7,-99.7,-99.7,-99.7,-99.7,-99.7,-99.7,994.9,1003.5
202508102157,508,24.1,91.2,22.6,-99.7,-99.7,-99.7,-99.7,-99.7,-99.7,-99.7,-99.7,-99.7,-99.7,-99.7,987.4,1003.3
202508102157,509,23.9,86.3,21.5,-99.7,-99.7,-99.7,-99.7,-99.7,-99.7,-99.7,-99.7,-99.7,-99.7,-99.7,986.8,1002.8
202508102157,510,27.9,73.2,22.7,-99.7,-99.7,-99.7,-99.7,-99.7,-99.7,-99.7,-99.7,-99.7,-99.7,-99.7,1000.7,1003.6
202508102157,511,24.8,90.5,23.1,-99.7,-99.7,-99.7,-99.7,-99.7,-99.7,-99.7,-99.7,-99.7,-99.7,-99.7,1002.8,1003.6
202508102157,512,26.3,84.4,23.5,-99.7,-99.7,-99.7,-99.7,-99.7,-99.7,-99.7,-99.7,-99.7,-99.7,-99.7,1002.7,1003.6
202508102157,513,23.1,95.7,22.4,-99.7,-99.7,-99.7,-99.7,-99.7,-99.7,-99.7,-99.7,-99.7,-99.7,-99.7,1000.7,1004.1
202508102157,514,22.8,93.1,21.6,-99.7,-99.7,-99.7,-99.7,-99.7,-99.7,-99.7,-99.7,-99.7,-99.7,-99.7,1002.8,1003.9
202508102157,515,23.4,99.9,23.4,-99.7,-99.7,-99.7,-99.7,-99.7,-99.7,-99.7,-99.7,-99.7,-99.7,-99.7,-99.7,-99.9
202508102157,516,24.6,86.6,22.2,-99.7,-99.7,-99.7,-99.7,-99.7,-99.7,-99.7,-99.7,-99.7,-99.7,-99.7,1000.9,1003.6
202508102157,517,22.7,92.6,21.4,-99.7,-99.7,-99.7,-99.7,-99.7,-99.7,-99.7,-99.7,-99.7,-99.7,-99.7,1003.6,1004.3
202508102157,518,18.9,96.9,18.4,-99.7,-99.7,-99.7,-99.7,-99.7,-99.7,-99.7,-99.7,-99.7,-99.7,-99.7,952.5,1005.5
202508102157,519,20.3,93.0,19.1,-99.7,-99.7,-99.7,-99.7,-99.7,-99.7,-99.7,-99.7,-99.7,-99.7,-99.7,970.6,1004.5
202508102157,520,22.1,96.1,21.4,-99.7,-99.7,-99.7,-99.7,-99.7,-99.7,-99.7,-99.7,-99.7,-99.7,-99.7,989.5,1005.0
202508102157,522,24.6,78.7,20.7,-99.7,-99.7,-99.7,-99.7,-99.7,-99.7,-99.7,-99.7,-99.7,-99.7,-99.7,981.0,1003.3
202508102157,523,21.6,92.1,20.3,-99.7,-99.7,-99.7,-99.7,-99.7,-99.7,-99.7,-99.7,-99.7,-99.7,-99.7,1002.6,1003.6
202508102157,524,23.8,81.9,20.5,-99.7,-99.7,-99.7,-99.7,-99.7,-99.7,-99.7,-99.7,-99.7,-99.7,-99.7,1002.8,1003.3
202508102157,525,21.1,91.3,19.6,-99.7,-99.7,-99.7,-99.7,-99.7,-99.7,-99.7,-99.7,-99.7,-99.7,-99.7,-99.7,-99.9
202508102157,526,22.2,84.7,19.5,-99.7,-99.7,-99.7,-99.7,-99.7,-99.7,-99.7,-99.7,-99.7,-99.7,-99.7,969.4,1003.6
202508102157,527,21.5,82.3,18.4,-99.7,-99.7,-99.7,-99.7,-99.7,-99.7,-99.7,-99.7,-99.7,-99.7,-99.7,959.8,1003.9
202508102157,529,21.4,92.1,20.1,-99.7,-99.7,-99.7,-99.7,-99.7,-99.7,-99.7,-99.7,-99.7,-99.7,-99.7,1000.5,1004.7
202508102157,530,22.0,93.5,20.9,-99.7,-99.7,-99.7,-99.7,-99.7,-99.7,-99.7,-99.7,-99.7,-99.7,-99.7,-99.7,-99.9
202508102157,531,22.5,94.4,21.6,-99.7,-99.7,-99.7,-99.7,-99.7,-99.7,-99.7,-99.7,-99.7,-99.7,-99.7,991.5,1004.0
202508102157,532,24.9,82.0,21.6,-99.7,-99.7,-99.7,-99.7,-99.7,-99.7,-99.7,-99.7,-99.7,-99.7,-99.7,993.7,1003.8
202508102157,533,24.9,87.6,22.7,-99.7,-99.7,-99.7,-99.7,-99.7,-99.7,-99.7,-99.7,-99.7,-99.7,-99.7,-99.7,-99.9
202508102157,534,23.9,87.2,21.6,-99.7,-99.7,-99.7,-99.7,-99.7,-99.7,-99.7,-99.7,-99.7,-99.7,-99.7,993.7,1003.7
202508102157,535,21.5,96.4,20.9,-99.7,-99.7,-99.7,-99.7,-99.7,-99.7,-99.7,-99.7,-99.7,-99.7,-99.7,969.1,1004.6
202508102157,536,24.0,86.5,21.6,-99.7,-99.7,-99.7,-99.7,-99.7,-99.7,-99.7,-99.7,-99.7,-99.7,-99.7,990.6,1003.6
202508102157,537,19.1,93.1,18.0,-99.7,-99.7,-99.7,-99.7,-99.7,-99.7,-99.7,-99.7,-99.7,-99.7,-99.7,950.6,1005.7
202508102157,538,24.0,93.0,22.8,-99.7,-99.7,-99.7,-99.7,-99.7,-99.7,-99.7,-99.7,-99.7,-99.7,-99.7,994.4,1003.9
202508102157,539,25.4,86.7,23.0,-99.7,-99.7,-99.7,-99.7,-99.7,-99.7,-99.7,-99.7,-99.7,-99.7,-99.7,987.4,1002.9
202508102157,540,24.6,90.0,22.9,-99.7,-99.7,-99.7,-99.7,-99.7,-99.7,-99.7,-99.7,-99.7,-99.7,-99.7,997.3,1002.4
202508102157,541,25.6,82.0,22.3,-99.7,-99.7,-99.7,-99.7,-99.7,-99.7,-99.7,-99.7,-99.7,-99.7,-99.7,1000.7,1003.6
202508102157,542,22.5,93.2,21.3,-99.7,-99.7,-99.7,-99.7,-99.7,-99.7,-99.7,-99.7,-99.7,-99.7,-99.7,999.1,1003.9
202508102157,543,24.1,87.0,21.8,-99.7,-99.7,-99.7,-99.7,-99.7,-99.7,-99.7,-99.7,-99.7,-99.7,-99.7,1000.5,1003.4
202508102157,544,24.5,87.0,22.2,-99.7,-99.7,-99.7,-99.7,-99.7,-99.7,-99.7,-99.7,-99.7,-99.7,-99.7,1002.0,1003.2
202508102157,545,22.9,97.7,22.5,-99.7,-99.7,-99.7,-99.7,-99.7,-99.7,-99.7,-99.7,-99.7,-99.7,-99.7,1003.2,1003.9
202508102157,546,25.1,82.9,22.0,-99.7,-99.7,-99.7,-99.7,-99.7,-99.7,-99.7,-99.7,-99.7,-99.7,-99.7,988.8,1002.6
202508102157,547,24.1,89.2,22.2,-99.7,-99.7,-99.7,-99.7,-99.7,-99.7,-99.7,-99.7,-99.7,-99.7,-99.7,991.3,1003.6
202508102157,548,25.2,78.9,21.3,-99.7,-99.7,-99.7,-99.7,-99.7,-99.7,-99.7,-99.7,-99.7,-99.7,-99.7,990.4,-99.9
202508102157,549,25.0,85.8,22.5,-99.7,-99.7,-99.7,-99.7,-99.7,-99.7,-99.7,-99.7,-99.7,-99.7,-99.7,994.2,1003.6
202508102157,550,22.7,92.8,21.5,-99.7,-99.7,-99.7,-99.7,-99.7,-99.7,-99.7,-99.7,-99.7,-99.7,-99.7,998.3,1002.3
202508102157,551,24.9,86.3,22.5,-99.7,-99.7,-99.7,-99.7,-99.7,-99.7,-99.7,-99.7,-99.7,-99.7,-99.7,-99.7,-99.9
202508102157,552,20.8,92.4,19.5,-99.7,-99.7,-99.7,-99.7,-99.7,-99.7,-99.7,-99.7,-99.7,-99.7,-99.7,977.4,1003.5
202508102157,553,21.9,96.6,21.3,-99.7,-99.7,-99.7,-99.7,-99.7,-99.7,-99.7,-99.7,-99.7,-99.7,-99.7,1002.7,1003.7
202508102157,554,17.8,96.4,17.2,-99.7,-99.7,-99.7,-99.7,-99.7,-99.7,-99.7,-99.7,-99.7,-99.7,-99.7,919.9,1005.8
202508102157,555,23.6,89.9,21.8,-99.7,-99.7,-99.7,-99.7,-99.7,-99.7,-99.7,-99.7,-99.7,-99.7,-99.7,992.1,1004.5
202508102157,556,22.6,88.9,20.7,-99.7,-99.7,-99.7,-99.7,-99.7,-99.7,-99.7,-99.7,-99.7,-99.7,-99.7,982.0,1003.3
202508102157,557,21.0,90.6,19.4,-99.7,-99.7,-99.7,-99.7,-99.7,-99.7,-99.7,-99.7,-99.7,-99.7,-99.7,971.7,1004.8
202508102157,558,22.1,92.3,20.8,-99.7,-99.7,-99.7,-99.7,-99.7,-99.7,-99.7,-99.7,-99.7,-99.7,-99.7,992.4,1003.2
202508102157,559,19.4,91.3,17.9,-99.7,-99.7,-99.7,-99.7,-99.7,-99.7,-99.7,-99.7,-99.7,-99.7,-99.7,940.3,1004.7
202508102157,560,19.9,87.8,17.8,-99.7,-99.7,-99.7,-99.7,-99.7,-99.7,-99.7,-99.7,-99.7,-99.7,-99.7,943.9,1004.5
202508102157,561,23.0,88.2,20.9,-99.7,-99.7,-99.7,-99.7,-99.7,-99.7,-99.7,-99.7,-99.7,-99.7,-99.7,978.1,1003.1
202508102157,563,21.2,85.6,18.7,-99.7,-99.7,-99.7,-99.7,-99.7,-99.7,-99.7,-99.7,-99.7,-99.7,-99.7,964.4,1005.4
202508102157,565,24.6,87.7,22.4,-99.7,-99.7,-99.7,-99.7,-99.7,-99.7,-99.7,-99.7,-99.7,-99.7,-99.7,1003.2,1003.9
202508102157,566,23.1,89.2,21.2,-99.7,-99.7,-99.7,-99.7,-99.7,-99.7,-99.7,-99.7,-99.7,-99.7,-99.7,1003.6,1004.3
202508102157,567,24.0,80.9,20.5,-99.7,-99.7,-99.7,-99.7,-99.7,-99.7,-99.7,-99.7,-99.7,-99.7,-99.7,995.4,1003.5
202508102157,568,22.3,95.8,21.6,-99.7,-99.7,-99.7,-99.7,-99.7,-99.7,-99.7,-99.7,-99.7,-99.7,-99.7,987.1,1003.3
202508102157,569,26.0,72.3,20.6,-99.7,-99.7,-99.7,-99.7,-99.7,-99.7,-99.7,-99.7,-99.7,-99.7,-99.7,999.6,1002.7
202508102157,570,23.6,91.8,22.2,-99.7,-99.7,-99.7,-99.7,-99.7,-99.7,-99.7,-99.7,-99.7,-99.7,-99.7,999.1,1002.9
202508102157,571,24.3,89.5,22.5,-99.7,-99.7,-99.7,-99.7,-99.7,-99.7,-99.7,-99.7,-99.7,-99.7,-99.7,998.9,1004.1
202508102157,572,26.1,78.4,22.1,-99.7,-99.7,-99.7,-99.7,-99.7,-99.7,-99.7,-99.7,-99.7,-99.7,-99.7,1000.9,1004.1
202508102157,573,22.9,93.8,21.8,-99.7,-99.7,-99.7,-99.7,-99.7,-99.7,-99.7,-99.7,-99.7,-99.7,-99.7,990.1,1003.8
202508102157,574,23.6,99.4,23.5,-99.7,-99.7,-99.7,-99.7,-99.7,-99.7,-99.7,-99.7,-99.7,-99.7,-99.7,999.1,1003.3
202508102157,575,23.6,92.6,22.3,-99.7,-99.7,-99.7,-99.7,-99.7,-99.7,-99.7,-99.7,-99.7,-99.7,-99.7,998.0,1003.8
202508102157,576,23.4,88.4,21.4,-99.7,-99.7,-99.7,-99.7,-99.7,-99.7,-99.7,-99.7,-99.7,-99.7,-99.7,991.2,1003.9
202508102157,577,24.0,96.4,23.4,-99.7,-99.7,-99.7,-99.7,-99.7,-99.7,-99.7,-99.7,-99.7,-99.7,-99.7,1003.0,1004.0
202508102157,578,24.0,93.6,22.9,-99.7,-99.7,-99.7,-99.7,-99.7,-99.7,-99.7,-99.7,-99.7,-99.7,-99.7,1002.4,1003.3
202508102157,579,17.5,99.9,17.5,-99.7,-99.7,-99.7,-99.7,-99.7,-99.7,-99.7,-99.7,-99.7,-99.7,-99.7,-99.7,-99.9
202508102157,580,21.5,91.0,20.0,-99.7,-99.7,-99.7,-99.7,-99.7,-99.7,-99.7,-99.7,-99.7,-99.7,-99.7,-99.7,-99.9
202508102157,581,21.2,84.0,18.4,-99.7,-99.7,-99.7,-99.7,-99.7,-99.7,-99.7,-99.7,-99.7,-99.7,-99.7,957.9,1005.4
202508102157,582,22.9,91.0,21.4,-99.7,-99.7,-99.7,-99.7,-99.7,-99.7,-99.7,-99.7,-99.7,-99.7,-99.7,967.1,1003.9
202508102157,583,22.6,86.8,20.3,-99.7,-99.7,-99.7,-99.7,-99.7,-99.7,-99.7,-99.7,-99.7,-99.7,-99.7,944.8,1004.1
202508102157,585,21.7,99.9,21.7,-99.7,-99.7,-99.7,-99.7,-99.7,-99.7,-99.7,-99.7,-99.7,-99.7,-99.7,977.8,1004.6
202508102157,586,21.6,92.9,20.4,-99.7,-99.7,-99.7,-99.7,-99.7,-99.7,-99.7,-99.7,-99.7,-99.7,-99.7,977.7,1003.4
202508102157,587,20.2,99.1,20.1,-99.7,-99.7,-99.7,-99.7,-99.7,-99.7,-99.7,-99.7,-99.7,-99.7,-99.7,973.1,1004.7
202508102157,588,23.2,89.3,21.3,-99.7,-99.7,-99.7,-99.7,-99.7,-99.7,-99.7,-99.7,-99.7,-99.7,-99.7,-99.7,-99.9
202508102157,589,24.0,91.1,22.5,-99.7,-99.7,-99.7,-99.7,-99.7,-99.7,-99.7,-99.7,-99.7,-99.7,-99.7,996.9,1003.6
202508102157,590,24.9,86.9,22.6,-99.7,-99.7,-99.7,-99.7,-99.7,-99.7,-99.7,-99.7,-99.7,-99.7,-99.7,998.4,1003.7
202508102157,591,23.5,83.4,20.5,-99.7,-99.7,-99.7,-99.7,-99.7,-99.7,-99.7,-99.7,-99.7,-99.7,-99.7,973.6,1003.7
202508102157,592,22.4,96.4,21.8,-99.7,-99.7,-99.7,-99.7,-99.7,-99.7,-99.7,-99.7,-99.7,-99.7,-99.7,997.8,1003.8
202508102157,593,22.7,90.0,21.0,-99.7,-99.7,-99.7,-99.7,-99.7,-99.7,-99.7,-99.7,-99.7,-99.7,-99.7,990.2,1004.8
202508102157,594,20.7,87.6,18.6,-99.7,-99.7,-99.7,-99.7,-99.7,-99.7,-99.7,-99.7,-99.7,-99.7,-99.7,968.4,1004.2
202508102157,595,18.3,97.6,17.9,-99.7,-99.7,-99.7,-99.7,-99.7,-99.7,-99.7,-99.7,-99.7,-99.7,-99.7,940.4,1006.4
202508102157,596,20.7,99.7,20.7,-99.7,-99.7,-99.7,-99.7,-99.7,-99.7,-99.7,-99.7,-99.7,-99.7,-99.7,977.7,1005.2
202508102157,597,20.1,86.4,17.8,-99.7,-99.7,-99.7,-99.7,-99.7,-99.7,-99.7,-99.7,-99.7,-99.7,-99.7,942.3,1005.2
202508102157,598,-99.9,-99.9,-99.9,-99.9,-99.9,-99.9,-99.9,-99.9,-99.9,-99.9,-99.9,-99.9,-99.9,-99.9,-99.9,-99.9
202508102157,599,22.7,99.1,22.6,-99.7,-99.7,-99.7,-99.7,-99.7,-99.7,-99.7,-99.7,-99.7,-99.7,-99.7,991.9,1004.0
202508102157,600,22.4,88.9,20.5,-99.7,-99.7,-99.7,-99.7,-99.7,-99.7,-99.7,-99.7,-99.7,-99.7,-99.7,987.6,1002.6
202508102157,601,22.6,90.4,20.9,-99.7,-99.7,-99.7,-99.7,-99.7,-99.7,-99.7,-99.7,-99.7,-99.7,-99.7,986.3,1003.0
202508102157,602,23.5,89.8,21.7,-99.7,-99.7,-99.7,-99.7,-99.7,-99.7,-99.7,-99.7,-99.7,-99.7,-99.7,995.2,1002.9
202508102157,603,22.2,94.6,21.3,-99.7,-99.7,-99.7,-99.7,-99.7,-99.7,-99.7,-99.7,-99.7,-99.7,-99.7,990.3,1004.0
202508102157,604,23.2,89.4,21.4,-99.7,-99.7,-99.7,-99.7,-99.7,-99.7,-99.7,-99.7,-99.7,-99.7,-99.7,990.5,1003.9
202508102157,605,21.0,96.9,20.5,-99.7,-99.7,-99.7,-99.7,-99.7,-99.7,-99.7,-99.7,-99.7,-99.7,-99.7,987.6,1004.0
202508102157,606,24.2,90.7,22.6,-99.7,-99.7,-99.7,-99.7,-99.7,-99.7,-99.7,-99.7,-99.7,-99.7,-99.7,1000.6,1003.2
202508102157,607,23.2,93.7,22.1,-99.7,-99.7,-99.7,-99.7,-99.7,-99.7,-99.7,-99.7,-99.7,-99.7,-99.7,1002.9,1003.7
202508102157,609,23.6,95.2,22.8,-99.7,-99.7,-99.7,-99.7,-99.7,-99.7,-99.7,-99.7,-99.7,-99.7,-99.7,998.9,1003.4
202508102157,610,23.9,91.2,22.4,-99.7,-99.7,-99.7,-99.7,-99.7,-99.7,-99.7,-99.7,-99.7,-99.7,-99.7,1001.6,1003.5
202508102157,611,24.1,84.8,21.4,-99.7,-99.7,-99.7,-99.7,-99.7,-99.7,-99.7,-99.7,-99.7,-99.7,-99.7,996.3,1002.1
202508102157,612,23.3,90.1,21.6,-99.7,-99.7,-99.7,-99.7,-99.7,-99.7,-99.7,-99.7,-99.7,-99.7,-99.7,1000.4,1003.1
202508102157,614,23.2,95.2,22.4,-99.7,-99.7,-99.7,-99.7,-99.7,-99.7,-99.7,-99.7,-99.7,-99.7,-99.7,1002.4,1003.5
202508102157,615,-99.9,-99.9,-99.9,-99.9,-99.9,-99.9,-99.9,-99.9,-99.9,-99.9,-99.9,-99.9,-99.9,-99.9,-99.9,-99.9
202508102157,616,23.5,88.7,21.5,-99.7,-99.7,-99.7,-99.7,-99.7,-99.7,-99.7,-99.7,-99.7,-99.7,-99.7,998.0,1004.0
202508102157,617,22.8,96.6,22.2,-99.7,-99.7,-99.7,-99.7,-99.7,-99.7,-99.7,-99.7,-99.7,-99.7,-99.7,-99.7,-99.9
202508102157,618,22.6,98.9,22.4,-99.7,-99.7,-99.7,-99.7,-99.7,-99.7,-99.7,-99.7,-99.7,-99.7,-99.7,-99.7,-99.9
202508102157,619,22.4,94.7,21.5,-99.7,-99.7,-99.7,-99.7,-99.7,-99.7,-99.7,-99.7,-99.7,-99.7,-99.7,988.5,1003.7
202508102157,620,22.6,99.8,22.6,-99.7,-99.7,-99.7,-99.7,-99.7,-99.7,-99.7,-99.7,-99.7,-99.7,-99.7,996.3,1003.8
202508102157,621,21.6,90.1,19.9,-99.7,-99.7,-99.7,-99.7,-99.7,-99.7,-99.7,-99.7,-99.7,-99.7,-99.7,987.3,1004.2
202508102157,622,21.0,93.8,20.0,-99.7,-99.7,-99.7,-99.7,-99.7,-99.7,-99.7,-99.7,-99.7,-99.7,-99.7,978.5,1004.5
202508102157,623,23.8,85.2,21.2,-99.7,-99.7,-99.7,-99.7,-99.7,-99.7,-99.7,-99.7,-99.7,-99.7,-99.7,994.6,1003.1
202508102157,624,21.5,93.6,20.4,-99.7,-99.7,-99.7,-99.7,-99.7,-99.7,-99.7,-99.7,-99.7,-99.7,-99.7,978.5,1004.0
202508102157,625,20.1,89.3,18.3,-99.7,-99.7,-99.7,-99.7,-99.7,-99.7,-99.7,-99.7,-99.7,-99.7,-99.7,-99.7,-99.9
202508102157,626,20.8,99.3,20.7,-99.7,-99.7,-99.7,-99.7,-99.7,-99.7,-99.7,-99.7,-99.7,-99.7,-99.7,990.3,1004.1
202508102157,627,22.6,92.6,21.3,-99.7,-99.7,-99.7,-99.7,-99.7,-99.7,-99.7,-99.7,-99.7,-99.7,-99.7,1001.5,1003.2
202508102157,628,24.6,87.3,22.4,-99.7,-99.7,-99.7,-99.7,-99.7,-99.7,-99.7,-99.7,-99.7,-99.7,-99.7,999.9,1004.3
202508102157,629,22.6,95.3,21.8,-99.7,-99.7,-99.7,-99.7,-99.7,-99.7,-99.7,-99.7,-99.7,-99.7,-99.7,994.2,1003.9
202508102157,630,22.0,93.9,21.0,-99.7,-99.7,-99.7,-99.7,-99.7,-99.7,-99.7,-99.7,-99.7,-99.7,-99.7,991.3,1003.8
202508102157,631,25.5,88.9,23.5,-99.7,-99.7,-99.7,-99.7,-99.7,-99.7,-99.7,-99.7,-99.7,-99.7,-99.7,1002.4,1003.5
202508102157,632,23.5,92.6,22.2,-99.7,-99.7,-99.7,-99.7,-99.7,-99.7,-99.7,-99.7,-99.7,-99.7,-99.7,997.4,1004.0
202508102157,633,22.0,94.9,21.1,-99.7,-99.7,-99.7,-99.7,-99.7,-99.7,-99.7,-99.7,-99.7,-99.7,-99.7,995.4,1004.1
202508102157,634,24.5,86.2,22.0,-99.7,-99.7,-99.7,-99.7,-99.7,-99.7,-99.7,-99.7,-99.7,-99.7,-99.7,1000.6,1004.0
202508102157,635,23.5,95.7,22.8,-99.7,-99.7,-99.7,-99.7,-99.7,-99.7,-99.7,-99.7,-99.7,-99.7,-99.7,1002.4,1003.6
202508102157,636,20.2,100.0,20.2,-99.7,-99.7,-99.7,-99.7,-99.7,-99.7,-99.7,-99.7,-99.7,-99.7,-99.7,988.4,1003.6
202508102157,637,23.4,95.0,22.6,-99.7,-99.7,-99.7,-99.7,-99.7,-99.7,-99.7,-99.7,-99.7,-99.7,-99.7,1003.1,1004.1
202508102157,638,21.8,90.4,20.2,-99.7,-99.7,-99.7,-99.7,-99.7,-99.7,-99.7,-99.7,-99.7,-99.7,-99.7,975.2,1002.7
202508102157,639,21.9,88.8,20.0,-99.7,-99.7,-99.7,-99.7,-99.7,-99.7,-99.7,-99.7,-99.7,-99.7,-99.7,972.1,1004.1
202508102157,640,21.2,94.8,20.3,-99.7,-99.7,-99.7,-99.7,-99.7,-99.7,-99.7,-99.7,-99.7,-99.7,-99.7,978.9,1004.6
202508102157,641,22.5,94.3,21.5,-99.7,-99.7,-99.7,-99.7,-99.7,-99.7,-99.7,-99.7,-99.7,-99.7,-99.7,994.8,1003.8
202508102157,642,22.4,89.0,20.5,-99.7,-99.7,-99.7,-99.7,-99.7,-99.7,-99.7,-99.7,-99.7,-99.7,-99.7,986.8,1003.7
202508102157,643,21.4,97.8,21.0,-99.7,-99.7,-99.7,-99.7,-99.7,-99.7,-99.7,-99.7,-99.7,-99.7,-99.7,993.3,1003.8
202508102157,644,24.1,89.5,22.3,-99.7,-99.7,-99.7,-99.7,-99.7,-99.7,-99.7,-99.7,-99.7,-99.7,-99.7,1000.3,1003.1
202508102157,645,22.3,97.0,21.8,-99.7,-99.7,-99.7,-99.7,-99.7,-99.7,-99.7,-99.7,-99.7,-99.7,-99.7,1001.8,1003.7
202508102157,646,25.0,85.7,22.4,-99.7,-99.7,-99.7,-99.7,-99.7,-99.7,-99.7,-99.7,-99.7,-99.7,-99.7,1002.6,1003.5
202508102157,647,21.2,99.5,21.1,-99.7,-99.7,-99.7,-99.7,-99.7,-99.7,-99.7,-99.7,-99.7,-99.7,-99.7,-99.7,-99.9
202508102157,648,21.6,91.1,20.1,-99.7,-99.7,-99.7,-99.7,-99.7,-99.7,-99.7,-99.7,-99.7,-99.7,-99.7,991.7,1003.1
202508102157,649,24.5,91.8,23.1,-99.7,-99.7,-99.7,-99.7,-99.7,-99.7,-99.7,-99.7,-99.7,-99.7,-99.7,1000.7,1003.7
202508102157,650,22.8,95.5,22.0,-99.7,-99.7,-99.7,-99.7,-99.7,-99.7,-99.7,-99.7,-99.7,-99.7,-99.7,980.4,1001.6
202508102157,651,24.4,81.9,21.1,-99.7,-99.7,-99.7,-99.7,-99.7,-99.7,-99.7,-99.7,-99.7,-99.7,-99.7,979.4,1003.7
202508102157,652,24.5,82.9,21.4,-99.7,-99.7,-99.7,-99.7,-99.7,-99.7,-99.7,-99.7,-99.7,-99.7,-99.7,998.2,1002.6
202508102157,654,23.2,93.3,22.1,-99.7,-99.7,-99.7,-99.7,-99.7,-99.7,-99.7,-99.7,-99.7,-99.7,-99.7,1002.7,1003.9
202508102157,655,23.5,79.5,19.8,-99.7,-99.7,-99.7,-99.7,-99.7,-99.7,-99.7,-99.7,-99.7,-99.7,-99.7,995.4,1004.9
202508102157,656,25.6,82.3,22.4,-99.7,-99.7,-99.7,-99.7,-99.7,-99.7,-99.7,-99.7,-99.7,-99.7,-99.7,998.1,1003.7
202508102157,657,24.4,86.8,22.1,-99.7,-99.7,-99.7,-99.7,-99.7,-99.7,-99.7,-99.7,-99.7,-99.7,-99.7,1000.4,1004.0
202508102157,658,23.2,92.1,21.8,-99.7,-99.7,-99.7,-99.7,-99.7,-99.7,-99.7,-99.7,-99.7,-99.7,-99.7,1002.5,1003.6
202508102157,659,22.0,71.8,16.7,-99.7,-99.7,-99.7,-99.7,-99.7,-99.7,-99.7,-99.7,-99.7,-99.7,-99.7,913.1,1003.7
202508102157,660,20.8,90.1,19.1,-99.7,-99.7,-99.7,-99.7,-99.7,-99.7,-99.7,-99.7,-99.7,-99.7,-99.7,945.6,1005.2
202508102157,661,21.6,95.7,20.9,-99.7,-99.7,-99.7,-99.7,-99.7,-99.7,-99.7,-99.7,-99.7,-99.7,-99.7,1004.1,1004.7
202508102157,662,23.4,92.3,22.1,-99.7,-99.7,-99.7,-99.7,-99.7,-99.7,-99.7,-99.7,-99.7,-99.7,-99.7,1001.2,1002.4
202508102157,663,24.2,90.1,22.5,-99.7,-99.7,-99.7,-99.7,-99.7,-99.7,-99.7,-99.7,-99.7,-99.7,-99.7,997.1,1004.2
202508102157,664,24.9,93.5,23.8,-99.7,-99.7,-99.7,-99.7,-99.7,-99.7,-99.7,-99.7,-99.7,-99.7,-99.7,1002.2,1004.2
202508102157,665,25.1,84.1,22.2,-99.7,-99.7,-99.7,-99.7,-99.7,-99.7,-99.7,-99.7,-99.7,-99.7,-99.7,999.6,1002.8
202508102157,666,-99.9,-99.9,-99.9,-99.9,-99.9,-99.9,-99.9,-99.9,-99.9,-99.9,-99.9,-99.9,-99.9,-99.9,-99.9,-99.9
202508102157,667,23.6,91.7,22.2,-99.7,-99.7,-99.7,-99.7,-99.7,-99.7,-99.7,-99.7,-99.7,-99.7,-99.7,-99.7,-99.9
202508102157,669,22.9,93.6,21.8,-99.7,-99.7,-99.7,-99.7,-99.7,-99.7,-99.7,-99.7,-99.7,-99.7,-99.7,1001.2,1003.2
202508102157,670,23.2,94.2,22.2,-99.7,-99.7,-99.7,-99.7,-99.7,-99.7,-99.7,-99.7,-99.7,-99.7,-99.7,1003.2,1004.0
202508102157,671,23.6,92.0,22.2,-99.7,-99.7,-99.7,-99.7,-99.7,-99.7,-99.7,-99.7,-99.7,-99.7,-99.7,-99.7,-99.9
202508102157,672,22.7,93.3,21.6,-99.7,-99.7,-99.7,-99.7,-99.7,-99.7,-99.7,-99.7,-99.7,-99.7,-99.7,1002.9,1004.1
202508102157,673,22.8,95.8,22.1,-99.7,-99.7,-99.7,-99.7,-99.7,-99.7,-99.7,-99.7,-99.7,-99.7,-99.7,1002.6,1005.0
202508102157,674,19.3,87.2,17.1,-99.7,-99.7,-99.7,-99.7,-99.7,-99.7,-99.7,-99.7,-99.7,-99.7,-99.7,914.4,1005.1
202508102157,675,22.6,95.2,21.8,-99.7,-99.7,-99.7,-99.7,-99.7,-99.7,-99.7,-99.7,-99.7,-99.7,-99.7,996.3,1002.3
202508102157,676,24.1,83.4,21.1,21.9,26.2,-99.7,-99.7,-99.7,-99.7,-99.7,-99.7,-99.7,-99.7,-99.7,988.1,1004.4
202508102157,677,20.7,92.1,19.4,-99.7,-99.7,-99.7,-99.7,-99.7,-99.7,-99.7,-99.7,-99.7,-99.7,-99.7,991.3,1005.1
202508102157,678,19.5,92.7,18.3,-99.7,-99.7,-99.7,-99.7,-99.7,-99.7,-99.7,-99.7,-99.7,-99.7,-99.7,953.3,1004.8
202508102157,679,17.0,99.0,16.8,-99.7,-99.7,-99.7,-99.7,-99.7,-99.7,-99.7,-99.7,-99.7,-99.7,-99.7,928.9,1006.0
202508102157,680,22.4,93.2,21.2,-99.7,-99.7,-99.7,-99.7,-99.7,-99.7,-99.7,-99.7,-99.7,-99.7,-99.7,978.6,1004.7
202508102157,681,21.6,90.0,19.9,-99.7,-99.7,-99.7,-99.7,-99.7,-99.7,-99.7,-99.7,-99.7,-99.7,-99.7,982.3,1005.2
202508102157,682,19.9,80.0,16.4,-99.7,-99.7,-99.7,-99.7,-99.7,-99.7,-99.7,-99.7,-99.7,-99.7,-99.7,889.4,1004.4
202508102157,687,25.4,93.3,24.2,-99.7,-99.7,-99.7,-99.7,-99.7,-99.7,-99.7,-99.7,-99.7,-99.7,-99.7,997.1,1004.1
202508102157,688,24.5,95.8,23.8,-99.7,-99.7,-99.7,-99.7,-99.7,-99.7,-99.7,-99.7,-99.7,-99.7,-99.7,1000.5,1004.0
202508102157,689,23.8,96.0,23.1,-99.7,-99.7,-99.7,-99.7,-99.7,-99.7,-99.7,-99.7,-99.7,-99.7,-99.7,995.7,1004.0
202508102157,690,23.7,95.3,22.9,-99.7,-99.7,-99.7,-99.7,-99.7,-99.7,-99.7,-99.7,-99.7,-99.7,-99.7,992.4,1003.6
202508102157,691,22.2,98.1,21.9,-99.7,-99.7,-99.7,-99.7,-99.7,-99.7,-99.7,-99.7,-99.7,-99.7,-99.7,1001.1,1003.8
202508102157,692,23.3,91.7,21.9,-99.7,-99.7,-99.7,-99.7,-99.7,-99.7,-99.7,-99.7,-99.7,-99.7,-99.7,999.0,1002.8
202508102157,694,22.0,87.8,19.9,-99.7,-99.7,-99.7,-99.7,-99.7,-99.7,-99.7,-99.7,-99.7,-99.7,-99.7,929.1,1003.7
202508102157,695,20.6,74.2,15.8,-99.7,-99.7,-99.7,-99.7,-99.7,-99.7,-99.7,-99.7,-99.7,-99.7,-99.7,-99.7,-99.9
202508102157,696,21.9,84.1,19.1,-99.7,-99.7,-99.7,-99.7,-99.7,-99.7,-99.7,-99.7,-99.7,-99.7,-99.7,995.6,1005.1
202508102157,697,23.9,85.9,21.4,-99.7,-99.7,-99.7,-99.7,-99.7,-99.7,-99.7,-99.7,-99.7,-99.7,-99.7,1004.2,1004.9
202508102157,698,25.1,80.0,21.4,-99.7,-99.7,-99.7,-99.7,-99.7,-99.7,-99.7,-99.7,-99.7,-99.7,-99.7,1003.6,1006.5
202508102157,699,23.1,95.0,22.3,-99.7,-99.7,-99.7,-99.7,-99.7,-99.7,-99.7,-99.7,-99.7,-99.7,-99.7,1000.2,1004.5
202508102157,700,24.8,93.0,23.6,-99.7,-99.7,-99.7,-99.7,-99.7,-99.7,-99.7,-99.7,-99.7,-99.7,-99.7,997.6,1004.3
202508102157,701,21.2,91.0,19.7,-99.7,-99.7,-99.7,-99.7,-99.7,-99.7,-99.7,-99.7,-99.7,-99.7,-99.7,978.9,1003.0
202508102157,702,23.9,92.1,22.5,24.8,25.4,28.5,28.5,27.4,27.4,25.9,24.1,0.0,0.0,0.0,1001.9,1003.2
202508102157,703,22.0,92.5,20.7,-99.7,-99.7,-99.7,-99.7,-99.7,-99.7,-99.7,-99.7,-99.7,-99.7,-99.7,-99.7,-99.9
202508102157,704,21.7,99.9,21.7,-99.7,-99.7,-99.7,-99.7,-99.7,-99.7,-99.7,-99.7,-99.7,-99.7,-99.7,1002.6,1002.8
202508102157,706,24.9,87.3,22.6,-99.7,-99.7,-99.7,-99.7,-99.7,-99.7,-99.7,-99.7,-99.7,-99.7,-99.7,997.9,1003.0
202508102157,707,24.5,84.8,21.8,-99.7,-99.7,-99.7,-99.7,-99.7,-99.7,-99.7,-99.7,-99.7,-99.7,-99.7,1000.5,1004.4
202508102157,708,23.3,92.2,22.0,-99.7,-99.7,-99.7,-99.7,-99.7,-99.7,-99.7,-99.7,-99.7,-99.7,-99.7,999.7,1003.1
202508102157,709,25.7,92.7,24.4,-99.7,-99.7,-99.7,-99.7,-99.7,-99.7,-99.7,-99.7,-99.7,-99.7,-99.7,1001.3,1004.4
202508102157,710,23.9,91.8,22.5,-99.7,-99.7,-99.7,-99.7,-99.7,-99.7,-99.7,-99.7,-99.7,-99.7,-99.7,1004.0,1004.9
202508102157,711,24.3,93.1,23.1,-99.7,-99.7,-99.7,-99.7,-99.7,-99.7,-99.7,-99.7,-99.7,-99.7,-99.7,-99.7,-99.9
202508102157,712,25.5,86.5,23.1,-99.7,-99.7,-99.7,-99.7,-99.7,-99.7,-99.7,-99.7,-99.7,-99.7,-99.7,-99.7,-99.9
202508102157,713,25.4,99.9,25.4,-99.7,-99.7,-99.7,-99.7,-99.7,-99.7,-99.7,-99.7,-99.7,-99.7,-99.7,-99.7,-99.9
202508102157,714,23.8,-99.7,-99.9,-99.7,-99.7,-99.7,-99.7,-99.7,-99.7,-99.7,-99.7,-99.7,-99.7,-99.7,1003.8,1004.0
202508102157,716,23.9,91.1,22.4,-99.7,-99.7,-99.7,-99.7,-99.7,-99.7,-99.7,-99.7,-99.7,-99.7,-99.7,1004.0,1004.3
202508102157,717,23.6,93.5,22.5,-99.7,-99.7,-99.7,-99.7,-99.7,-99.7,-99.7,-99.7,-99.7,-99.7,-99.7,1002.4,1003.7
202508102157,718,23.0,92.0,21.6,-99.7,-99.7,-99.7,-99.7,-99.7,-99.7,-99.7,-99.7,-99.7,-99.7,-99.7,1003.7,1004.4
202508102157,719,24.8,88.6,22.8,-99.7,-99.7,-99.7,-99.7,-99.7,-99.7,-99.7,-99.7,-99.7,-99.7,-99.7,1001.6,1002.9
202508102157,720,24.1,96.1,23.4,-99.7,-99.7,-99.7,-99.7,-99.7,-99.7,-99.7,-99.7,-99.7,-99.7,-99.7,1001.9,1005.0
202508102157,721,24.1,95.9,23.4,-99.7,-99.7,-99.7,-99.7,-99.7,-99.7,-99.7,-99.7,-99.7,-99.7,-99.7,1004.2,1004.7
202508102157,722,23.8,90.9,22.2,-99.7,-99.7,-99.7,-99.7,-99.7,-99.7,-99.7,-99.7,-99.7,-99.7,-99.7,992.0,1004.6
202508102157,723,25.6,90.9,24.0,-99.7,-99.7,-99.7,-99.7,-99.7,-99.7,-99.7,-99.7,-99.7,-99.7,-99.7,1003.0,1003.8
202508102157,724,24.0,90.3,22.3,-99.7,-99.7,-99.7,-99.7,-99.7,-99.7,-99.7,-99.7,-99.7,-99.7,-99.7,1002.5,1003.4
202508102157,725,26.1,86.1,23.6,-99.7,-99.7,-99.7,-99.7,-99.7,-99.7,-99.7,-99.7,-99.7,-99.7,-99.7,1003.0,1004.0
202508102157,726,24.9,87.1,22.6,-99.7,-99.7,-99.7,-99.7,-99.7,-99.7,-99.7,-99.7,-99.7,-99.7,-99.7,1002.3,1003.6
202508102157,727,22.3,99.4,22.2,-99.7,-99.7,-99.7,-99.7,-99.7,-99.7,-99.7,-99.7,-99.7,-99.7,-99.7,-99.7,-99.9
202508102157,730,23.4,95.6,22.7,-99.7,-99.7,-99.7,-99.7,-99.7,-99.7,-99.7,-99.7,-99.7,-99.7,-99.7,999.3,1004.3
202508102157,731,23.9,96.9,23.4,-99.7,-99.7,-99.7,-99.7,-99.7,-99.7,-99.7,-99.7,-99.7,-99.7,-99.7,1003.9,1004.4
202508102157,732,24.3,96.3,23.7,-99.7,-99.7,-99.7,-99.7,-99.7,-99.7,-99.7,-99.7,-99.7,-99.7,-99.7,987.7,1004.2
202508102157,733,23.9,96.4,23.3,-99.7,-99.7,-99.7,-99.7,-99.7,-99.7,-99.7,-99.7,-99.7,-99.7,-99.7,-99.7,-99.9
202508102157,734,22.5,94.8,21.6,-99.7,-99.7,-99.7,-99.7,-99.7,-99.7,-99.7,-99.7,-99.7,-99.7,-99.7,997.0,1004.4
202508102157,735,19.7,94.7,18.8,-99.7,-99.7,-99.7,-99.7,-99.7,-99.7,-99.7,-99.7,-99.7,-99.7,-99.7,931.7,1005.2
202508102157,736,23.8,97.5,23.4,-99.7,-99.7,-99.7,-99.7,-99.7,-99.7,-99.7,-99.7,-99.7,-99.7,-99.7,1003.2,1003.4
202508102157,737,24.1,93.9,23.1,-99.7,-99.7,-99.7,-99.7,-99.7,-99.7,-99.7,-99.7,-99.7,-99.7,-99.7,-99.7,-99.9
202508102157,738,23.0,89.7,21.2,-99.7,-99.7,-99.7,-99.7,-99.7,-99.7,-99.7,-99.7,-99.7,-99.7,-99.7,1001.9,1003.7
202508102157,739,22.6,90.8,21.0,-99.7,-99.7,-99.7,-99.7,-99.7,-99.7,-99.7,-99.7,-99.7,-99.7,-99.7,1002.7,1004.1
202508102157,741,24.2,90.5,22.5,-99.7,-99.7,-99.7,-99.7,-99.7,-99.7,-99.7,-99.7,-99.7,-99.7,-99.7,994.3,1005.1
202508102157,742,24.8,85.6,22.2,-99.7,-99.7,-99.7,-99.7,-99.7,-99.7,-99.7,-99.7,-99.7,-99.7,-99.7,1001.9,1003.3
202508102157,743,24.7,91.1,23.2,-99.7,-99.7,-99.7,-99.7,-99.7,-99.7,-99.7,-99.7,-99.7,-99.7,-99.7,-99.7,-99.9
202508102157,744,24.3,89.6,22.5,-99.7,-99.7,-99.7,-99.7,-99.7,-99.7,-99.7,-99.7,-99.7,-99.7,-99.7,1003.9,1004.5
202508102157,745,23.8,90.3,22.1,-99.7,-99.7,-99.7,-99.7,-99.7,-99.7,-99.7,-99.7,-99.7,-99.7,-99.7,998.8,1004.4
202508102157,746,23.9,99.9,23.9,-99.7,-99.7,-99.7,-99.7,-99.7,-99.7,-99.7,-99.7,-99.7,-99.7,-99.7,-99.7,-99.9
202508102157,747,24.6,98.9,24.4,-99.7,-99.7,-99.7,-99.7,-99.7,-99.7,-99.7,-99.7,-99.7,-99.7,-99.7,1001.4,1004.2
202508102157,748,24.7,99.8,24.7,-99.7,-99.7,-99.7,-99.7,-99.7,-99.7,-99.7,-99.7,-99.7,-99.7,-99.7,1004.8,1005.0
202508102157,749,24.7,92.4,23.4,-99.7,-99.7,-99.7,-99.7,-99.7,-99.7,-99.7,-99.7,-99.7,-99.7,-99.7,1000.3,1003.1
202508102157,750,23.7,94.2,22.7,-99.7,-99.7,-99.7,-99.7,-99.7,-99.7,-99.7,-99.7,-99.7,-99.7,-99.7,1002.3,1004.9
202508102157,751,23.2,83.2,20.2,-99.7,-99.7,-99.7,-99.7,-99.7,-99.7,-99.7,-99.7,-99.7,-99.7,-99.7,-99.7,-99.9
202508102157,752,23.1,76.9,18.8,-99.7,-99.7,-99.7,-99.7,-99.7,-99.7,-99.7,-99.7,-99.7,-99.7,-99.7,-99.7,-99.9
202508102157,753,20.7,99.5,20.6,-99.7,-99.7,-99.7,-99.7,-99.7,-99.7,-99.7,-99.7,-99.7,-99.7,-99.7,-99.7,-99.9
202508102157,754,23.5,91.6,22.1,-99.7,-99.7,-99.7,-99.7,-99.7,-99.7,-99.7,-99.7,-99.7,-99.7,-99.7,1002.4,1003.6
202508102157,755,22.4,98.8,22.2,-99.7,-99.7,-99.7,-99.7,-99.7,-99.7,-99.7,-99.7,-99.7,-99.7,-99.7,983.5,1004.8
202508102157,756,23.3,93.5,22.2,-99.7,-99.7,-99.7,-99.7,-99.7,-99.7,-99.7,-99.7,-99.7,-99.7,-99.7,1003.5,1004.0
202508102157,757,19.9,99.7,19.9,-99.7,-99.7,-99.7,-99.7,-99.7,-99.7,-99.7,-99.7,-99.7,-99.7,-99.7,974.0,1004.8
202508102157,758,21.6,95.3,20.8,-99.7,-99.7,-99.7,-99.7,-99.7,-99.7,-99.7,-99.7,-99.7,-99.7,-99.7,967.4,1003.6
202508102157,759,21.4,97.6,21.0,-99.7,-99.7,-99.7,-99.7,-99.7,-99.7,-99.7,-99.7,-99.7,-99.7,-99.7,950.0,1003.5
202508102157,760,20.9,96.4,20.3,-99.7,-99.7,-99.7,-99.7,-99.7,-99.7,-99.7,-99.7,-99.7,-99.7,-99.7,972.0,1004.0
202508102157,761,23.6,94.6,22.7,-99.7,-99.7,-99.7,-99.7,-99.7,-99.7,-99.7,-99.7,-99.7,-99.7,-99.7,1002.3,1004.0
202508102157,762,23.5,96.7,22.9,-99.7,-99.7,-99.7,-99.7,-99.7,-99.7,-99.7,-99.7,-99.7,-99.7,-99.7,986.7,1003.3
202508102157,763,24.2,93.8,23.1,-99.7,-99.7,-99.7,-99.7,-99.7,-99.7,-99.7,-99.7,-99.7,-99.7,-99.7,999.4,1003.7
202508102157,764,22.2,97.4,21.8,-99.7,-99.7,-99.7,-99.7,-99.7,-99.7,-99.7,-99.7,-99.7,-99.7,-99.7,980.4,1004.4
202508102157,765,24.0,98.7,23.8,-99.7,-99.7,-99.7,-99.7,-99.7,-99.7,-99.7,-99.7,-99.7,-99.7,-99.7,992.9,1005.4
202508102157,766,24.6,94.3,23.6,-99.7,-99.7,-99.7,-99.7,-99.7,-99.7,-99.7,-99.7,-99.7,-99.7,-99.7,995.8,1004.8
202508102157,767,25.0,99.1,24.8,-99.7,-99.7,-99.7,-99.7,-99.7,-99.7,-99.7,-99.7,-99.7,-99.7,-99.7,1005.0,1005.4
202508102157,768,24.3,98.4,24.0,-99.7,-99.7,-99.7,-99.7,-99.7,-99.7,-99.7,-99.7,-99.7,-99.7,-99.7,993.2,1004.6
202508102157,769,22.4,94.3,21.4,-99.7,-99.7,-99.7,-99.7,-99.7,-99.7,-99.7,-99.7,-99.7,-99.7,-99.7,1003.8,1004.4
202508102157,770,23.3,99.1,23.2,-99.7,-99.7,-99.7,-99.7,-99.7,-99.7,-99.7,-99.7,-99.7,-99.7,-99.7,992.8,1004.1
202508102157,771,23.1,94.4,22.2,-99.7,-99.7,-99.7,-99.7,-99.7,-99.7,-99.7,-99.7,-99.7,-99.7,-99.7,1004.1,1004.5
202508102157,772,24.0,94.3,23.0,-99.7,-99.7,-99.7,-99.7,-99.7,-99.7,-99.7,-99.7,-99.7,-99.7,-99.7,1004.7,1004.9
202508102157,773,23.6,99.8,23.6,-99.7,-99.7,-99.7,-99.7,-99.7,-99.7,-99.7,-99.7,-99.7,-99.7,-99.7,996.5,1004.7
202508102157,774,23.2,92.4,21.9,-99.7,-99.7,-99.7,-99.7,-99.7,-99.7,-99.7,-99.7,-99.7,-99.7,-99.7,1003.3,1004.6
202508102157,775,22.9,91.0,21.4,-99.7,-99.7,-99.7,-99.7,-99.7,-99.7,-99.7,-99.7,-99.7,-99.7,-99.7,999.9,1004.4
202508102157,776,23.1,96.5,22.5,-99.7,-99.7,-99.7,-99.7,-99.7,-99.7,-99.7,-99.7,-99.7,-99.7,-99.7,1002.1,1004.0
202508102157,777,24.1,95.8,23.4,-99.7,-99.7,-99.7,-99.7,-99.7,-99.7,-99.7,-99.7,-99.7,-99.7,-99.7,1000.6,1004.8
202508102157,778,22.5,96.7,21.9,-99.7,-99.7,-99.7,-99.7,-99.7,-99.7,-99.7,-99.7,-99.7,-99.7,-99.7,993.6,1004.6
202508102157,779,25.2,80.2,21.5,-99.7,-99.7,-99.7,-99.7,-99.7,-99.7,-99.7,-99.7,-99.7,-99.7,-99.7,-99.7,-99.9
202508102157,780,26.4,90.7,24.8,-99.7,-99.7,-99.7,-99.7,-99.7,-99.7,-99.7,-99.7,-99.7,-99.7,-99.7,-99.7,-99.9
202508102157,781,26.0,84.9,23.3,-99.7,-99.7,-99.7,-99.7,-99.7,-99.7,-99.7,-99.7,-99.7,-99.7,-99.7,-99.7,-99.9
202508102157,782,22.5,93.6,21.4,-99.7,-99.7,-99.7,-99.7,-99.7,-99.7,-99.7,-99.7,-99.7,-99.7,-99.7,-99.7,-99.9
202508102157,783,24.8,89.0,22.9,-99.7,-99.7,-99.7,-99.7,-99.7,-99.7,-99.7,-99.7,-99.7,-99.7,-99.7,999.8,1003.3
202508102157,784,24.4,97.1,23.9,-99.7,-99.7,-99.7,-99.7,-99.7,-99.7,-99.7,-99.7,-99.7,-99.7,-99.7,1002.1,1004.6
202508102157,785,24.3,95.5,23.5,-99.7,-99.7,-99.7,-99.7,-99.7,-99.7,-99.7,-99.7,-99.7,-99.7,-99.7,1003.0,1004.5
202508102157,786,23.5,96.5,22.9,-99.7,-99.7,-99.7,-99.7,-99.7,-99.7,-99.7,-99.7,-99.7,-99.7,-99.7,1002.5,1004.4
202508102157,787,24.3,93.5,23.2,-99.7,-99.7,-99.7,-99.7,-99.7,-99.7,-99.7,-99.7,-99.7,-99.7,-99.7,1003.8,1005.2
202508102157,788,24.6,89.6,22.8,-99.7,-99.7,-99.7,-99.7,-99.7,-99.7,-99.7,-99.7,-99.7,-99.7,-99.7,994.8,1002.2
202508102157,789,23.4,96.2,22.8,-99.7,-99.7,-99.7,-99.7,-99.7,-99.7,-99.7,-99.7,-99.7,-99.7,-99.7,1003.4,1004.4
202508102157,790,23.2,98.0,22.9,-99.7,-99.7,-99.7,-99.7,-99.7,-99.7,-99.7,-99.7,-99.7,-99.7,-99.7,988.5,1003.9
202508102157,791,22.2,97.8,21.8,-99.7,-99.7,-99.7,-99.7,-99.7,-99.7,-99.7,-99.7,-99.7,-99.7,-99.7,957.6,1003.5
202508102157,792,24.9,78.9,21.0,-99.7,-99.7,-99.7,-99.7,-99.7,-99.7,-99.7,-99.7,-99.7,-99.7,-99.7,993.8,1003.9
202508102157,793,25.0,80.1,21.3,-99.7,-99.7,-99.7,-99.7,-99.7,-99.7,-99.7,-99.7,-99.7,-99.7,-99.7,1003.2,1003.5
202508102157,794,24.4,96.1,23.7,-99.7,-99.7,-99.7,-99.7,-99.7,-99.7,-99.7,-99.7,-99.7,-99.7,-99.7,995.3,1003.9
202508102157,795,24.0,90.3,22.3,-99.7,-99.7,-99.7,-99.7,-99.7,-99.7,-99.7,-99.7,-99.7,-99.7,-99.7,994.0,1003.8
202508102157,796,24.2,95.1,23.4,-99.7,-99.7,-99.7,-99.7,-99.7,-99.7,-99.7,-99.7,-99.7,-99.7,-99.7,1000.4,1004.7
202508102157,797,25.5,88.9,23.5,-99.7,-99.7,-99.7,-99.7,-99.7,-99.7,-99.7,-99.7,-99.7,-99.7,-99.7,1000.4,1004.4
202508102157,798,24.9,87.9,22.8,-99.7,-99.7,-99.7,-99.7,-99.7,-99.7,-99.7,-99.7,-99.7,-99.7,-99.7,1000.2,1002.8
202508102157,799,24.1,85.9,21.6,-99.7,-99.7,-99.7,-99.7,-99.7,-99.7,-99.7,-99.7,-99.7,-99.7,-99.7,1001.2,1003.4
202508102157,800,22.6,90.9,21.0,-99.7,-99.7,-99.7,-99.7,-99.7,-99.7,-99.7,-99.7,-99.7,-99.7,-99.7,1004.0,1004.7
202508102157,801,20.1,98.3,19.8,-99.7,-99.7,-99.7,-99.7,-99.7,-99.7,-99.7,-99.7,-99.7,-99.7,-99.7,-99.7,-99.9
202508102157,802,20.2,95.6,19.5,-99.7,-99.7,-99.7,-99.7,-99.7,-99.7,-99.7,-99.7,-99.7,-99.7,-99.7,989.2,1005.6
202508102157,803,21.9,88.6,19.9,-99.7,-99.7,-99.7,-99.7,-99.7,-99.7,-99.7,-99.7,-99.7,-99.7,-99.7,980.1,1005.1
202508102157,804,21.7,93.2,20.6,-99.7,-99.7,-99.7,-99.7,-99.7,-99.7,-99.7,-99.7,-99.7,-99.7,-99.7,1000.1,1004.4
202508102157,805,19.7,95.9,19.0,-99.7,-99.7,-99.7,-99.7,-99.7,-99.7,-99.7,-99.7,-99.7,-99.7,-99.7,979.3,1005.3
202508102157,806,24.8,84.1,21.9,-99.7,-99.7,-99.7,-99.7,-99.7,-99.7,-99.7,-99.7,-99.7,-99.7,-99.7,999.2,1003.9
202508102157,807,21.5,95.3,20.7,-99.7,-99.7,-99.7,-99.7,-99.7,-99.7,-99.7,-99.7,-99.7,-99.7,-99.7,991.7,1004.8
202508102157,808,25.1,85.6,22.5,-99.7,-99.7,-99.7,-99.7,-99.7,-99.7,-99.7,-99.7,-99.7,-99.7,-99.7,-99.7,-99.9
202508102157,809,21.3,97.2,20.8,-99.7,-99.7,-99.7,-99.7,-99.7,-99.7,-99.7,-99.7,-99.7,-99.7,-99.7,980.3,1003.7
202508102157,810,23.7,87.3,21.5,-99.7,-99.7,-99.7,-99.7,-99.7,-99.7,-99.7,-99.7,-99.7,-99.7,-99.7,1000.5,1005.0
202508102157,811,22.2,97.2,21.7,-99.7,-99.7,-99.7,-99.7,-99.7,-99.7,-99.7,-99.7,-99.7,-99.7,-99.7,1001.0,1004.7
202508102157,812,24.0,99.2,23.9,-99.7,-99.7,-99.7,-99.7,-99.7,-99.7,-99.7,-99.7,-99.7,-99.7,-99.7,-99.7,-99.9
202508102157,813,21.4,98.3,21.1,-99.7,-99.7,-99.7,-99.7,-99.7,-99.7,-99.7,-99.7,-99.7,-99.7,-99.7,995.6,1004.5
202508102157,814,21.9,94.0,20.9,-99.7,-99.7,-99.7,-99.7,-99.7,-99.7,-99.7,-99.7,-99.7,-99.7,-99.7,970.5,1004.7
202508102157,815,24.7,84.4,21.9,-99.7,-99.7,-99.7,-99.7,-99.7,-99.7,-99.7,-99.7,-99.7,-99.7,-99.7,992.9,1004.5
202508102157,816,22.5,96.9,22.0,-99.7,-99.7,-99.7,-99.7,-99.7,-99.7,-99.7,-99.7,-99.7,-99.7,-99.7,998.3,1003.2
202508102157,817,18.3,97.6,17.9,-99.7,-99.7,-99.7,-99.7,-99.7,-99.7,-99.7,-99.7,-99.7,-99.7,-99.7,962.3,1005.8
202508102157,818,22.0,91.6,20.6,-99.7,-99.7,-99.7,-99.7,-99.7,-99.7,-99.7,-99.7,-99.7,-99.7,-99.7,979.0,1003.7
202508102157,819,21.3,93.3,20.2,-99.7,-99.7,-99.7,-99.7,-99.7,-99.7,-99.7,-99.7,-99.7,-99.7,-99.7,981.8,1005.0
202508102157,820,23.8,88.4,21.8,-99.7,-99.7,-99.7,-99.7,-99.7,-99.7,-99.7,-99.7,-99.7,-99.7,-99.7,996.3,1004.9
202508102157,821,22.0,91.2,20.5,-99.7,-99.7,-99.7,-99.7,-99.7,-99.7,-99.7,-99.7,-99.7,-99.7,-99.7,992.9,1003.3
202508102157,822,-99.9,-99.9,-99.9,-99.9,-99.9,-99.9,-99.9,-99.9,-99.9,-99.9,-99.9,-99.9,-99.9,-99.9,-99.9,-99.9
202508102157,823,24.9,74.8,20.1,-99.7,-99.7,-99.7,-99.7,-99.7,-99.7,-99.7,-99.7,-99.7,-99.7,-99.7,993.7,1002.9
202508102157,824,22.5,95.9,21.8,-99.7,-99.7,-99.7,-99.7,-99.7,-99.7,-99.7,-99.7,-99.7,-99.7,-99.7,990.5,1003.6
202508102157,825,24.4,77.0,20.1,-99.7,-99.7,-99.7,-99.7,-99.7,-99.7,-99.7,-99.7,-99.7,-99.7,-99.7,1001.1,1004.5
202508102157,826,22.0,94.4,21.1,-99.7,-99.7,-99.7,-99.7,-99.7,-99.7,-99.7,-99.7,-99.7,-99.7,-99.7,990.2,1005.2
202508102157,827,23.6,83.9,20.7,-99.7,-99.7,-99.7,-99.7,-99.7,-99.7,-99.7,-99.7,-99.7,-99.7,-99.7,997.1,1004.1
202508102157,828,24.6,99.9,24.6,-99.7,-99.7,-99.7,-99.7,-99.7,-99.7,-99.7,-99.7,-99.7,-99.7,-99.7,1001.0,1003.8
202508102157,829,21.0,98.4,20.7,-99.7,-99.7,-99.7,-99.7,-99.7,-99.7,-99.7,-99.7,-99.7,-99.7,-99.7,996.5,1004.9
202508102157,830,22.0,92.5,20.7,-99.7,-99.7,-99.7,-99.7,-99.7,-99.7,-99.7,-99.7,-99.7,-99.7,-99.7,1000.1,1005.3
202508102157,831,17.4,93.6,16.4,-99.7,-99.7,-99.7,-99.7,-99.7,-99.7,-99.7,-99.7,-99.7,-99.7,-99.7,-99.7,-99.9
202508102157,832,24.8,81.7,21.5,-99.7,-99.7,-99.7,-99.7,-99.7,-99.7,-99.7,-99.7,-99.7,-99.7,-99.7,995.4,1003.0
202508102157,833,22.5,87.3,20.3,-99.7,-99.7,-99.7,-99.7,-99.7,-99.7,-99.7,-99.7,-99.7,-99.7,-99.7,983.6,1003.4
202508102157,834,20.9,90.7,19.3,-99.7,-99.7,-99.7,-99.7,-99.7,-99.7,-99.7,-99.7,-99.7,-99.7,-99.7,971.2,1003.5
202508102157,835,22.7,90.4,21.0,-99.7,-99.7,-99.7,-99.7,-99.7,-99.7,-99.7,-99.7,-99.7,-99.7,-99.7,983.4,1004.4
202508102157,836,19.8,95.9,19.1,-99.7,-99.7,-99.7,-99.7,-99.7,-99.7,-99.7,-99.7,-99.7,-99.7,-99.7,968.2,1004.2
202508102157,837,22.8,91.5,21.3,-99.7,-99.7,-99.7,-99.7,-99.7,-99.7,-99.7,-99.7,-99.7,-99.7,-99.7,983.6,1004.8
202508102157,838,20.3,93.0,19.1,-99.7,-99.7,-99.7,-99.7,-99.7,-99.7,-99.7,-99.7,-99.7,-99.7,-99.7,954.0,1004.8
202508102157,839,23.8,82.8,20.7,-99.7,-99.7,-99.7,-99.7,-99.7,-99.7,-99.7,-99.7,-99.7,-99.7,-99.7,989.4,1004.1
202508102157,840,21.8,87.6,19.7,-99.7,-99.7,-99.7,-99.7,-99.7,-99.7,-99.7,-99.7,-99.7,-99.7,-99.7,995.5,1003.6
202508102157,841,20.9,99.9,20.9,-99.7,-99.7,-99.7,-99.7,-99.7,-99.7,-99.7,-99.7,-99.7,-99.7,-99.7,989.6,1005.5
202508102157,842,20.2,99.2,20.1,-99.7,-99.7,-99.7,-99.7,-99.7,-99.7,-99.7,-99.7,-99.7,-99.7,-99.7,985.4,1005.0
202508102157,843,20.4,91.9,19.0,-99.7,-99.7,-99.7,-99.7,-99.7,-99.7,-99.7,-99.7,-99.7,-99.7,-99.7,980.3,1005.5
202508102157,844,21.8,91.2,20.3,-99.7,-99.7,-99.7,-99.7,-99.7,-99.7,-99.7,-99.7,-99.7,-99.7,-99.7,1001.5,1004.1
202508102157,845,23.5,83.1,20.5,-99.7,-99.7,-99.7,-99.7,-99.7,-99.7,-99.7,-99.7,-99.7,-99.7,-99.7,1000.8,1004.3
202508102157,846,24.8,70.0,19.0,-99.7,-99.7,-99.7,-99.7,-99.7,-99.7,-99.7,-99.7,-99.7,-99.7,-99.7,995.6,1004.3
202508102157,847,22.7,93.2,21.5,-99.7,-99.7,-99.7,-99.7,-99.7,-99.7,-99.7,-99.7,-99.7,-99.7,-99.7,996.6,1004.7
202508102157,848,21.0,92.8,19.8,-99.7,-99.7,-99.7,-99.7,-99.7,-99.7,-99.7,-99.7,-99.7,-99.7,-99.7,993.0,1005.0
202508102157,849,23.2,92.4,21.9,-99.7,-99.7,-99.7,-99.7,-99.7,-99.7,-99.7,-99.7,-99.7,-99.7,-99.7,995.1,1004.8
202508102157,850,21.9,-99.2,-99.9,-99.7,-99.7,-99.7,-99.7,-99.7,-99.7,-99.7,-99.7,-99.7,-99.7,-99.7,-99.7,-99.9
202508102157,851,20.4,95.2,19.6,-99.7,-99.7,-99.7,-99.7,-99.7,-99.7,-99.7,-99.7,-99.7,-99.7,-99.7,996.0,1005.2
202508102157,852,24.0,78.9,20.1,-99.7,-99.7,-99.7,-99.7,-99.7,-99.7,-99.7,-99.7,-99.7,-99.7,-99.7,999.6,1004.3
202508102157,853,20.1,92.8,18.9,-99.7,-99.7,-99.7,-99.7,-99.7,-99.7,-99.7,-99.7,-99.7,-99.7,-99.7,941.5,1005.0
202508102157,854,22.3,86.9,20.0,-99.7,-99.7,-99.7,-99.7,-99.7,-99.7,-99.7,-99.7,-99.7,-99.7,-99.7,986.1,1005.1
202508102157,855,24.8,86.3,22.4,-99.7,-99.7,-99.7,-99.7,-99.7,-99.7,-99.7,-99.7,-99.7,-99.7,-99.7,1004.1,1004.6
202508102157,856,21.8,98.8,21.6,-99.7,-99.7,-99.7,-99.7,-99.7,-99.7,-99.7,-99.7,-99.7,-99.7,-99.7,947.8,1005.2
202508102157,857,22.9,98.8,22.7,-99.7,-99.7,-99.7,-99.7,-99.7,-99.7,-99.7,-99.7,-99.7,-99.7,-99.7,1002.8,1003.8
202508102157,858,23.2,95.3,22.4,-99.7,-99.7,-99.7,-99.7,-99.7,-99.7,-99.7,-99.7,-99.7,-99.7,-99.7,1000.2,1004.2
202508102157,859,20.6,98.4,20.3,-99.7,-99.7,-99.7,-99.7,-99.7,-99.7,-99.7,-99.7,-99.7,-99.7,-99.7,951.7,1005.0
202508102157,860,25.7,65.2,18.7,-99.7,-99.7,-99.7,-99.7,-99.7,-99.7,-99.7,-99.7,-99.7,-99.7,-99.7,997.5,1004.2
202508102157,861,26.2,72.0,20.8,-99.7,-99.7,-99.7,-99.7,-99.7,-99.7,-99.7,-99.7,-99.7,-99.7,-99.7,1001.8,1004.2
202508102157,862,23.5,87.9,21.4,-99.7,-99.7,-99.7,-99.7,-99.7,-99.7,-99.7,-99.7,-99.7,-99.7,-99.7,981.5,1003.7
202508102157,863,25.4,73.5,20.3,-99.7,-99.7,-99.7,-99.7,-99.7,-99.7,-99.7,-99.7,-99.7,-99.7,-99.7,998.2,1004.2
202508102157,864,25.0,82.6,21.8,-99.7,-99.7,-99.7,-99.7,-99.7,-99.7,-99.7,-99.7,-99.7,-99.7,-99.7,997.0,1003.2
202508102157,865,23.5,85.3,20.9,-99.7,-99.7,-99.7,-99.7,-99.7,-99.7,-99.7,-99.7,-99.7,-99.7,-99.7,978.8,1005.2
202508102157,867,18.7,99.7,18.7,-99.7,-99.7,-99.7,-99.7,-99.7,-99.7,-99.7,-99.7,-99.7,-99.7,-99.7,845.9,1004.7
202508102157,868,19.1,99.9,19.1,-99.7,-99.7,-99.7,-99.7,-99.7,-99.7,-99.7,-99.7,-99.7,-99.7,-99.7,856.5,1005.0
202508102157,869,19.6,100.0,19.6,-99.7,-99.7,-99.7,-99.7,-99.7,-99.7,-99.7,-99.7,-99.7,-99.7,-99.7,871.7,1006.8
202508102157,870,18.6,99.9,18.6,-99.7,-99.7,-99.7,-99.7,-99.7,-99.7,-99.7,-99.7,-99.7,-99.7,-99.7,846.6,1003.9
202508102157,871,17.9,100.0,17.9,-99.7,-99.7,-99.7,-99.7,-99.7,-99.7,-99.7,-99.7,-99.7,-99.7,-99.7,829.6,1005.2
202508102157,872,20.4,98.7,20.2,-99.7,-99.7,-99.7,-99.7,-99.7,-99.7,-99.7,-99.7,-99.7,-99.7,-99.7,909.9,1005.1
202508102157,874,23.5,89.1,21.6,-99.7,-99.7,-99.7,-99.7,-99.7,-99.7,-99.7,-99.7,-99.7,-99.7,-99.7,985.4,1003.9
202508102157,875,16.2,65.3,9.7,-99.7,-99.7,-99.7,-99.7,-99.7,-99.7,-99.7,-99.7,-99.7,-99.7,-99.7,835.8,1004.9
202508102157,876,23.6,76.4,19.2,-99.7,-99.7,-99.7,-99.7,-99.7,-99.7,-99.7,-99.7,-99.7,-99.7,-99.7,998.1,1004.6
202508102157,877,22.9,93.9,21.9,-99.7,-99.7,-99.7,-99.7,-99.7,-99.7,-99.7,-99.7,-99.7,-99.7,-99.7,996.8,1003.6
202508102157,878,18.8,90.5,17.2,-99.7,-99.7,-99.7,-99.7,-99.7,-99.7,-99.7,-99.7,-99.7,-99.7,-99.7,-99.7,-99.9
202508102157,881,25.2,85.4,22.6,-99.7,-99.7,-99.7,-99.7,-99.7,-99.7,-99.7,-99.7,-99.7,-99.7,-99.7,1002.8,1004.0
202508102157,882,23.6,78.1,19.6,-99.7,-99.7,-99.7,-99.7,-99.7,-99.7,-99.7,-99.7,-99.7,-99.7,-99.7,989.7,1003.4
202508102157,883,21.8,87.0,19.5,-99.7,-99.7,-99.7,-99.7,-99.7,-99.7,-99.7,-99.7,-99.7,-99.7,-99.7,955.6,1004.3
202508102157,885,24.4,90.2,22.7,-99.7,-99.7,-99.7,-99.7,-99.7,-99.7,-99.7,-99.7,-99.7,-99.7,-99.7,976.8,1004.2
202508102157,886,25.0,86.6,22.6,-99.7,-99.7,-99.7,-99.7,-99.7,-99.7,-99.7,-99.7,-99.7,-99.7,-99.7,1003.2,1003.9
202508102157,888,24.5,85.4,21.9,-99.7,-99.7,-99.7,-99.7,-99.7,-99.7,-99.7,-99.7,-99.7,-99.7,-99.7,-99.7,-99.9
202508102157,889,26.8,72.7,21.5,-99.7,-99.7,-99.7,-99.7,-99.7,-99.7,-99.7,-99.7,-99.7,-99.7,-99.7,1001.7,1003.5
202508102157,890,23.0,92.0,21.6,-99.7,-99.7,-99.7,-99.7,-99.7,-99.7,-99.7,-99.7,-99.7,-99.7,-99.7,972.6,1003.6
202508102157,892,24.6,89.7,22.8,-99.7,-99.7,-99.7,-99.7,-99.7,-99.7,-99.7,-99.7,-99.7,-99.7,-99.7,992.6,1004.2
202508102157,893,26.2,75.5,21.5,-99.7,-99.7,-99.7,-99.7,-99.7,-99.7,-99.7,-99.7,-99.7,-99.7,-99.7,1004.2,1004.8
202508102157,898,24.7,83.0,21.6,-99.7,-99.7,-99.7,-99.7,-99.7,-99.7,-99.7,-99.7,-99.7,-99.7,-99.7,1004.7,1004.9
202508102157,899,24.8,86.5,22.4,-99.7,-99.7,-99.7,-99.7,-99.7,-99.7,-99.7,-99.7,-99.7,-99.7,-99.7,1000.7,1004.5
202508102157,900,20.1,97.2,19.6,-99.7,-99.7,-99.7,-99.7,-99.7,-99.7,-99.7,-99.7,-99.7,-99.7,-99.7,990.9,1004.4
202508102157,901,23.8,83.3,20.8,-99.7,-99.7,-99.7,-99.7,-99.7,-99.7,-99.7,-99.7,-99.7,-99.7,-99.7,996.1,1003.8
202508102157,902,24.0,96.8,23.5,-99.7,-99.7,-99.7,-99.7,-99.7,-99.7,-99.7,-99.7,-99.7,-99.7,-99.7,987.8,1003.3
202508102157,903,23.8,98.9,23.6,-99.7,-99.7,-99.7,-99.7,-99.7,-99.7,-99.7,-99.7,-99.7,-99.7,-99.7,1001.9,1003.6
202508102157,904,23.7,92.2,22.4,-99.7,-99.7,-99.7,-99.7,-99.7,-99.7,-99.7,-99.7,-99.7,-99.7,-99.7,1003.3,1003.4
202508102157,905,21.8,92.7,20.6,-99.7,-99.7,-99.7,-99.7,-99.7,-99.7,-99.7,-99.7,-99.7,-99.7,-99.7,995.4,1005.0
202508102157,906,23.7,96.8,23.2,-99.7,-99.7,-99.7,-99.7,-99.7,-99.7,-99.7,-99.7,-99.7,-99.7,-99.7,994.3,1004.5
202508102157,907,23.4,97.8,23.0,-99.7,-99.7,-99.7,-99.7,-99.7,-99.7,-99.7,-99.7,-99.7,-99.7,-99.7,1001.0,1004.4
202508102157,908,22.3,99.7,22.3,-99.7,-99.7,-99.7,-99.7,-99.7,-99.7,-99.7,-99.7,-99.7,-99.7,-99.7,1003.5,1004.9
202508102157,909,23.8,97.5,23.4,-99.7,-99.7,-99.7,-99.7,-99.7,-99.7,-99.7,-99.7,-99.7,-99.7,-99.7,992.7,1005.2
202508102157,910,22.6,88.9,20.7,-99.7,-99.7,-99.7,-99.7,-99.7,-99.7,-99.7,-99.7,-99.7,-99.7,-99.7,987.7,1003.5
202508102157,911,24.1,92.3,22.8,-99.7,-99.7,-99.7,-99.7,-99.7,-99.7,-99.7,-99.7,-99.7,-99.7,-99.7,996.9,1004.8
202508102157,912,24.6,98.1,24.3,-99.7,-99.7,-99.7,-99.7,-99.7,-99.7,-99.7,-99.7,-99.7,-99.7,-99.7,988.6,1004.5
202508102157,913,22.9,97.7,22.5,-99.7,-99.7,-99.7,-99.7,-99.7,-99.7,-99.7,-99.7,-99.7,-99.7,-99.7,1001.5,1003.8
202508102157,914,22.3,99.6,22.2,-99.7,-99.7,-99.7,-99.7,-99.7,-99.7,-99.7,-99.7,-99.7,-99.7,-99.7,964.6,1004.4
202508102157,915,24.2,100.0,24.2,-99.7,-99.7,-99.7,-99.7,-99.7,-99.7,-99.7,-99.7,-99.7,-99.7,-99.7,993.3,1003.0
202508102157,916,24.3,93.4,23.2,-99.7,-99.7,-99.7,-99.7,-99.7,-99.7,-99.7,-99.7,-99.7,-99.7,-99.7,997.5,1003.8
202508102157,917,24.1,94.5,23.2,-99.7,-99.7,-99.7,-99.7,-99.7,-99.7,-99.7,-99.7,-99.7,-99.7,-99.7,1001.9,1004.8
202508102157,918,23.4,97.3,22.9,-99.7,-99.7,-99.7,-99.7,-99.7,-99.7,-99.7,-99.7,-99.7,-99.7,-99.7,1003.9,1004.7
202508102157,919,24.5,93.0,23.3,-99.7,-99.7,-99.7,-99.7,-99.7,-99.7,-99.7,-99.7,-99.7,-99.7,-99.7,1001.6,1005.0
202508102157,920,23.3,94.2,22.3,-99.7,-99.7,-99.7,-99.7,-99.7,-99.7,-99.7,-99.7,-99.7,-99.7,-99.7,1003.4,1004.4
202508102157,921,23.1,91.0,21.6,-99.7,-99.7,-99.7,-99.7,-99.7,-99.7,-99.7,-99.7,-99.7,-99.7,-99.7,995.6,1004.2
202508102157,922,20.1,97.0,19.6,-99.7,-99.7,-99.7,-99.7,-99.7,-99.7,-99.7,-99.7,-99.7,-99.7,-99.7,989.4,1005.3
202508102157,923,23.3,88.2,21.2,-99.7,-99.7,-99.7,-99.7,-99.7,-99.7,-99.7,-99.7,-99.7,-99.7,-99.7,997.2,1004.7
202508102157,924,23.8,84.6,21.1,-99.7,-99.7,-99.7,-99.7,-99.7,-99.7,-99.7,-99.7,-99.7,-99.7,-99.7,1001.8,1004.3
202508102157,925,22.7,94.5,21.8,-99.7,-99.7,-99.7,-99.7,-99.7,-99.7,-99.7,-99.7,-99.7,-99.7,-99.7,1001.9,1002.9
202508102157,926,23.0,99.1,22.9,-99.7,-99.7,-99.7,-99.7,-99.7,-99.7,-99.7,-99.7,-99.7,-99.7,-99.7,1003.5,1005.0
202508102157,927,20.9,95.7,20.2,-99.7,-99.7,-99.7,-99.7,-99.7,-99.7,-99.7,-99.7,-99.7,-99.7,-99.7,990.4,1004.9
202508102157,929,22.5,98.5,22.3,-99.7,-99.7,-99.7,-99.7,-99.7,-99.7,-99.7,-99.7,-99.7,-99.7,-99.7,990.1,1004.9
202508102157,930,23.2,99.9,23.2,-99.7,-99.7,-99.7,-99.7,-99.7,-99.7,-99.7,-99.7,-99.7,-99.7,-99.7,1004.4,1005.2
202508102157,931,22.9,99.9,22.9,-99.7,-99.7,-99.7,-99.7,-99.7,-99.7,-99.7,-99.7,-99.7,-99.7,-99.7,996.4,1005.1
202508102157,932,24.5,95.0,23.6,-99.7,-99.7,-99.7,-99.7,-99.7,-99.7,-99.7,-99.7,-99.7,-99.7,-99.7,1004.2,1004.7
202508102157,933,23.6,97.2,23.1,-99.7,-99.7,-99.7,-99.7,-99.7,-99.7,-99.7,-99.7,-99.7,-99.7,-99.7,1001.0,1004.7
202508102157,934,23.7,97.7,23.3,-99.7,-99.7,-99.7,-99.7,-99.7,-99.7,-99.7,-99.7,-99.7,-99.7,-99.7,994.8,1004.2
202508102157,935,24.2,99.9,24.2,-99.7,-99.7,-99.7,-99.7,-99.7,-99.7,-99.7,-99.7,-99.7,-99.7,-99.7,1001.9,1004.6
202508102157,936,24.2,97.0,23.7,-99.7,-99.7,-99.7,-99.7,-99.7,-99.7,-99.7,-99.7,-99.7,-99.7,-99.7,997.6,1004.6
202508102157,937,22.4,93.9,21.4,-99.7,-99.7,-99.7,-99.7,-99.7,-99.7,-99.7,-99.7,-99.7,-99.7,-99.7,994.1,1003.5
202508102157,938,22.1,93.5,21.0,-99.7,-99.7,-99.7,-99.7,-99.7,-99.7,-99.7,-99.7,-99.7,-99.7,-99.7,991.7,1004.8
202508102157,939,21.6,90.8,20.0,-99.7,-99.7,-99.7,-99.7,-99.7,-99.7,-99.7,-99.7,-99.7,-99.7,-99.7,998.9,1004.6
202508102157,940,22.7,92.0,21.3,-99.7,-99.7,-99.7,-99.7,-99.7,-99.7,-99.7,-99.7,-99.7,-99.7,-99.7,996.2,1004.2
202508102157,941,23.3,89.4,21.5,-99.7,-99.7,-99.7,-99.7,-99.7,-99.7,-99.7,-99.7,-99.7,-99.7,-99.7,1004.3,1005.1
202508102157,942,22.4,86.5,20.0,-99.7,-99.7,-99.7,-99.7,-99.7,-99.7,-99.7,-99.7,-99.7,-99.7,-99.7,990.9,1005.1
202508102157,943,20.5,98.0,20.2,-99.7,-99.7,-99.7,-99.7,-99.7,-99.7,-99.7,-99.7,-99.7,-99.7,-99.7,-99.7,-99.9
202508102157,944,23.5,91.6,22.1,-99.7,-99.7,-99.7,-99.7,-99.7,-99.7,-99.7,-99.7,-99.7,-99.7,-99.7,1003.1,1004.3
202508102157,945,22.1,96.3,21.5,-99.7,-99.7,-99.7,-99.7,-99.7,-99.7,-99.7,-99.7,-99.7,-99.7,-99.7,979.0,1005.3
202508102157,946,23.3,90.0,21.6,-99.7,-99.7,-99.7,-99.7,-99.7,-99.7,-99.7,-99.7,-99.7,-99.7,-99.7,967.9,1004.3
202508102157,947,23.0,91.6,21.6,-99.7,-99.7,-99.7,-99.7,-99.7,-99.7,-99.7,-99.7,-99.7,-99.7,-99.7,1001.2,1004.7
202508102157,948,24.2,99.1,24.0,-99.7,-99.7,-99.7,-99.7,-99.7,-99.7,-99.7,-99.7,-99.7,-99.7,-99.7,988.9,1004.8
202508102157,949,22.9,84.8,20.2,-99.7,-99.7,-99.7,-99.7,-99.7,-99.7,-99.7,-99.7,-99.7,-99.7,-99.7,1004.2,1005.1
202508102157,950,24.2,83.1,21.2,-99.7,-99.7,-99.7,-99.7,-99.7,-99.7,-99.7,-99.7,-99.7,-99.7,-99.7,-99.7,-99.9
202508102157,951,21.6,94.9,20.7,-99.7,-99.7,-99.7,-99.7,-99.7,-99.7,-99.7,-99.7,-99.7,-99.7,-99.7,991.5,1003.6
202508102157,953,21.7,99.7,21.7,-99.7,-99.7,-99.7,-99.7,-99.7,-99.7,-99.7,-99.7,-99.7,-99.7,-99.7,1001.0,1004.6
202508102157,954,24.6,78.9,20.7,-99.7,-99.7,-99.7,-99.7,-99.7,-99.7,-99.7,-99.7,-99.7,-99.7,-99.7,997.9,1004.0
202508102157,955,25.1,86.2,22.6,-99.7,-99.7,-99.7,-99.7,-99.7,-99.7,-99.7,-99.7,-99.7,-99.7,-99.7,1002.8,1004.8
202508102157,956,24.2,91.6,22.7,-99.7,-99.7,-99.7,-99.7,-99.7,-99.7,-99.7,-99.7,-99.7,-99.7,-99.7,1002.1,1003.9
202508102157,957,-99.9,-99.9,-99.9,-99.9,-99.9,-99.9,-99.9,-99.9,-99.9,-99.9,-99.9,-99.9,-99.9,-99.9,-99.9,-99.9
202508102157,958,26.5,78.8,22.5,-99.7,-99.7,-99.7,-99.7,-99.7,-99.7,-99.7,-99.7,-99.7,-99.7,-99.7,1002.4,1004.1
202508102157,959,23.9,84.1,21.1,-99.7,-99.7,-99.7,-99.7,-99.7,-99.7,-99.7,-99.7,-99.7,-99.7,-99.7,1003.4,1004.8
202508102157,960,26.7,82.4,23.5,-99.7,-99.7,-99.7,-99.7,-99.7,-99.7,-99.7,-99.7,-99.7,-99.7,-99.7,1002.7,1004.7
202508102157,961,25.3,90.8,23.7,-99.7,-99.7,-99.7,-99.7,-99.7,-99.7,-99.7,-99.7,-99.7,-99.7,-99.7,1002.0,1005.1
202508102157,963,24.0,85.8,21.5,-99.7,-99.7,-99.7,-99.7,-99.7,-99.7,-99.7,-99.7,-99.7,-99.7,-99.7,1003.3,1005.1
202508102157,964,23.9,84.2,21.1,-99.7,-99.7,-99.7,-99.7,-99.7,-99.7,-99.7,-99.7,-99.7,-99.7,-99.7,999.0,1004.7
202508102157,965,18.4,97.9,18.1,-99.7,-99.7,-99.7,-99.7,-99.7,-99.7,-99.7,-99.7,-99.7,-99.7,-99.7,-99.7,-99.9
202508102157,966,24.4,81.9,21.1,-99.7,-99.7,-99.7,-99.7,-99.7,-99.7,-99.7,-99.7,-99.7,-99.7,-99.7,998.7,1003.0
202508102157,967,24.3,87.1,22.0,-99.7,-99.7,-99.7,-99.7,-99.7,-99.7,-99.7,-99.7,-99.7,-99.7,-99.7,996.2,1004.2
202508102157,970,23.6,88.7,21.6,-99.7,-99.7,-99.7,-99.7,-99.7,-99.7,-99.7,-99.7,-99.7,-99.7,-99.7,983.5,1003.8
202508102157,972,25.5,88.6,23.5,22.6,25.3,28.7,29.1,30.3,29.9,28.9,29.0,-99.7,-99.7,-99.7,995.1,1005.1
202508102157,973,23.7,95.7,23.0,23.3,25.8,26.5,27.3,27.2,25.6,26.4,25.3,-99.7,-99.7,-99.7,999.3,1003.8
202508102157,974,24.3,98.9,24.1,-99.7,25.9,29.1,29.1,28.4,29.3,29.0,29.2,-99.7,-99.7,-99.7,-99.7,-99.9
202508102157,977,24.5,98.3,24.2,23.5,28.1,29.2,29.0,29.0,28.5,28.5,26.4,-99.7,-99.7,-99.7,-99.7,-99.9
202508102157,978,23.7,87.5,21.5,23.7,26.6,29.1,29.2,28.4,27.6,27.0,25.7,-99.7,-99.7,-99.7,-99.7,-99.9
202508102157,980,25.7,86.5,23.3,25.6,27.3,28.8,28.6,28.7,28.2,28.5,28.2,0.0,0.0,0.0,987.9,1003.1
202508102157,984,25.0,75.5,20.4,-99.7,-99.7,-99.7,-99.7,-99.7,-99.7,-99.7,-99.7,-99.7,-99.7,-99.7,1000.5,1004.6
202508102157,989,22.9,90.6,21.3,-99.7,-99.7,-99.7,-99.7,-99.7,-99.7,-99.7,-99.7,-99.7,-99.7,-99.7,992.7,1003.1
202508102157,990,24.3,80.7,20.8,-99.7,-99.7,-99.7,-99.7,-99.7,-99.7,-99.7,-99.7,-99.7,-99.7,-99.7,995.8,1004.6
202508102157,991,23.9,91.8,22.5,-99.7,-99.7,-99.7,-99.7,-99.7,-99.7,-99.7,-99.7,-99.7,-99.7,-99.7,1001.2,1004.3
202508102157,992,23.8,82.0,20.5,-99.7,-99.7,-99.7,-99.7,-99.7,-99.7,-99.7,-99.7,-99.7,-99.7,-99.7,1000.2,1004.3
202508102157,993,22.6,85.3,20.0,-99.7,-99.7,-99.7,-99.7,-99.7,-99.7,-99.7,-99.7,-99.7,-99.7,-99.7,973.0,1004.5
202508102157,994,25.8,84.6,23.0,-99.7,-99.7,-99.7,-99.7,-99.7,-99.7,-99.7,-99.7,-99.7,-99.7,-99.7,1003.6,1003.9
202508102157,995,21.5,96.0,20.8,-99.7,-99.7,-99.7,-99.7,-99.7,-99.7,-99.7,-99.7,-99.7,-99.7,-99.7,994.5,1003.7
202508102157,996,20.1,94.2,19.1,-99.7,-99.7,-99.7,-99.7,-99.7,-99.7,-99.7,-99.7,-99.7,-99.7,-99.7,963.2,1004.0
