TIME,STN,WD1,WS1,WDS,WSS,WD10,WS10,TA,RE,RN-15m,RN-60m,RN-12H,RN-DAY,HM,PA,PS,TD
202508101321,90,26.0,2.9,43.0,3.9,30.8,2.4,27.3,0.0,0.0,0.0,0.0,0.0,65.8,1000.8,1002.8,20.3
202508101321,92,80.0,3.9,90.0,4.8,70.0,3.9,26.9,-99.7,0.0,0.0,0.0,0.0,68.0,995.4,1002.8,20.5
202508101321,93,325.2,1.1,295.5,2.1,303.7,1.2,30.4,0.0,0.0,0.0,0.0,0.0,58.6,990.7,1001.3,21.4
202508101321,95,285.3,1.7,292.7,2.2,297.0,1.5,30.1,0.0,0.0,0.0,0.0,0.0,57.2,984.5,1001.7,20.7
202508101321,96,106.1,0.2,99.3,0.5,135.9,0.2,26.6,0.0,0.0,0.0,0.0,0.0,79.0,991.2,1002.3,22.7
202508101321,98,52.1,0.5,56.2,0.8,31.6,0.9,30.3,0.0,-99.9,-99.9,-99.9,-99.2,60.3,988.4,1001.2,21.8
202508101321,99,69.0,0.3,56.2,0.6,64.7,0.9,29.6,0.0,0.0,0.0,0.0,0.0,62.7,998.8,1002.2,21.7
202508101321,100,112.3,3.4,112.5,4.8,83.3,3.3,24.3,0.0,0.0,0.0,0.0,0.0,67.4,918.9,1002.6,17.9
202508101321,101,281.9,2.7,281.9,2.7,187.0,1.7,30.7,0.0,0.0,0.0,0.0,0.0,48.8,992.1,1000.5,18.7
202508101321,102,340.7,4.8,334.8,6.5,336.2,4.0,25.5,0.0,0.0,0.0,0.0,0.0,78.9,998.3,1002.4,21.6
202508101321,104,35.8,2.7,45.1,2.9,55.2,2.6,28.8,0.0,0.0,0.0,0.0,0.0,65.2,993.0,1001.4,21.6
202508101321,105,94.2,3.2,100.6,4.6,81.2,2.0,30.3,0.0,0.0,0.0,0.0,0.0,52.3,999.5,1002.5,19.5
202508101321,106,30.0,4.2,47.0,5.5,29.2,4.3,27.4,0.0,0.0,0.0,0.0,0.0,66.0,998.2,1002.8,20.5
202508101321,108,53.5,0.9,78.8,1.3,293.0,1.7,30.8,0.0,0.0,0.0,0.0,0.0,58.7,990.6,1000.1,21.8
202508101321,110,320.0,3.8,350.0,5.6,310.0,3.1,31.0,-99.7,0.0,0.0,0.0,0.0,59.0,999.8,1001.8,22.1
202508101321,112,317.9,2.9,324.3,4.5,294.5,3.0,29.8,0.0,0.0,0.0,0.0,0.0,64.0,993.7,1001.4,22.3
202508101321,113,330.0,4.2,350.0,5.8,310.0,4.1,29.5,-99.7,0.0,0.0,0.0,0.0,61.0,1001.6,1002.4,21.2
202508101321,114,241.5,2.4,255.9,2.9,255.8,1.7,30.4,0.0,0.0,0.0,0.0,0.0,47.0,983.3,999.8,17.8
202508101321,115,82.7,2.0,86.4,2.9,69.4,3.0,27.7,0.0,0.0,0.0,0.0,0.0,75.6,977.3,1001.8,23.0
202508101321,116,345.0,0.4,23.0,1.1,327.5,0.7,25.6,0.0,0.0,0.0,0.0,0.0,60.5,933.3,1001.3,17.4
202508101321,119,316.2,1.4,288.5,3.1,263.9,2.0,31.0,0.0,0.0,0.0,0.0,0.0,47.9,996.5,1000.9,18.7
202508101321,121,204.6,1.6,184.2,2.8,175.1,2.0,31.3,0.0,0.0,0.0,0.0,0.0,46.4,974.1,1000.4,18.5
202508101321,127,152.0,0.8,106.9,1.4,103.4,1.1,30.0,0.0,0.0,0.0,0.0,0.0,48.1,987.5,1000.2,17.8
202508101321,129,329.8,1.3,323.1,2.6,305.5,2.5,29.9,0.0,0.0,0.0,0.0,0.0,50.9,999.3,1002.1,18.7
202508101321,130,70.2,3.6,61.2,4.2,74.4,2.3,28.5,0.0,0.0,0.0,0.0,0.0,66.6,997.1,1002.6,21.7
202508101321,131,126.1,1.5,78.8,1.9,117.2,1.7,30.2,0.0,0.0,0.0,0.0,0.0,49.3,994.3,1000.8,18.4
202508101321,133,49.2,2.7,26.1,3.2,43.6,1.4,30.1,0.0,0.0,0.0,0.0,0.0,55.2,993.8,1001.3,20.1
202508101321,135,132.0,1.8,115.4,2.4,128.1,2.6,27.5,0.0,0.0,0.0,2.5,2.5,63.5,973.8,1000.9,20.0
202508101321,136,138.1,3.1,129.3,4.7,128.8,2.3,29.6,0.0,0.0,0.0,0.0,0.0,55.3,986.3,1001.9,19.7
202508101321,137,94.9,0.7,123.8,1.3,48.1,0.9,29.0,0.0,0.0,0.0,0.0,0.0,60.4,989.7,1000.4,20.6
202508101321,138,66.0,3.6,60.1,4.2,57.0,3.1,26.9,0.0,0.0,0.0,5.6,5.6,71.2,1001.2,1001.6,21.2
202508101321,140,131.8,1.8,319.9,2.9,319.9,1.8,29.7,0.0,0.0,0.0,0.1,0.8,50.9,999.1,1002.2,18.5
202508101321,143,116.1,2.4,115.8,4.1,111.5,2.8,28.7,0.0,0.0,0.0,13.9,13.9,60.7,994.3,1000.4,20.4
202508101321,146,329.7,1.8,232.6,2.8,296.7,2.4,30.8,0.0,0.0,0.0,14.6,18.2,59.3,994.3,1001.0,22.0
202508101321,151,60.0,2.3,60.0,3.6,60.0,2.7,27.0,-99.7,0.0,0.0,34.0,34.0,69.0,1000.7,1001.6,20.8
202508101321,152,32.4,2.6,81.0,2.8,83.7,2.0,26.1,0.0,0.0,0.0,32.0,32.0,65.8,991.5,1000.6,19.2
202508101321,155,311.0,0.5,121.0,0.7,351.1,0.9,25.0,0.0,0.0,0.0,37.6,39.6,86.7,997.6,1001.6,22.6
202508101321,156,232.4,1.2,208.7,1.7,158.1,0.8,29.4,0.0,0.0,0.0,31.3,33.8,74.4,993.3,1001.1,24.4
202508101321,159,42.3,2.9,38.2,4.7,51.9,2.5,23.8,0.0,0.1,0.8,38.8,39.3,92.0,993.0,1000.9,22.4
202508101321,160,5.0,2.6,19.7,2.9,11.9,2.9,20.0,1.0,0.0,1.0,40.0,40.5,99.9,-99.7,-99.9,20.0
202508101321,162,44.6,4.1,39.9,6.6,38.7,4.4,24.3,0.0,0.1,2.3,72.9,80.3,94.5,997.5,1001.0,23.4
202508101321,163,330.0,5.4,360.0,7.7,330.0,5.3,27.8,-99.7,0.0,0.0,16.5,18.9,75.0,1000.4,1001.6,23.0
202508101321,165,334.9,3.7,337.7,5.9,27.6,4.0,28.2,0.0,0.0,0.0,34.5,39.1,82.2,996.4,1001.4,24.9
202508101321,167,140.0,0.8,190.0,1.7,120.0,0.9,24.5,-99.7,0.0,0.5,65.5,69.0,92.0,1000.9,1001.9,23.1
202508101321,168,82.0,3.9,90.8,4.8,80.3,3.5,23.1,0.0,0.0,0.4,49.6,53.7,93.6,994.2,1001.7,22.0
202508101321,169,349.0,7.6,358.0,9.8,348.6,7.7,28.5,0.0,0.0,0.0,115.6,117.0,75.9,993.7,1002.1,23.8
202508101321,170,66.0,2.0,114.0,3.0,44.5,1.2,28.1,0.0,0.0,0.0,88.9,101.2,82.2,997.4,1001.4,24.8
202508101321,172,347.1,3.4,350.6,4.2,7.1,3.0,30.2,0.0,0.0,0.0,7.4,12.2,66.5,995.1,1000.9,23.3
202508101321,174,167.2,1.5,169.0,1.9,164.2,1.7,25.7,0.0,0.0,0.0,50.3,51.0,85.6,981.6,1000.1,23.1
202508101321,175,323.5,3.0,320.8,4.3,329.7,2.4,23.9,0.0,0.0,0.0,33.0,50.0,99.9,949.3,1002.2,23.9
202508101321,177,68.7,3.3,72.3,3.6,76.7,2.7,30.0,0.0,0.0,0.0,0.0,0.0,58.6,997.6,1000.7,21.0
202508101321,181,39.2,2.2,28.4,2.8,31.0,1.6,29.7,0.0,0.0,0.0,0.0,0.0,51.7,997.8,1001.5,18.7
202508101321,182,310.0,4.4,350.0,6.6,290.0,5.5,27.3,-99.7,0.0,0.0,0.3,1.1,89.0,999.5,1002.2,25.3
202508101321,184,314.0,5.3,325.7,6.7,314.3,4.9,29.3,0.0,0.0,0.0,0.0,0.7,73.6,999.3,1001.6,24.1
202508101321,185,259.6,7.2,258.8,8.0,262.5,7.6,28.0,0.0,0.0,0.0,6.4,6.6,95.0,994.3,1002.3,27.1
202508101321,188,243.4,2.9,264.9,3.1,231.9,3.8,28.7,0.0,0.1,0.3,28.8,30.9,94.0,999.8,1002.1,27.6
202508101321,189,234.0,3.4,270.0,5.8,231.2,3.4,27.9,0.0,0.0,0.0,15.1,15.9,93.7,996.6,1002.4,26.8
202508101321,192,125.4,1.7,135.1,2.9,119.2,1.2,24.7,0.0,0.0,0.0,32.1,35.7,81.7,998.2,1001.5,21.4
202508101321,201,110.1,2.0,121.0,3.4,60.9,1.6,29.1,0.0,0.0,0.0,0.0,0.0,61.4,997.2,1002.5,20.9
202508101321,202,234.8,1.3,222.3,1.9,216.0,1.7,29.4,0.0,0.0,0.0,0.0,0.0,55.4,996.5,1001.8,19.5
202508101321,203,90.5,1.2,39.4,2.8,157.0,1.1,30.7,0.0,0.0,0.0,0.0,0.0,54.0,993.4,1002.3,20.3
202508101321,211,127.6,1.4,98.5,1.7,134.7,1.0,29.9,0.0,0.0,0.0,0.0,0.0,50.3,978.3,1000.5,18.5
202508101321,212,305.0,0.4,343.3,0.8,328.6,1.4,30.4,0.0,0.0,0.0,0.0,0.0,50.0,985.9,1001.4,18.8
202508101321,216,55.0,2.6,112.0,4.6,49.5,3.3,26.8,0.0,0.0,0.0,0.0,0.0,49.6,923.6,1000.5,15.4
202508101321,217,228.0,2.5,251.1,3.2,323.7,3.2,32.1,0.0,0.0,0.0,0.0,0.0,42.0,966.0,999.8,17.6
202508101321,221,168.5,1.6,177.3,2.1,166.8,1.5,28.9,0.0,0.0,0.0,0.0,0.0,52.3,971.6,1000.7,18.2
202508101321,226,158.0,2.3,157.6,2.7,160.9,1.2,28.2,0.0,0.0,0.0,0.0,0.0,60.3,982.1,1001.1,19.8
202508101321,229,171.3,3.1,5.6,5.3,132.0,4.3,25.5,-99.2,0.0,0.0,0.0,0.0,84.5,990.3,1002.1,22.7
202508101321,230,291.7,1.9,312.6,3.2,311.8,2.3,27.1,0.0,0.0,0.0,0.0,0.0,71.3,1001.9,1003.3,21.5
202508101321,232,124.6,1.7,129.3,2.6,126.7,1.9,29.5,0.0,0.0,0.0,0.0,0.0,50.6,992.4,1001.8,18.2
202508101321,235,343.0,3.3,3.0,5.4,347.2,3.0,30.9,0.0,0.0,0.0,0.0,0.0,50.7,1000.0,1001.1,19.5
202508101321,236,83.0,1.0,87.1,1.4,69.8,0.8,30.6,0.0,0.0,0.0,0.0,0.0,50.8,1000.2,1001.7,19.3
202508101321,238,31.1,2.3,67.5,3.1,13.3,2.6,29.8,0.0,0.0,0.0,2.5,2.5,54.4,981.6,1000.7,19.6
202508101321,239,95.0,1.6,125.9,2.1,106.8,1.1,29.7,0.0,0.0,0.0,0.0,0.0,50.4,990.9,1000.8,18.3
202508101321,243,332.1,2.0,318.0,3.8,314.9,2.3,29.9,0.0,0.0,0.0,9.1,20.4,60.5,1000.3,1001.7,21.4
202508101321,244,53.3,2.5,84.4,4.3,22.8,1.4,30.1,0.0,0.0,0.0,17.7,31.8,59.0,972.8,999.9,21.2
202508101321,245,321.0,2.5,344.0,3.9,352.6,2.5,30.5,0.0,0.0,0.0,18.1,30.7,64.7,993.6,1001.2,23.1
202508101321,247,92.0,1.2,64.6,1.7,70.3,1.4,30.5,0.0,0.0,0.0,20.7,30.4,67.7,986.0,1000.7,23.9
202508101321,248,25.7,1.4,0.0,2.1,347.6,1.3,29.3,0.0,0.0,0.0,19.9,29.6,65.5,955.7,1000.0,22.2
202508101321,251,318.6,2.5,267.3,3.3,351.6,2.8,29.7,0.0,0.0,0.0,9.4,23.7,64.7,994.2,1000.7,22.4
202508101321,252,336.3,2.4,357.2,4.9,323.0,2.9,28.8,0.0,0.0,0.0,13.2,22.9,67.2,997.1,1001.3,22.1
202508101321,253,231.5,1.2,225.1,1.8,243.0,1.0,25.1,0.0,0.0,0.2,39.9,40.4,99.4,995.8,1002.0,25.0
202508101321,254,330.3,1.6,342.5,2.0,1.6,1.5,29.6,0.0,0.0,0.0,19.5,34.7,65.0,986.2,1000.5,22.3
202508101321,255,88.7,0.3,89.1,0.9,46.8,0.7,25.8,0.0,0.0,0.0,33.9,34.3,81.0,996.1,1001.9,22.3
202508101321,257,74.0,2.4,64.9,3.8,70.1,2.4,26.7,0.0,0.0,0.1,42.2,42.2,82.0,999.5,1000.2,23.4
202508101321,258,75.4,0.1,122.1,0.7,145.1,0.7,26.2,0.0,0.0,0.0,65.8,66.3,90.3,1001.6,1001.8,24.5
202508101321,259,0.5,1.4,150.1,2.0,343.7,1.5,27.3,0.0,0.0,0.0,89.7,106.9,83.8,999.4,1001.2,24.3
202508101321,260,312.6,0.8,344.0,0.9,317.2,0.9,26.6,0.0,0.0,0.0,83.0,93.0,86.0,996.0,1001.0,24.1
202508101321,261,110.0,0.2,129.7,0.6,82.5,0.5,27.7,0.0,0.0,0.0,31.3,64.5,80.8,999.7,1001.5,24.1
202508101321,262,47.0,2.4,66.0,3.1,36.5,2.3,25.3,0.0,0.0,0.0,68.2,70.6,89.6,995.4,1001.3,23.5
202508101321,263,141.8,1.9,169.9,2.7,140.6,2.1,26.2,0.0,0.0,0.0,28.5,28.7,80.2,999.4,1001.0,22.5
202508101321,264,220.9,1.9,224.6,2.3,274.9,2.7,28.8,0.0,0.0,0.0,38.4,46.9,70.9,983.8,1000.7,23.0
202508101321,266,84.1,0.9,68.0,2.1,93.6,1.6,25.4,0.0,0.0,0.0,49.3,50.0,87.5,992.0,1002.0,23.2
202508101321,268,0.3,3.1,207.9,4.4,10.7,3.5,27.8,0.0,0.0,0.0,29.9,57.6,77.8,999.6,1000.7,23.6
202508101321,269,315.3,3.7,350.2,5.1,309.9,2.5,27.6,0.0,0.0,0.0,0.7,11.5,71.8,999.2,1002.3,22.1
202508101321,271,189.1,1.9,146.3,2.6,172.1,2.3,29.3,0.0,0.0,0.0,0.0,0.0,50.9,965.3,1000.8,18.1
202508101321,272,123.7,1.8,140.6,2.4,139.1,1.7,28.5,0.0,0.0,0.0,0.0,0.0,50.9,977.7,1001.1,17.4
202508101321,273,101.6,1.8,67.5,2.8,138.4,2.0,29.2,0.0,0.0,0.0,0.0,0.0,58.1,981.6,1000.7,20.1
202508101321,276,123.0,2.5,139.8,3.4,141.2,2.6,29.8,0.0,0.0,0.0,0.2,0.2,66.4,977.4,1000.4,22.9
202508101321,277,106.7,4.3,98.5,5.3,97.9,3.4,26.2,0.0,0.0,0.0,0.0,0.0,68.8,997.5,1002.1,20.0
202508101321,278,209.8,0.7,219.5,1.4,247.7,1.3,30.5,0.0,0.0,0.0,1.0,1.0,56.9,990.9,999.9,21.0
202508101321,279,31.5,1.8,262.4,2.6,292.7,1.5,29.7,0.0,0.0,0.0,7.3,7.3,59.1,994.8,1000.3,20.9
202508101321,281,71.4,3.5,61.9,5.1,93.0,3.0,29.0,0.0,0.0,0.0,10.8,10.8,58.2,990.6,1001.3,20.0
202508101321,283,139.5,1.8,133.9,2.3,133.3,1.5,27.8,0.0,0.0,0.0,16.2,16.2,67.1,997.2,1001.7,21.1
202508101321,284,284.7,0.1,279.6,2.4,340.9,1.4,29.3,0.0,0.0,0.0,27.4,27.8,64.5,974.5,999.6,21.9
202508101321,285,45.3,0.9,56.2,1.6,132.7,1.1,29.1,0.0,0.0,0.0,41.7,41.9,66.1,998.1,1001.1,22.1
202508101321,288,185.5,2.1,184.0,2.4,186.8,1.6,28.0,0.0,0.0,0.0,25.3,25.3,76.3,998.9,999.8,23.4
202508101321,289,240.6,1.3,250.5,1.9,239.6,1.2,29.1,0.0,0.0,0.0,27.6,34.2,74.2,986.3,1001.6,24.0
202508101321,294,223.1,0.0,230.0,0.3,137.8,0.4,23.2,0.0,0.0,4.0,79.7,92.9,97.4,997.0,1002.1,22.8
202508101321,295,319.6,0.7,315.0,1.3,334.5,1.1,23.6,0.0,0.0,0.4,71.0,73.9,95.6,996.8,1002.0,22.9
202508101321,296,347.9,1.9,20.1,2.2,47.3,2.0,25.6,0.0,0.0,0.4,33.4,34.0,88.4,1000.4,1000.7,23.5
202508101321,300,88.3,5.0,122.2,6.5,88.6,5.5,28.6,0.0,0.0,0.0,0.0,2.5,74.2,996.5,1001.4,23.6
202508101321,301,342.0,3.0,342.0,5.1,347.4,3.1,26.9,0.0,0.0,0.0,13.0,19.0,68.2,1000.3,1001.3,20.5
202508101321,302,34.0,3.4,44.0,5.3,23.4,3.3,27.7,0.0,0.0,0.0,43.5,59.0,78.7,1001.1,1001.8,23.7
202508101321,303,323.8,8.3,342.7,9.6,313.0,6.8,27.1,0.0,0.0,0.0,9.5,10.5,79.0,990.3,1002.2,23.1
202508101321,304,23.0,2.3,19.0,3.2,43.0,2.7,26.9,0.0,0.0,0.0,49.0,56.5,87.4,998.8,1001.7,24.6
202508101321,305,-99.9,-99.9,-99.9,-99.9,-99.9,-99.9,-99.9,-99.9,-99.9,-99.9,-99.9,-99.9,-99.9,-99.9,-99.9,-99.9
202508101321,306,69.8,4.1,82.5,5.5,68.4,3.9,23.4,0.0,0.0,0.0,85.0,86.5,94.2,1000.7,1001.0,22.4
202508101321,308,320.8,6.3,321.7,6.9,322.2,6.5,27.0,0.0,0.0,0.0,45.0,55.5,86.2,999.7,1000.6,24.5
202508101321,309,106.3,1.1,109.8,1.5,43.7,1.1,32.2,0.0,0.0,0.0,0.0,0.0,51.9,999.3,1002.1,21.1
202508101321,310,53.6,2.0,69.6,3.2,70.6,2.1,28.1,0.0,0.0,0.0,0.0,0.0,70.4,999.9,1001.5,22.2
202508101321,311,31.0,1.0,141.0,2.3,317.2,1.1,24.7,0.0,0.0,0.0,18.5,18.5,78.0,935.7,1001.9,20.6
202508101321,312,53.9,2.0,40.5,3.4,56.3,2.3,28.0,0.0,-99.9,-99.9,-99.9,-99.2,54.1,971.9,1000.8,17.9
202508101321,313,304.0,1.1,340.0,1.7,291.5,1.2,22.9,1.0,0.0,4.0,73.5,81.5,97.9,993.4,1001.4,22.6
202508101321,314,34.8,0.7,11.7,1.2,32.2,0.6,19.4,0.0,-99.9,-99.9,-99.9,-99.2,92.3,841.1,999.9,18.1
202508101321,315,44.0,1.4,98.0,2.2,72.6,1.5,24.6,0.0,0.0,0.0,15.5,32.0,77.3,884.3,999.4,20.4
202508101321,316,20.0,0.7,50.0,1.9,21.2,0.9,23.0,0.0,0.0,0.0,31.0,32.5,91.9,902.9,1001.1,21.6
202508101321,317,313.1,2.1,324.2,3.8,347.4,2.1,30.2,0.0,0.0,0.0,10.5,13.5,60.6,988.3,1000.0,21.7
202508101321,318,52.7,1.4,96.1,3.8,28.7,1.6,23.2,0.0,0.0,0.0,0.0,0.0,69.1,909.5,1001.7,17.2
202508101321,319,263.4,1.1,253.1,1.3,273.3,1.3,29.4,0.0,0.0,0.0,0.0,0.0,68.1,996.3,1002.8,22.9
202508101321,320,121.8,3.0,135.1,3.6,134.9,3.1,20.2,0.0,0.0,0.0,0.0,0.0,82.3,867.4,1002.0,17.1
202508101321,321,71.8,2.6,72.4,4.5,62.7,1.8,29.4,0.0,0.0,0.0,0.0,0.0,58.9,973.0,1000.9,20.5
202508101321,322,288.2,2.5,276.6,4.1,256.2,1.7,28.4,0.0,0.0,0.0,0.0,0.0,58.0,953.7,1001.4,19.4
202508101321,323,117.9,1.5,114.3,1.9,63.3,1.6,30.1,0.0,0.0,0.0,0.0,0.0,49.4,971.4,1001.7,18.4
202508101321,324,282.7,1.6,296.5,2.0,295.6,1.2,29.9,0.0,0.0,0.0,0.0,0.0,51.3,982.8,1000.0,18.8
202508101321,325,207.0,1.9,230.0,3.1,240.8,1.2,30.8,0.0,0.0,0.0,0.0,0.0,47.6,975.5,1000.8,18.4
202508101321,326,56.2,1.5,67.1,2.1,99.6,1.1,30.6,0.0,0.0,0.0,0.0,0.0,51.4,979.3,1000.3,19.5
202508101321,327,53.6,0.9,25.0,1.9,23.1,0.8,29.4,0.0,0.0,0.0,0.0,0.0,52.2,989.7,1000.5,18.6
202508101321,328,228.3,3.6,212.0,5.0,249.0,4.1,28.3,0.0,0.0,0.0,10.0,11.0,89.5,995.4,1002.2,26.4
202508101321,329,271.4,5.5,266.9,7.9,270.4,4.4,27.3,0.0,0.0,0.0,3.5,5.0,84.2,960.4,1001.9,24.4
202508101321,330,256.4,4.3,222.4,5.5,248.0,4.3,28.8,0.0,0.0,0.0,0.0,1.5,83.8,985.8,1001.8,25.8
202508101321,331,244.6,5.1,237.7,6.2,251.4,5.2,24.8,0.0,0.0,0.0,29.5,30.0,100.0,953.6,1001.2,24.8
202508101321,332,83.8,3.2,78.0,4.4,16.5,2.4,29.5,0.0,0.0,0.0,0.0,0.0,61.2,-99.7,-99.9,21.3
202508101321,333,49.9,2.9,50.1,4.0,55.7,2.7,29.2,0.0,0.0,0.0,0.0,0.0,59.4,993.5,1001.8,20.5
202508101321,334,53.6,2.0,37.7,2.7,54.6,2.6,27.6,0.0,0.0,0.0,0.0,0.0,69.1,999.8,1002.5,21.4
202508101321,335,192.1,1.0,205.6,1.6,286.6,1.0,30.2,0.0,0.0,0.0,0.0,0.0,49.6,957.9,1002.1,18.5
202508101321,336,196.7,1.5,184.7,3.4,209.6,1.8,32.0,0.0,0.0,0.0,0.0,0.0,50.5,978.9,1002.0,20.5
202508101321,337,268.5,1.0,281.3,2.3,279.0,1.7,29.7,0.0,0.0,0.0,0.0,0.0,54.4,979.7,1002.0,19.5
202508101321,338,328.6,0.7,328.7,1.5,343.5,0.9,30.8,0.0,0.0,0.0,0.0,0.0,53.7,949.2,1001.7,20.3
202508101321,339,118.7,1.0,120.9,1.7,147.3,0.7,31.7,0.0,0.0,0.0,0.0,0.0,54.5,974.2,1001.7,21.4
202508101321,340,302.0,2.1,311.1,2.6,256.1,1.0,32.1,0.0,0.0,0.0,0.0,0.0,53.0,987.0,1002.1,21.3
202508101321,344,281.0,2.0,299.0,3.0,269.3,1.6,29.8,0.0,0.0,0.0,0.0,0.0,57.8,988.2,1001.1,20.6
202508101321,345,326.5,3.0,334.4,3.8,325.9,2.5,31.1,0.0,0.0,0.0,0.0,0.0,46.8,988.0,1000.0,18.4
202508101321,346,86.5,3.7,87.3,4.8,87.5,4.0,29.8,0.0,0.0,0.0,0.0,0.0,53.1,995.9,1001.8,19.2
202508101321,347,49.6,0.7,28.0,1.2,322.1,2.1,28.7,0.0,0.0,0.0,0.0,0.0,57.0,984.1,1001.0,19.4
202508101321,348,29.5,2.0,36.6,3.1,37.7,2.2,28.9,0.0,0.0,0.0,0.0,0.0,69.0,-99.7,-99.9,22.6
202508101321,349,288.7,2.2,288.2,2.8,285.2,2.4,29.2,-99.2,0.0,0.0,0.0,0.0,56.2,969.4,999.6,19.6
202508101321,350,74.8,1.1,56.3,1.2,69.7,1.2,24.6,0.0,0.0,0.0,0.0,0.0,59.6,935.8,1002.2,16.2
202508101321,351,326.0,0.3,-99.2,-99.2,-99.9,-99.9,31.4,0.0,0.0,0.0,0.0,0.0,-99.7,-99.7,-99.9,-99.9
202508101321,352,333.0,0.4,-99.2,-99.2,298.4,1.2,31.5,-99.2,0.0,0.0,0.0,0.0,-99.2,-99.7,-99.9,-99.9
202508101321,355,301.6,2.7,99.8,6.7,299.0,1.9,32.2,0.0,0.0,0.0,0.0,0.0,45.0,500.0,-99.9,18.8
202508101321,356,277.0,-99.2,5.6,5.1,-99.9,-99.9,31.8,0.0,0.0,0.0,0.0,0.0,45.0,500.3,-99.9,18.4
202508101321,358,-99.2,-99.2,250.3,5.5,-99.9,-99.9,29.2,0.0,0.0,0.0,0.0,0.0,61.3,500.2,-99.9,21.0
202508101321,359,67.8,0.0,62.2,0.5,0.0,0.0,30.1,0.0,0.0,0.0,0.0,0.0,47.8,500.0,-99.9,17.8
202508101321,360,351.9,1.3,101.2,5.5,282.4,1.4,31.2,0.0,0.0,0.0,0.0,0.0,50.8,500.0,-99.9,19.8
202508101321,361,84.0,0.0,311.1,3.3,0.0,0.0,31.6,0.0,0.0,0.0,0.0,0.0,55.2,500.0,-99.9,21.5
202508101321,364,32.3,0.2,316.7,5.2,322.0,1.3,30.8,0.0,0.0,0.0,0.0,0.0,42.9,500.0,-99.9,16.8
202508101321,365,292.5,0.4,292.5,-99.2,298.2,2.0,26.4,-99.2,0.0,0.0,0.0,0.0,-99.2,-99.7,-99.9,-99.9
202508101321,366,131.7,0.6,45.5,4.6,114.3,0.6,30.2,0.0,0.0,0.0,0.0,0.0,51.4,500.0,-99.9,19.1
202508101321,367,130.0,0.9,247.2,6.7,235.2,2.4,32.1,0.0,0.0,0.0,0.0,0.0,47.7,500.0,-99.9,19.6
202508101321,368,0.0,0.0,-99.2,-99.2,0.0,0.0,30.0,-99.2,0.0,0.0,0.0,0.0,47.0,-99.7,-99.9,17.5
202508101321,369,263.3,0.9,298.1,4.6,229.0,1.6,31.5,0.0,0.0,0.0,0.0,0.0,51.5,500.0,-99.9,20.3
202508101321,370,-99.9,-99.9,-99.9,-99.9,-99.9,-99.9,-99.9,-99.9,-99.9,-99.9,-99.9,-99.2,-99.9,-99.9,-99.9,-99.9
202508101321,371,333.7,1.8,7.0,5.0,246.6,1.6,30.8,0.0,0.0,0.0,0.0,0.0,48.8,500.0,-99.9,18.8
202508101321,372,3.0,2.1,27.0,3.2,358.7,0.8,32.5,-99.2,0.0,0.0,0.0,0.0,53.1,-99.7,-99.9,21.7
202508101321,373,-99.2,0.9,-99.2,0.9,-99.9,0.7,32.3,-99.2,0.0,0.0,0.0,0.0,48.9,-99.7,-99.9,20.2
202508101321,374,275.2,0.0,36.9,5.3,263.4,0.9,30.0,-99.2,0.0,0.0,0.0,0.0,56.8,500.0,-99.9,20.5
202508101321,375,35.0,1.9,75.0,3.0,328.4,0.8,32.0,-99.2,0.0,0.0,0.0,0.0,53.4,-99.7,-99.9,21.4
202508101321,376,17.0,1.8,334.1,2.7,320.2,2.2,30.0,0.0,0.0,0.0,0.0,0.0,53.8,993.7,1001.3,19.6
202508101321,377,253.6,1.7,246.6,3.3,244.1,2.0,30.9,0.0,0.0,0.0,0.0,0.0,52.6,998.1,1001.2,20.1
202508101321,378,45.0,1.3,214.0,2.8,65.4,1.1,31.1,0.0,0.0,0.0,0.0,0.0,47.3,993.2,1001.1,18.6
202508101321,379,327.9,4.5,311.0,6.0,25.8,2.6,28.5,0.0,0.0,0.0,38.0,46.5,70.0,967.8,999.9,22.5
202508101321,400,10.5,1.9,19.7,2.5,60.7,1.2,32.1,0.0,0.0,0.0,0.0,0.0,42.2,-99.7,-99.9,17.7
202508101321,401,268.3,2.0,277.2,2.8,47.3,2.2,32.0,0.0,0.0,0.0,0.0,0.0,42.6,996.5,1000.2,17.7
202508101321,402,66.0,2.8,69.9,3.6,70.2,1.8,30.8,0.0,0.0,0.0,0.0,0.0,45.9,994.4,1000.5,17.8
202508101321,403,11.0,2.2,7.0,3.3,309.3,1.7,31.9,0.0,0.0,0.0,0.0,0.0,42.7,995.4,1001.4,17.7
202508101321,404,333.0,1.0,55.0,2.0,20.1,0.9,30.8,0.0,0.0,0.0,0.0,0.0,56.2,1000.6,1001.6,21.1
202508101321,405,9.1,0.5,29.1,0.9,348.6,2.1,29.8,0.0,0.0,0.0,0.0,0.0,50.5,998.6,1001.1,18.4
202508101321,406,135.0,0.7,158.0,1.4,57.4,1.1,29.9,0.0,0.0,0.0,0.0,0.0,55.8,995.3,1001.6,20.1
202508101321,407,21.0,1.6,66.0,2.7,78.1,1.2,30.9,0.0,0.0,0.0,0.0,0.0,53.3,999.0,1001.8,20.3
202508101321,408,99.0,0.9,92.0,1.5,99.0,1.5,31.2,0.0,0.0,0.0,0.0,0.0,50.6,995.9,1001.9,19.8
202508101321,409,69.8,2.9,62.2,4.1,47.7,2.2,31.0,0.0,0.0,0.0,0.0,0.0,45.0,996.1,1000.4,17.7
202508101321,410,17.4,3.8,2.7,4.3,36.0,2.5,31.2,0.0,0.0,0.0,0.0,0.0,45.8,996.4,1001.0,18.2
202508101321,411,279.1,2.4,334.8,3.1,287.4,1.9,30.1,0.0,0.0,0.0,0.0,0.0,58.3,989.6,1000.8,21.0
202508101321,412,311.2,2.3,286.7,3.4,341.2,1.2,29.8,0.0,0.0,0.0,0.0,0.0,61.7,990.3,1001.7,21.7
202508101321,413,257.0,1.2,289.0,1.9,323.1,1.3,31.5,0.0,0.0,0.0,0.0,0.0,42.8,998.1,1001.4,17.4
202508101321,414,183.7,0.7,249.7,1.2,84.6,1.3,30.6,0.0,0.0,0.0,0.0,0.0,46.4,986.7,1000.9,17.8
202508101321,415,207.3,1.7,330.6,2.9,216.8,1.8,31.0,0.0,0.0,0.0,0.0,0.0,51.1,997.8,1001.3,19.7
202508101321,416,301.3,1.5,292.2,2.0,26.7,1.9,30.4,0.0,0.0,0.0,0.0,0.0,51.8,994.3,1000.4,19.4
202508101321,417,301.5,2.3,288.6,3.4,78.2,2.2,31.1,0.0,0.0,0.0,0.0,0.0,45.6,996.4,1001.4,18.0
202508101321,418,349.3,3.3,334.7,3.7,333.1,1.8,30.9,0.0,0.0,0.0,0.0,0.0,52.8,-99.7,-99.9,20.2
202508101321,419,44.7,0.6,59.0,1.3,54.5,0.7,30.2,0.0,0.0,0.0,0.0,0.0,52.1,971.8,1001.1,19.3
202508101321,421,144.6,1.8,135.1,3.3,118.2,1.2,31.5,0.0,0.0,0.0,0.0,0.0,41.0,997.0,1000.8,16.7
202508101321,423,100.0,0.6,214.0,1.1,341.5,1.8,31.6,0.0,0.0,0.0,0.0,0.0,51.4,995.5,1001.7,20.4
202508101321,424,93.1,1.9,148.4,2.6,1.1,1.6,31.1,0.0,0.0,0.0,0.0,0.0,47.4,993.3,1001.0,18.6
202508101321,425,147.0,1.3,155.2,2.0,191.6,1.2,30.6,0.0,0.0,0.0,0.0,0.0,50.9,988.4,1000.9,19.3
202508101321,426,303.8,3.4,296.5,4.8,296.1,3.2,26.2,0.0,0.0,0.0,0.0,0.0,85.7,986.5,1003.0,23.6
202508101321,427,354.7,0.6,28.7,1.7,18.1,1.9,30.1,0.0,0.0,0.0,0.0,0.0,62.5,1000.4,1001.4,22.2
202508101321,428,326.9,0.7,329.1,3.5,350.8,1.9,31.5,0.0,0.0,0.0,0.0,0.0,53.2,-99.7,-99.9,20.8
202508101321,430,297.0,0.5,0.8,5.8,348.7,1.6,31.1,0.0,0.0,0.0,0.0,0.0,44.8,500.0,-99.9,17.7
202508101321,431,327.2,1.6,335.6,1.9,279.1,1.0,30.3,-99.2,0.0,0.0,0.0,0.0,49.4,-99.7,-99.9,18.5
202508101321,432,313.3,1.9,338.4,3.0,296.7,1.4,32.1,-99.2,0.0,0.0,0.0,0.0,-99.2,-99.7,-99.9,-99.9
202508101321,433,60.2,1.1,81.8,2.6,265.4,1.3,31.2,-99.2,0.0,0.0,0.0,0.0,50.3,-99.7,-99.9,19.7
202508101321,434,273.1,0.7,324.3,1.2,113.5,2.0,31.3,-99.2,0.0,0.0,0.0,0.0,-99.2,-99.7,-99.9,-99.9
202508101321,435,330.9,2.3,332.8,3.0,332.6,1.8,29.6,-99.2,0.0,0.0,0.0,0.0,44.2,-99.7,-99.9,16.1
202508101321,436,246.0,0.6,265.1,1.6,275.8,0.1,31.4,0.0,0.0,0.0,0.0,0.0,46.3,-99.7,-99.9,18.5
202508101321,437,339.0,2.6,338.4,4.6,347.2,2.4,31.8,0.0,0.0,0.0,0.0,0.0,48.5,-99.7,-99.9,19.6
202508101321,438,12.9,0.7,59.2,1.2,348.6,1.1,31.4,-99.2,0.0,0.0,0.0,0.0,45.5,-99.7,-99.9,18.2
202508101321,439,281.1,1.9,321.5,2.2,281.9,1.9,32.5,0.0,0.0,0.0,0.0,0.0,41.4,-99.7,-99.9,17.7
202508101321,440,226.8,2.1,109.5,4.5,233.2,1.5,31.3,-99.2,0.0,0.0,0.0,0.0,-99.2,500.0,-99.9,-99.9
202508101321,441,244.3,0.3,-99.2,-99.2,260.7,1.2,30.4,0.0,0.0,0.0,0.0,0.0,60.6,500.0,-99.9,21.9
202508101321,442,-99.9,-99.9,-99.9,-99.2,-99.9,-99.9,-99.9,-99.9,-99.9,-99.9,-99.9,-99.2,-99.9,-99.9,-99.9,-99.9
202508101321,443,33.2,1.3,45.1,1.9,8.8,1.1,28.2,-99.2,-99.9,-99.9,-99.9,-99.2,50.4,-99.7,-99.9,16.9
202508101321,444,130.7,1.2,10.8,2.8,45.6,0.8,31.2,0.0,0.0,0.0,0.0,0.0,51.2,500.0,-99.9,19.9
202508101321,445,-99.2,0.8,65.7,3.7,-99.9,0.7,30.5,-99.2,-99.9,-99.9,-99.9,-99.2,56.3,500.0,-99.9,20.8
202508101321,446,322.8,3.6,57.3,4.2,321.1,1.9,32.0,0.0,0.0,0.0,0.0,0.0,47.1,500.0,-99.9,19.3
202508101321,447,207.4,1.2,300.2,4.1,204.3,1.8,31.0,0.0,0.0,0.0,0.0,0.0,51.2,500.0,-99.9,19.8
202508101321,448,214.8,1.3,124.8,3.1,239.7,0.6,29.9,0.0,0.0,0.0,0.0,0.0,52.2,500.0,-99.9,19.1
202508101321,449,256.6,1.4,265.1,2.3,258.6,1.6,31.3,-99.2,0.0,0.0,0.0,0.0,54.5,-99.7,-99.9,21.0
202508101321,450,191.7,0.0,205.9,0.0,0.0,0.0,31.3,0.0,0.0,0.0,0.0,0.0,48.8,-99.7,-99.9,19.3
202508101321,451,138.9,0.9,143.8,1.5,132.2,1.2,32.4,-99.2,0.0,0.0,0.0,0.0,46.5,-99.7,-99.9,19.5
202508101321,452,158.0,1.3,160.7,2.2,160.7,1.5,31.8,-99.2,0.0,0.0,0.0,0.0,51.0,-99.7,-99.9,20.4
202508101321,453,266.4,1.1,284.8,2.0,332.9,1.5,30.8,0.0,0.0,0.0,0.0,0.0,-99.2,-99.7,-99.9,-99.9
202508101321,454,143.4,1.3,-99.2,-99.2,154.0,1.6,31.1,-99.2,0.0,0.0,0.0,0.0,-99.2,-99.7,-99.9,-99.9
202508101321,455,242.5,1.6,228.4,2.1,199.5,0.6,31.3,0.0,0.0,0.0,0.0,0.0,47.8,-99.7,-99.9,18.9
202508101321,456,-99.2,-99.2,-99.2,-99.2,-99.9,-99.9,32.3,0.0,0.0,0.0,0.0,0.0,50.2,-99.7,-99.9,20.6
202508101321,457,167.6,0.9,152.3,1.6,157.5,1.4,32.8,-99.2,0.0,0.0,0.0,0.0,49.1,-99.7,-99.9,20.7
202508101321,458,297.6,0.5,236.9,1.1,348.3,0.5,34.1,0.0,0.0,0.0,0.0,0.0,40.8,-99.7,-99.9,18.9
202508101321,459,247.0,2.5,262.3,3.6,275.5,2.3,31.1,0.0,0.0,0.0,0.0,0.0,53.9,-99.7,-99.9,20.7
202508101321,460,223.9,1.5,141.6,4.8,248.3,1.8,30.8,0.0,0.0,0.0,0.0,0.0,48.2,501.0,-99.9,18.6
202508101321,461,164.5,1.6,174.8,2.3,144.2,1.7,-99.2,0.0,0.0,0.0,0.0,0.0,48.8,-99.7,-99.9,-99.9
202508101321,462,237.5,0.7,163.6,1.2,62.4,1.1,30.0,-99.2,0.0,0.0,0.0,0.0,51.0,-99.7,-99.9,18.8
202508101321,463,244.6,1.8,309.7,3.8,178.6,1.8,30.6,0.0,0.0,0.0,0.0,0.0,52.0,500.0,-99.9,19.6
202508101321,464,78.0,1.4,235.5,3.7,88.2,1.0,30.6,0.0,0.0,0.0,0.0,0.0,46.3,500.0,-99.9,17.8
202508101321,465,345.9,1.5,3.8,3.6,260.4,1.2,31.6,0.0,0.0,0.0,0.0,0.0,52.9,500.0,-99.9,20.8
202508101321,466,93.1,0.6,262.6,4.2,78.6,0.8,31.5,0.0,0.0,0.0,0.0,0.0,52.8,500.0,-99.9,20.7
202508101321,467,198.0,0.0,177.7,0.5,199.5,0.0,31.8,-99.2,0.0,0.0,0.0,0.0,-99.2,-99.7,-99.9,-99.9
202508101321,468,285.2,0.0,284.8,0.2,24.5,0.6,31.4,0.0,0.0,0.0,0.0,0.0,55.5,-99.7,-99.9,21.4
202508101321,469,239.3,0.8,234.1,2.3,281.5,0.9,31.2,-99.2,0.0,0.0,0.0,0.0,50.5,-99.7,-99.9,19.7
202508101321,470,-99.9,-99.9,-99.2,-99.2,-99.9,-99.9,-99.9,-99.2,-99.9,-99.9,-99.9,-99.2,-99.9,-99.9,-99.9,-99.9
202508101321,471,353.9,0.9,31.0,1.7,346.2,0.9,31.7,0.0,0.0,0.0,0.0,0.0,52.0,-99.7,-99.9,20.7
202508101321,472,295.5,3.6,301.7,5.2,288.9,3.5,29.1,0.0,0.0,0.0,0.0,0.0,66.6,-99.7,-99.9,22.3
202508101321,473,205.7,1.7,217.1,2.4,260.3,1.2,31.0,-99.2,0.0,0.0,0.0,0.0,48.2,-99.7,-99.9,18.8
202508101321,474,4.7,1.4,349.7,2.1,318.5,1.4,30.7,0.0,0.0,0.0,0.0,0.0,59.8,-99.7,-99.9,22.0
202508101321,475,0.0,0.0,330.5,4.1,335.8,0.9,30.3,0.0,0.0,0.0,0.0,0.0,48.6,500.0,-99.9,18.3
202508101321,476,324.6,1.0,287.6,1.5,165.5,0.7,30.8,0.0,-99.9,-99.9,-99.9,-99.2,53.0,-99.7,-99.9,20.1
202508101321,477,-99.2,-99.2,-99.2,-99.2,-99.9,-99.9,-99.2,-99.2,-99.9,-99.9,-99.9,-99.9,-99.2,-99.9,-99.9,-99.9
202508101321,478,84.9,1.3,93.1,2.1,89.8,0.7,30.6,0.0,0.0,0.0,0.0,0.0,72.0,-99.7,-99.9,25.0
202508101321,479,70.7,1.3,79.0,2.0,323.5,1.2,30.6,-99.2,0.0,0.0,0.0,0.0,64.3,-99.7,-99.9,23.1
202508101321,480,160.1,1.1,157.9,2.0,190.2,1.2,31.0,-99.2,0.0,0.0,0.0,0.0,57.3,-99.7,-99.9,21.6
202508101321,481,-99.2,1.9,19.7,3.1,-99.9,2.2,31.6,0.0,0.0,0.0,0.0,0.0,60.2,-99.7,-99.9,23.0
202508101321,482,263.1,1.2,298.9,1.6,253.7,0.8,31.7,-99.2,0.0,0.0,0.0,0.0,51.0,-99.7,-99.9,20.3
202508101321,483,-99.9,-99.9,-99.9,-99.9,-99.9,-99.9,-99.9,-99.2,-99.9,-99.9,-99.9,-99.9,-99.9,-99.9,-99.9,-99.9
202508101321,484,93.9,1.6,107.2,2.2,110.6,1.7,30.0,-99.2,0.0,0.0,0.0,0.0,44.2,-99.7,-99.9,16.5
202508101321,485,215.5,0.4,217.1,1.2,130.5,1.4,32.4,0.0,0.0,0.0,0.0,0.0,39.9,-99.7,-99.9,17.0
202508101321,486,204.3,0.7,191.8,0.8,89.1,1.3,32.6,0.0,0.0,0.0,0.0,0.0,49.3,-99.7,-99.9,20.6
202508101321,487,11.3,1.7,355.3,3.3,325.5,1.4,30.2,-99.2,0.0,0.0,0.0,0.0,64.2,-99.7,-99.9,22.7
202508101321,488,305.9,4.1,264.7,5.9,276.6,3.1,29.5,0.0,0.0,0.0,0.0,0.0,-99.2,500.0,-99.9,-99.9
202508101321,489,317.5,1.7,313.0,3.1,329.7,2.2,29.9,0.0,0.0,0.0,0.0,0.0,54.4,-99.7,-99.9,19.7
202508101321,491,11.6,1.8,346.9,4.0,87.2,1.1,31.5,0.0,0.0,0.0,0.0,0.0,57.3,500.0,-99.9,22.0
202508101321,492,344.5,3.4,337.1,7.4,292.8,3.7,29.6,0.0,0.0,0.0,0.0,0.0,58.7,500.0,-99.9,20.7
202508101321,493,6.2,2.6,16.1,3.1,35.4,2.4,29.9,0.0,0.0,0.0,0.0,0.0,48.0,997.5,1001.4,17.7
202508101321,494,65.6,2.3,66.6,2.8,1.2,1.7,30.3,0.0,0.0,0.0,0.0,0.0,51.2,989.5,1001.2,19.1
202508101321,495,192.2,1.5,185.6,2.1,173.4,1.4,30.2,0.0,0.0,0.0,0.0,0.0,55.5,-99.7,-99.9,20.3
202508101321,496,31.8,1.2,33.8,1.4,17.4,2.0,29.6,0.0,0.0,0.0,0.0,0.0,53.6,-99.7,-99.9,19.2
202508101321,497,28.7,2.7,60.5,5.2,34.9,2.5,25.6,0.0,0.0,0.0,0.0,0.0,58.6,929.6,1001.3,16.9
202508101321,498,17.0,2.5,79.0,3.6,23.7,1.3,22.7,0.0,0.0,0.0,0.0,0.0,73.6,892.9,1002.1,17.7
202508101321,499,126.5,1.8,104.6,2.9,121.5,1.8,31.2,0.0,0.0,0.0,0.0,0.0,53.9,995.5,1001.4,20.8
202508101321,500,36.0,4.0,29.1,4.8,2.9,1.9,30.5,0.0,0.0,0.0,0.0,0.0,56.7,996.6,1001.9,20.9
202508101321,501,6.0,4.3,25.0,6.7,352.2,4.1,30.2,0.0,0.0,0.0,0.0,0.0,61.0,1001.7,1002.6,21.9
202508101321,502,15.9,2.0,127.9,2.9,0.2,1.7,29.5,0.0,0.0,0.0,0.0,0.0,65.9,1000.7,1002.3,22.5
202508101321,503,186.0,1.4,180.0,2.0,145.2,1.5,30.0,0.0,0.0,0.0,0.0,0.0,60.7,1000.1,1002.1,21.6
202508101321,504,199.4,0.9,201.2,1.3,136.6,0.8,30.9,0.0,0.0,0.0,0.0,0.0,57.9,989.8,1001.4,21.7
202508101321,505,220.7,0.1,198.4,0.4,170.5,0.7,30.9,0.0,0.0,0.0,0.0,0.0,53.8,983.4,1002.2,20.5
202508101321,506,81.8,0.5,67.3,1.3,77.7,1.6,30.9,0.0,0.0,0.0,0.0,0.0,57.1,1000.5,1001.9,21.4
202508101321,507,234.9,2.3,236.8,2.8,209.8,1.7,30.6,0.0,0.0,0.0,0.0,0.0,56.7,993.1,1001.5,21.0
202508101321,508,312.7,3.3,326.6,4.3,323.2,3.5,28.1,0.0,0.0,0.0,0.0,0.0,68.4,985.9,1001.6,21.7
202508101321,509,108.5,1.3,55.9,2.4,303.0,1.3,30.5,0.0,0.0,0.0,0.0,0.0,50.3,984.6,1000.2,19.0
202508101321,510,116.3,1.7,183.3,2.6,101.8,1.7,31.2,0.0,0.0,0.0,0.0,0.0,50.3,998.7,1001.5,19.7
202508101321,511,318.1,2.7,324.3,3.8,280.9,1.9,30.1,0.0,0.0,0.0,0.0,0.0,57.8,1000.9,1001.7,20.9
202508101321,512,301.0,3.1,316.0,4.1,305.1,3.2,30.9,0.0,0.0,0.0,0.0,0.0,51.5,1000.6,1001.5,19.8
202508101321,513,299.2,4.5,297.4,5.3,297.9,4.6,26.9,0.0,0.0,0.0,0.0,0.0,74.4,999.5,1002.8,22.0
202508101321,514,305.0,3.0,302.4,4.9,276.8,2.7,28.5,0.0,0.0,0.0,0.0,0.0,63.5,1000.9,1002.0,20.9
202508101321,515,281.1,5.9,284.1,7.3,273.1,5.5,28.7,0.0,0.0,0.0,0.0,0.0,72.1,-99.7,-99.9,23.2
202508101321,516,279.0,0.8,318.0,1.5,266.0,0.9,31.6,0.0,0.0,0.0,0.0,0.0,50.4,998.9,1001.6,20.1
202508101321,517,39.3,2.6,42.6,3.4,43.5,3.5,27.9,0.0,0.0,0.0,0.0,0.0,69.2,1001.5,1002.2,21.7
202508101321,518,33.0,0.6,211.0,1.3,33.0,1.4,27.4,0.0,0.0,0.0,0.0,0.0,61.5,950.0,1001.2,19.4
202508101321,519,221.0,3.2,199.0,4.5,188.5,2.6,29.0,0.0,0.0,0.0,0.0,0.0,52.2,967.9,1000.6,18.2
202508101321,520,61.0,1.2,103.0,1.7,44.7,1.3,29.6,0.0,0.0,0.0,0.0,0.0,57.9,987.5,1002.5,20.4
202508101321,522,223.1,0.5,219.5,0.8,144.4,0.4,32.1,0.0,0.0,0.0,0.0,0.0,44.1,978.2,999.8,18.4
202508101321,523,33.3,3.7,21.4,4.9,48.3,2.9,27.1,0.0,0.0,0.0,0.0,0.0,64.3,1000.9,1001.9,19.8
202508101321,524,62.6,3.7,62.6,4.2,58.2,3.7,27.8,0.0,0.0,0.0,0.0,0.0,63.7,1001.1,1001.5,20.3
202508101321,525,103.2,3.0,120.9,4.5,107.4,2.6,28.6,0.0,0.0,0.0,0.0,0.0,52.1,-99.7,-99.9,17.8
202508101321,526,220.4,2.1,225.8,2.8,212.4,1.8,30.2,0.0,0.0,0.0,0.0,0.0,44.5,966.1,999.2,16.8
202508101321,527,290.8,1.5,268.1,2.5,289.9,1.3,28.9,0.0,0.0,0.0,0.0,0.0,51.2,956.4,999.2,17.8
202508101321,529,113.3,4.7,107.2,5.7,107.2,5.0,28.1,0.0,0.0,0.0,0.0,0.0,56.5,998.1,1002.1,18.7
202508101321,530,250.2,1.4,236.1,2.1,230.3,1.3,27.5,0.0,0.0,0.0,0.0,0.0,73.8,-99.7,-99.9,22.4
202508101321,531,159.0,1.4,218.0,3.2,193.9,1.8,30.8,0.0,0.0,0.0,0.0,0.0,51.0,989.0,1001.1,19.5
202508101321,532,62.0,1.0,142.0,1.9,75.8,1.2,31.3,0.0,0.0,0.0,0.0,0.0,53.4,991.9,1001.8,20.7
202508101321,533,196.0,1.1,201.8,1.4,122.2,1.3,30.9,0.0,0.0,0.0,0.0,0.0,48.2,-99.7,-99.9,18.7
202508101321,534,68.0,1.4,100.0,1.8,46.3,1.6,29.7,0.0,0.0,0.0,0.0,0.0,55.4,991.8,1001.6,19.8
202508101321,535,272.0,1.7,308.0,2.9,292.2,2.7,30.7,0.0,0.0,0.0,0.0,0.0,51.9,966.1,1000.3,19.7
202508101321,536,287.4,1.7,305.2,2.2,241.5,1.3,31.1,0.0,0.0,0.0,0.0,0.0,46.4,987.9,1000.5,18.3
202508101321,537,169.0,1.3,308.0,2.0,32.5,2.0,28.1,0.0,0.0,0.0,0.0,0.0,47.0,947.8,1000.9,15.7
202508101321,538,304.0,0.9,350.0,1.5,334.4,2.1,31.1,0.0,0.0,0.0,0.0,0.0,49.4,992.3,1001.5,19.3
202508101321,539,258.2,1.8,265.2,2.3,205.2,2.6,32.1,0.0,0.0,0.0,0.0,0.0,55.0,985.2,1000.3,21.9
202508101321,540,320.7,2.8,332.0,3.6,297.4,2.1,31.1,0.0,0.0,0.0,0.0,0.0,54.7,995.2,1000.2,20.9
202508101321,541,268.0,1.0,337.0,1.8,341.1,1.2,31.5,0.0,0.0,0.0,0.0,0.0,48.6,998.8,1001.6,19.4
202508101321,542,55.0,1.2,104.0,1.9,38.2,1.4,31.6,0.0,0.0,0.0,0.0,0.0,44.2,997.1,1001.7,18.0
202508101321,543,307.7,2.4,287.2,3.7,313.1,2.2,29.4,0.0,0.0,0.0,0.0,0.0,56.0,998.6,1001.5,19.7
202508101321,544,313.3,3.7,319.7,5.5,309.4,2.9,30.7,0.0,0.0,0.0,0.0,0.0,54.3,999.9,1001.1,20.4
202508101321,545,33.0,0.7,70.0,1.4,346.4,0.5,32.0,0.0,0.0,0.0,0.0,0.0,49.6,1001.0,1001.7,20.2
202508101321,546,51.3,2.4,53.6,2.8,81.5,2.1,29.5,0.0,0.0,0.0,0.0,0.0,50.8,986.9,1000.5,18.3
202508101321,547,313.0,0.6,13.0,1.2,71.2,1.2,31.5,0.0,0.0,0.0,0.0,0.0,46.2,989.0,1001.0,18.6
202508101321,548,195.0,1.9,195.0,2.7,217.3,0.5,31.3,0.0,0.0,0.0,0.0,0.0,51.7,988.4,-99.9,20.2
202508101321,549,318.0,1.7,33.0,3.3,352.7,1.8,31.4,0.0,0.0,0.0,0.0,0.0,45.5,992.2,1001.4,18.2
202508101321,550,36.4,0.8,25.4,1.2,353.1,1.9,31.6,0.0,0.0,0.0,0.0,0.0,41.1,996.0,999.9,16.8
202508101321,551,64.0,0.8,67.5,2.2,82.3,0.9,30.3,0.0,0.0,0.0,0.0,0.0,56.1,-99.7,-99.9,20.6
202508101321,552,111.5,2.6,141.8,4.2,155.0,2.3,29.6,0.0,0.0,0.0,0.0,0.0,52.2,975.1,1000.3,18.8
202508101321,553,52.9,3.9,57.4,4.6,56.5,3.9,27.3,0.0,0.0,0.0,0.0,0.0,77.3,1000.8,1001.8,23.0
202508101321,554,76.4,6.0,72.9,7.5,77.6,5.3,24.0,0.0,0.0,0.0,0.0,0.0,75.9,918.1,1001.8,19.5
202508101321,555,304.0,0.9,327.0,1.5,304.9,0.9,30.7,0.0,0.0,0.0,0.0,0.0,46.5,989.4,1001.5,17.9
202508101321,556,184.5,1.7,189.0,2.1,191.1,1.9,30.4,0.0,0.0,0.0,0.0,0.0,47.9,979.3,999.9,18.1
202508101321,557,62.1,2.9,39.7,4.2,89.3,2.8,29.0,0.0,0.0,0.0,0.0,0.0,53.6,968.5,1000.6,18.6
202508101321,558,219.0,2.3,222.5,2.8,157.2,1.4,30.4,0.0,0.0,0.0,0.0,0.0,53.7,990.2,1000.7,20.0
202508101321,559,287.9,2.2,316.3,3.9,328.3,2.6,27.6,0.0,0.0,0.0,0.0,0.0,52.1,937.2,999.4,16.9
202508101321,560,78.9,2.5,77.0,3.2,83.3,2.8,27.5,0.0,0.0,0.0,0.0,0.0,57.0,940.9,999.6,18.2
202508101321,561,262.9,1.8,267.5,2.9,295.8,1.2,31.7,0.0,0.0,0.0,0.0,0.0,42.8,975.0,999.2,17.5
202508101321,563,82.8,3.0,95.6,4.3,86.5,2.8,29.4,0.0,0.0,0.0,0.0,0.0,49.1,961.2,1000.8,17.6
202508101321,565,26.0,0.8,34.5,1.3,55.1,1.6,31.5,0.0,0.0,0.0,0.0,0.0,48.7,1001.0,1001.6,19.4
202508101321,566,32.0,2.9,101.0,5.7,59.4,3.3,28.9,0.0,0.0,0.0,0.0,0.0,61.1,1001.9,1002.6,20.7
202508101321,567,153.4,1.9,144.5,2.6,89.1,1.6,30.3,0.0,0.0,0.0,0.0,0.0,49.0,993.7,1001.6,18.4
202508101321,568,58.9,0.7,64.0,1.2,210.4,1.6,30.1,0.0,0.0,0.0,0.0,0.0,55.2,985.1,1000.8,20.1
202508101321,569,112.9,0.6,129.4,0.9,356.3,1.4,30.8,0.0,0.0,0.0,0.0,0.0,47.5,997.5,1000.5,18.4
202508101321,570,270.9,0.6,253.8,1.0,38.6,1.6,29.5,0.0,0.0,0.0,0.0,0.0,55.8,997.1,1000.9,19.8
202508101321,571,289.8,1.1,238.9,1.5,309.7,1.7,30.6,0.0,0.0,0.0,0.0,0.0,57.0,996.8,1001.8,21.1
202508101321,572,294.6,1.0,318.0,1.9,306.9,0.6,31.2,0.0,0.0,0.0,0.0,0.0,43.7,999.1,1002.3,17.4
202508101321,573,265.9,0.6,293.3,1.1,249.9,1.0,30.8,0.0,0.0,0.0,0.0,0.0,50.5,987.9,1001.2,19.4
202508101321,574,235.7,3.1,237.2,3.6,226.5,2.9,29.9,0.0,0.0,0.0,0.0,0.0,61.5,997.2,1001.3,21.7
202508101321,575,122.8,1.2,126.5,1.5,66.6,0.7,31.1,0.0,0.0,0.0,0.0,0.0,53.2,995.9,1001.6,20.5
202508101321,576,13.1,1.3,42.8,2.1,326.2,2.1,30.2,0.0,0.0,0.0,0.0,0.0,48.4,989.3,1001.6,18.1
202508101321,577,284.4,2.7,284.1,3.3,330.6,3.3,28.4,0.0,0.0,0.0,0.0,0.0,66.1,1001.6,1002.6,21.5
202508101321,578,292.1,4.6,313.0,6.3,290.7,5.6,27.1,0.0,0.0,0.0,0.0,0.0,82.8,1000.5,1001.4,23.9
202508101321,579,126.3,1.7,123.8,2.3,121.3,2.4,28.2,0.0,0.0,0.0,0.0,0.0,49.3,-99.7,-99.9,16.6
202508101321,580,57.9,5.3,28.1,6.5,60.3,4.9,28.5,0.0,0.0,0.0,0.0,0.0,60.2,-99.7,-99.9,20.0
202508101321,581,353.4,0.5,70.3,1.3,43.9,1.2,30.1,0.0,0.0,0.0,0.0,0.0,44.6,954.6,1000.4,16.7
202508101321,582,92.6,1.1,91.1,2.0,143.0,1.8,29.5,0.0,0.0,0.0,0.0,0.0,50.4,964.6,1000.5,18.1
202508101321,583,247.1,2.6,251.6,3.6,293.2,2.5,26.9,0.0,0.0,0.0,0.0,0.0,56.7,942.5,1000.7,17.6
202508101321,585,19.8,2.0,21.9,2.4,29.2,1.8,30.3,0.0,0.0,0.0,0.0,0.0,56.1,975.1,1001.0,20.6
202508101321,586,296.1,1.7,347.1,2.7,290.0,1.7,29.4,0.0,0.0,0.0,0.0,0.0,56.8,975.2,1000.1,19.9
202508101321,587,287.4,1.4,288.6,2.6,303.2,2.1,29.0,0.0,0.0,0.0,0.0,0.0,66.9,970.4,1000.8,22.2
202508101321,588,142.3,1.0,146.3,1.7,337.8,1.4,30.5,0.0,0.0,0.0,0.0,0.0,46.6,-99.7,-99.9,17.8
202508101321,589,251.4,0.6,289.1,1.0,236.2,0.6,29.0,0.0,0.0,0.0,0.0,0.0,60.4,994.9,1001.5,20.6
202508101321,590,312.6,1.9,312.3,2.9,341.5,1.6,31.5,0.0,0.0,0.0,0.0,0.0,47.1,996.6,1001.8,18.9
202508101321,591,80.8,1.1,18.8,2.1,145.7,1.4,29.6,0.0,0.0,0.0,0.0,0.0,54.9,971.1,1000.5,19.6
202508101321,592,185.1,1.8,197.0,2.3,193.0,1.7,29.1,0.0,0.0,0.0,0.0,0.0,54.8,995.7,1001.6,19.1
202508101321,593,76.0,4.1,82.2,5.7,70.5,3.6,30.1,0.0,0.0,0.0,0.0,0.0,51.9,988.3,1002.5,19.1
202508101321,594,92.2,1.0,39.5,2.1,47.3,2.9,29.6,0.0,0.0,0.0,0.0,0.0,56.6,965.5,1000.1,20.1
202508101321,595,20.0,0.0,2.7,0.7,73.6,1.0,25.2,0.0,0.0,0.0,0.0,0.0,65.0,938.6,1002.8,18.2
202508101321,596,137.5,2.4,144.4,2.8,129.4,1.6,30.0,0.0,0.0,0.0,0.0,0.0,55.0,975.9,1002.4,20.0
202508101321,597,54.1,1.7,62.0,2.1,82.2,1.9,28.4,0.0,0.0,0.0,0.0,0.0,47.6,939.4,1000.1,16.2
202508101321,598,-99.9,-99.9,-99.9,-99.9,-99.9,-99.9,-99.9,-99.9,-99.9,-99.9,-99.9,-99.9,-99.9,-99.9,-99.9,-99.9
202508101321,599,265.0,2.1,290.5,2.8,320.8,2.0,31.3,0.0,0.0,0.0,0.0,0.0,49.8,990.0,1001.7,19.6
202508101321,600,304.1,2.3,325.7,2.8,323.5,2.4,29.0,0.0,0.0,0.0,0.0,0.0,49.7,985.4,1000.0,17.4
202508101321,601,216.7,1.4,239.3,1.8,151.1,1.4,29.5,0.0,0.0,0.0,0.0,0.0,44.1,983.4,999.7,16.0
202508101321,602,316.6,1.8,324.5,2.5,328.9,2.3,28.5,0.0,0.0,0.0,0.0,0.0,54.9,993.2,1000.8,18.6
202508101321,603,288.8,1.7,289.1,2.4,262.1,1.6,30.1,0.0,0.0,0.0,0.0,0.0,54.6,987.9,1001.2,20.0
202508101321,604,32.0,1.5,122.0,2.1,34.9,1.6,29.5,0.0,0.0,0.0,0.5,0.5,57.8,988.2,1001.3,20.3
202508101321,605,43.0,3.3,67.0,4.4,24.8,2.0,29.9,0.0,0.0,0.0,3.0,3.0,59.7,985.0,1000.8,21.2
202508101321,606,311.9,2.7,319.1,3.5,307.8,2.7,27.7,0.0,0.0,0.0,0.0,0.0,73.0,999.2,1001.8,22.4
202508101321,607,47.6,3.7,96.5,5.2,48.6,3.3,27.1,0.0,0.0,0.0,0.0,0.0,70.8,1001.2,1002.0,21.3
202508101321,609,258.2,2.5,306.6,3.9,259.7,2.4,26.7,0.0,0.0,0.0,0.0,0.0,77.1,996.8,1001.3,22.4
202508101321,610,344.0,5.2,351.0,6.1,343.9,5.0,30.5,0.0,0.0,0.0,0.0,0.0,56.5,999.9,1001.8,20.9
202508101321,611,99.8,0.7,67.8,1.2,66.2,1.3,30.7,0.0,0.0,0.0,0.0,0.0,40.4,994.4,1000.1,15.7
202508101321,612,34.0,2.6,17.3,3.4,326.5,2.2,29.8,0.0,0.0,0.0,0.0,0.0,49.2,998.2,1000.9,18.0
202508101321,614,70.4,2.0,96.6,3.0,61.7,2.6,30.6,0.0,0.0,0.0,0.0,0.0,48.0,1000.2,1001.3,18.4
202508101321,615,-99.9,-99.9,-99.9,-99.9,-99.9,-99.9,-99.9,-99.9,-99.9,-99.9,-99.9,-99.9,-99.9,-99.9,-99.9,-99.9
202508101321,616,317.0,2.1,297.0,3.5,330.5,2.3,29.6,0.0,0.0,0.0,0.0,0.0,58.8,996.4,1002.2,20.7
202508101321,617,48.5,1.9,56.2,2.3,28.5,1.7,30.4,0.0,0.0,0.0,0.0,0.0,53.8,-99.7,-99.9,20.0
202508101321,618,217.7,1.0,251.0,1.6,5.3,1.4,30.3,0.0,0.0,0.0,0.0,0.0,54.9,-99.7,-99.9,20.2
202508101321,619,106.0,1.9,130.0,2.4,30.1,1.5,30.1,0.0,0.0,0.0,0.0,0.0,49.1,986.5,1001.3,18.3
202508101321,620,296.4,2.8,295.0,3.3,293.3,1.4,29.8,0.0,0.0,0.0,0.0,0.0,57.2,994.0,1001.3,20.4
202508101321,621,283.5,1.7,273.6,2.6,251.3,1.8,30.1,0.0,0.0,0.0,0.0,0.0,51.4,984.8,1001.1,19.0
202508101321,622,303.4,3.1,306.3,4.1,282.7,2.5,29.1,0.0,0.0,0.0,0.0,0.0,51.5,975.8,1000.9,18.1
202508101321,623,114.1,0.6,121.0,2.0,114.1,0.1,30.1,0.0,0.0,0.0,0.0,0.0,43.7,992.6,1000.9,16.4
202508101321,624,271.0,1.9,285.7,2.4,233.0,1.2,29.8,0.0,-99.9,-99.9,-99.9,-99.2,56.9,976.1,1000.8,20.3
202508101321,625,65.7,3.1,67.5,4.1,72.4,2.6,28.4,0.0,0.0,0.0,0.0,0.0,45.5,-99.7,-99.9,15.5
202508101321,626,37.9,2.3,32.5,3.2,77.4,2.4,28.8,0.0,0.0,0.0,0.0,0.0,54.0,987.6,1001.0,18.6
202508101321,627,5.0,3.0,354.6,5.5,351.7,3.5,28.8,0.0,0.0,0.0,0.0,0.0,69.7,999.8,1001.5,22.7
202508101321,628,22.4,1.3,18.1,2.5,17.0,1.9,29.9,0.0,0.0,0.0,0.0,0.0,57.5,998.1,1002.4,20.6
202508101321,629,100.2,2.9,100.8,3.4,66.3,2.9,30.1,0.0,0.0,0.0,0.0,0.0,47.1,992.2,1001.6,17.6
202508101321,630,183.5,1.0,161.4,1.2,176.7,1.1,30.2,0.0,0.0,0.0,0.0,0.0,43.3,989.1,1001.2,16.4
202508101321,631,229.8,0.8,344.8,3.2,288.4,1.6,30.0,0.0,0.0,0.0,0.0,0.0,63.6,1000.5,1001.6,22.4
202508101321,632,33.7,2.7,153.8,3.9,54.8,1.7,31.4,0.0,0.0,0.0,0.0,0.0,54.2,995.3,1001.7,21.0
202508101321,633,316.4,2.6,345.8,3.2,339.4,1.3,30.0,0.0,0.0,0.0,0.0,0.0,59.6,993.5,1001.9,21.3
202508101321,634,264.8,1.1,250.8,1.8,13.5,1.7,29.6,0.0,0.0,0.0,0.0,0.0,54.9,998.8,1002.1,19.6
202508101321,635,55.0,1.7,18.1,3.1,15.0,2.0,30.5,0.0,0.0,0.0,0.0,0.0,49.1,1000.6,1001.8,18.6
202508101321,636,15.2,2.4,81.9,3.0,349.5,2.1,29.3,0.0,0.0,0.0,0.0,0.0,62.2,986.0,1000.6,21.3
202508101321,637,334.6,1.7,0.0,2.7,345.5,1.7,29.4,0.0,0.0,0.0,0.0,0.0,61.5,1001.3,1002.3,21.2
202508101321,638,221.5,2.6,211.2,2.9,221.4,2.5,29.4,0.0,0.0,0.0,0.0,0.0,46.3,972.2,998.9,16.7
202508101321,639,249.1,1.0,234.0,1.7,234.9,1.4,29.0,0.0,0.0,0.0,0.0,0.0,46.0,969.5,1000.6,16.2
202508101321,640,173.5,1.4,176.5,1.8,177.6,1.7,28.9,0.0,0.0,0.0,0.0,0.0,53.8,976.1,1001.0,18.6
202508101321,641,330.2,2.8,327.9,3.6,265.1,2.1,28.9,0.0,0.0,0.0,0.0,0.0,60.7,992.7,1001.5,20.6
202508101321,642,38.3,2.9,15.2,4.0,6.9,1.4,30.0,0.0,0.0,0.0,0.0,0.0,55.5,984.7,1001.1,20.1
202508101321,643,298.1,2.2,258.3,2.7,328.5,1.8,29.4,0.0,0.0,0.0,0.0,0.0,60.5,991.1,1001.3,21.0
202508101321,644,23.2,2.5,39.9,2.9,44.4,2.9,30.1,0.0,0.0,0.0,0.0,0.0,53.8,998.0,1000.7,19.7
202508101321,645,42.8,1.1,73.1,3.3,357.4,2.4,30.1,0.0,0.0,0.0,0.0,0.0,57.1,999.6,1001.5,20.7
202508101321,646,335.6,4.4,332.2,5.5,337.0,4.1,28.9,0.0,0.0,0.0,0.0,0.0,63.4,1000.5,1001.4,21.3
202508101321,647,15.2,3.7,16.9,4.9,23.4,3.7,28.8,0.0,0.0,0.0,3.5,3.5,62.6,-99.7,-99.9,21.0
202508101321,648,43.8,2.0,19.2,2.8,71.0,1.5,29.6,0.0,0.0,0.0,0.0,0.0,60.9,989.5,1000.6,21.3
202508101321,649,102.2,2.8,95.6,4.0,102.3,2.3,30.1,0.0,0.0,0.0,0.0,0.0,55.8,998.6,1001.5,20.3
202508101321,650,26.6,1.9,9.0,2.4,40.2,2.5,30.4,0.0,0.0,0.0,0.0,0.0,57.1,978.3,998.8,21.0
202508101321,651,225.0,1.0,252.0,1.4,166.8,1.3,30.4,0.0,0.0,0.0,0.0,0.0,63.1,977.5,1001.2,22.6
202508101321,652,248.3,1.1,282.5,1.6,254.6,1.6,30.9,0.0,0.0,0.0,0.0,0.0,52.9,996.1,1000.3,20.2
202508101321,654,39.2,1.2,292.4,3.4,12.8,1.4,28.6,0.0,0.0,0.0,0.0,0.0,68.9,1001.4,1002.6,22.3
202508101321,655,93.2,4.7,40.1,7.4,172.2,4.4,23.9,0.0,0.0,0.0,0.0,0.0,81.9,994.2,1003.6,20.6
202508101321,656,316.2,0.2,331.5,0.7,306.9,1.1,29.3,0.0,0.0,0.0,0.0,0.0,66.5,996.7,1002.2,22.4
202508101321,657,337.4,5.2,347.5,6.4,344.5,5.0,28.1,0.0,0.0,0.0,0.0,0.0,68.3,998.3,1001.8,21.7
202508101321,658,224.6,2.1,261.2,4.4,192.2,1.9,26.1,0.0,0.0,0.0,0.0,0.0,75.8,1001.2,1002.3,21.5
202508101321,659,39.6,1.3,48.3,2.5,24.2,1.0,23.4,0.0,0.0,0.0,0.0,0.0,71.9,911.2,1001.2,18.0
202508101321,660,69.9,3.7,49.8,4.8,97.6,1.6,29.2,0.0,0.0,0.0,0.0,0.0,47.3,942.4,1000.0,16.8
202508101321,661,39.0,3.8,26.1,4.6,354.2,4.3,27.3,0.0,0.0,0.0,0.0,0.0,76.6,1002.3,1002.9,22.8
202508101321,662,23.3,3.9,10.7,5.9,18.0,4.0,25.6,0.0,0.0,0.0,0.0,0.0,80.4,999.9,1001.1,22.0
202508101321,663,352.6,2.6,349.8,2.9,347.5,2.8,24.1,0.0,0.0,0.0,0.0,0.0,83.7,996.1,1003.2,21.2
202508101321,664,315.0,4.3,324.3,5.6,318.3,4.2,28.8,0.0,0.0,0.0,0.0,0.0,65.4,1000.8,1002.8,21.7
202508101321,665,303.2,3.5,299.9,4.6,288.1,2.6,27.9,0.0,0.0,0.0,0.0,0.0,68.6,998.0,1001.2,21.6
202508101321,666,-99.9,-99.9,-99.9,-99.9,-99.9,-99.9,-99.9,-99.9,-99.9,-99.9,-99.9,-99.9,-99.9,-99.9,-99.9,-99.9
202508101321,667,329.1,6.3,330.3,6.8,330.5,6.7,23.5,0.0,0.0,0.0,0.0,0.0,90.3,-99.7,-99.9,21.8
202508101321,669,289.4,5.4,293.5,7.0,264.0,3.9,25.5,0.0,0.0,0.0,0.0,0.0,77.2,999.6,1001.6,21.2
202508101321,670,78.7,3.5,69.7,4.7,84.7,3.4,26.9,0.0,0.0,0.0,0.0,0.0,70.1,1001.5,1002.3,21.0
202508101321,671,64.4,2.6,71.7,3.0,69.0,2.6,28.4,0.0,0.0,0.0,0.0,0.0,58.3,-99.7,-99.9,19.4
202508101321,672,271.8,3.4,311.7,5.6,269.9,3.7,29.2,0.0,0.0,0.0,6.5,25.5,63.2,1000.5,1001.7,21.5
202508101321,673,275.0,0.6,272.0,0.9,262.6,0.8,24.9,0.0,0.0,0.0,31.0,31.0,83.0,999.6,1001.9,21.8
202508101321,674,98.8,2.1,142.7,3.3,98.0,1.8,26.4,0.0,0.0,0.0,0.0,0.0,53.7,911.9,999.9,16.3
202508101321,675,53.9,1.5,44.8,2.0,46.0,1.6,29.7,0.0,0.0,0.0,0.0,0.0,53.7,994.1,999.9,19.3
202508101321,676,320.4,0.9,2.8,1.7,235.8,1.8,29.6,0.0,-99.9,-99.9,-99.9,-99.2,48.8,986.5,1002.4,17.7
202508101321,677,65.2,0.6,75.0,2.1,64.1,2.1,30.2,0.0,0.0,0.0,0.0,0.0,50.6,988.9,1002.2,18.8
202508101321,678,32.1,0.0,106.2,1.1,43.4,0.9,25.4,0.0,0.0,0.0,0.0,0.0,60.6,951.7,1001.9,17.2
202508101321,679,6.1,3.6,16.5,3.9,357.1,3.2,24.7,0.0,0.0,0.0,0.0,0.0,75.2,926.9,1001.6,20.0
202508101321,680,238.8,1.9,233.6,2.4,247.9,1.9,30.9,0.0,0.0,0.0,0.0,0.0,52.3,975.7,1001.0,20.0
202508101321,681,83.2,2.1,77.8,3.0,64.7,1.0,30.2,0.0,0.0,0.0,0.0,0.0,55.2,979.5,1001.6,20.2
202508101321,682,318.9,1.3,303.6,1.6,318.0,0.9,22.0,0.0,-99.9,-99.9,-99.9,-99.2,81.7,887.6,1001.4,18.7
202508101321,687,215.3,1.6,202.5,2.1,198.1,2.0,28.0,0.0,0.0,0.0,42.0,45.0,78.4,994.1,1001.1,23.9
202508101321,688,358.0,0.3,73.0,0.5,228.7,1.0,30.6,0.0,0.0,0.0,12.0,16.0,66.5,997.5,1000.9,23.7
202508101321,689,263.5,0.4,277.3,0.6,254.3,0.9,28.9,0.0,0.0,0.0,29.5,32.5,70.5,992.7,1000.8,23.0
202508101321,690,77.4,0.8,78.1,1.4,96.8,0.9,29.5,0.0,0.0,0.0,14.5,25.5,66.3,989.0,999.9,22.6
202508101321,691,96.0,1.4,137.0,2.2,52.2,2.4,30.5,0.0,0.0,0.0,0.0,0.0,50.7,999.0,1001.7,19.1
202508101321,692,233.6,2.4,239.8,2.9,213.4,2.2,30.0,0.0,0.0,0.0,0.0,0.0,59.6,997.1,1000.8,21.3
202508101321,694,35.5,3.2,43.2,3.9,41.4,2.5,24.6,0.0,0.0,0.0,0.0,0.0,77.9,927.4,1001.1,20.5
202508101321,695,302.6,1.7,306.7,1.9,276.8,1.1,21.3,0.0,0.0,0.0,0.0,0.0,77.7,-99.7,-99.9,17.3
202508101321,696,49.8,3.0,53.0,4.4,10.2,3.4,29.9,0.0,0.0,0.0,0.0,0.0,46.5,992.8,1002.0,17.2
202508101321,697,338.0,2.0,352.0,4.0,345.2,1.5,24.7,0.0,0.0,0.0,49.0,52.5,82.8,1001.5,1002.2,21.6
202508101321,698,331.0,4.5,349.0,6.0,343.3,4.5,27.1,0.0,0.0,0.0,11.0,17.0,72.1,1001.4,1004.2,21.6
202508101321,699,337.0,2.9,336.0,3.9,314.8,2.8,28.9,0.0,0.0,0.0,17.5,19.5,75.2,997.3,1001.5,24.1
202508101321,700,24.1,5.3,12.1,6.5,24.3,5.3,25.8,0.0,0.0,0.0,0.0,0.0,87.5,995.9,1002.5,23.6
202508101321,701,294.8,3.5,278.5,4.8,311.2,3.0,28.5,0.0,0.0,0.0,6.0,6.0,67.1,976.0,999.4,21.8
202508101321,702,347.8,5.5,337.3,6.1,314.4,3.6,30.1,0.0,0.0,0.0,3.7,7.1,58.9,999.5,1000.7,21.2
202508101321,703,266.7,2.8,272.8,3.1,275.8,2.2,28.2,0.0,0.0,0.0,13.0,17.5,67.0,-99.7,-99.9,21.5
202508101321,704,268.8,2.5,123.2,4.0,289.7,4.0,28.4,0.0,0.0,0.0,4.5,20.5,64.3,1000.3,1000.5,21.0
202508101321,706,239.3,2.8,249.0,3.4,254.0,1.9,29.7,0.0,0.0,0.0,15.5,25.5,77.3,994.7,999.7,25.3
202508101321,707,349.0,2.2,24.0,4.1,342.7,2.5,26.8,0.0,0.0,0.0,10.0,15.0,73.9,998.3,1002.2,21.8
202508101321,708,292.8,1.8,289.4,2.8,255.7,1.5,30.8,0.0,0.0,0.0,34.5,38.5,73.2,996.7,1000.0,25.5
202508101321,709,86.9,1.4,90.0,1.8,91.9,1.3,28.0,0.0,0.0,0.0,22.0,27.5,79.3,998.3,1001.3,24.1
202508101321,710,305.9,0.5,261.7,0.8,317.6,0.9,28.9,0.0,0.0,0.0,46.5,52.5,72.2,1001.1,1002.0,23.4
202508101321,711,141.6,0.2,169.2,0.6,146.5,0.3,25.7,0.0,0.0,0.0,23.0,26.0,85.4,-99.7,-99.9,23.1
202508101321,712,112.5,1.0,126.6,1.3,101.4,1.5,25.2,0.0,0.0,0.0,47.5,51.0,83.8,-99.7,-99.9,22.3
202508101321,713,168.0,0.7,160.3,1.1,173.7,1.1,25.4,0.0,0.0,0.0,34.5,35.5,99.9,-99.7,-99.9,25.4
202508101321,714,327.5,3.3,334.8,3.6,329.4,3.2,27.4,0.0,0.0,0.0,19.5,19.5,-99.7,1001.7,1001.9,-99.9
202508101321,716,321.5,4.2,323.7,5.0,321.1,4.5,27.6,0.0,0.0,0.0,33.0,51.5,75.0,1001.7,1002.0,22.8
202508101321,717,282.2,3.8,266.8,5.6,275.8,3.7,27.6,0.0,0.0,0.0,30.5,46.5,79.1,999.3,1000.6,23.7
202508101321,718,285.0,3.7,311.0,4.6,287.8,3.7,26.2,0.0,0.0,0.0,31.0,32.5,82.6,1001.2,1001.9,23.0
202508101321,719,309.2,3.4,307.1,6.3,305.3,2.5,28.9,0.0,0.0,0.0,0.0,5.5,69.5,999.7,1001.0,22.8
202508101321,720,280.5,1.8,278.2,3.0,357.3,1.5,27.4,0.0,0.0,0.0,17.5,25.0,82.0,999.1,1002.2,24.1
202508101321,721,4.1,2.2,2.8,2.6,4.7,2.3,25.9,0.0,0.0,0.0,63.5,67.5,88.4,1001.0,1001.5,23.8
202508101321,722,81.9,2.5,68.9,3.4,105.9,2.0,30.5,0.0,0.0,0.0,28.0,30.0,74.0,989.1,1001.4,25.3
202508101321,723,287.8,3.1,280.6,4.3,293.9,3.6,27.4,0.0,0.0,0.0,15.5,17.5,84.0,999.9,1000.7,24.5
202508101321,724,137.8,0.0,209.7,0.2,217.7,1.6,26.1,0.0,0.0,0.0,3.5,6.0,91.4,999.9,1000.8,24.6
202508101321,725,270.0,2.7,265.1,3.3,243.9,2.6,29.0,0.0,0.0,0.0,5.0,7.5,90.6,1000.2,1001.2,27.3
202508101321,726,244.1,9.3,247.2,10.3,241.4,9.1,28.1,0.0,0.0,0.0,5.0,7.0,93.0,1000.2,1001.5,26.9
202508101321,727,223.5,2.4,200.8,3.5,226.7,2.7,26.0,0.0,0.0,0.0,5.5,6.0,99.9,-99.7,-99.9,26.0
202508101321,730,337.0,0.8,45.0,2.1,358.0,1.7,30.7,0.0,-99.9,-99.9,-99.9,-99.2,68.8,996.3,1001.2,24.3
202508101321,731,29.0,0.9,355.0,1.6,283.8,1.6,27.7,0.0,0.0,0.0,26.0,27.5,82.6,1000.9,1001.4,24.5
202508101321,732,319.5,1.5,21.6,2.0,6.7,1.2,25.7,0.0,0.0,0.0,70.0,72.5,87.5,984.6,1000.9,23.5
202508101321,733,55.8,1.8,67.7,2.6,65.1,1.3,29.5,0.0,0.0,0.0,0.5,1.5,52.8,-99.7,-99.9,18.9
202508101321,734,14.3,0.5,42.2,1.1,356.2,1.1,30.5,0.0,0.0,0.0,5.7,6.4,59.8,994.0,1001.1,21.8
202508101321,735,34.1,0.1,21.0,0.7,34.1,0.6,27.5,0.0,0.0,0.0,15.0,15.0,63.1,928.7,999.8,19.9
202508101321,736,279.3,3.1,182.3,4.4,280.5,2.9,30.9,0.0,0.0,0.0,7.0,13.0,62.8,1001.0,1001.2,23.0
202508101321,737,355.0,4.3,5.6,5.7,5.0,2.9,29.4,0.0,0.0,0.0,10.5,18.0,67.9,-99.7,-99.9,22.9
202508101321,738,16.8,3.0,4.1,4.5,19.0,2.0,30.2,0.0,0.0,0.0,8.0,21.5,55.9,999.4,1001.2,20.4
202508101321,739,280.8,4.8,291.9,5.9,270.4,5.0,30.3,0.0,0.0,0.0,3.5,6.0,65.2,1000.4,1001.8,23.0
202508101321,741,171.1,0.4,222.3,1.1,123.9,0.5,27.3,0.0,0.0,0.0,39.0,42.5,83.1,991.5,1002.1,24.2
202508101321,742,322.9,4.0,329.3,5.8,311.5,4.0,28.8,0.0,0.0,0.0,21.5,22.0,74.6,999.1,1000.4,23.8
202508101321,743,0.8,3.2,70.8,5.1,20.6,3.4,27.5,0.0,0.0,0.0,39.0,39.5,79.0,-99.7,-99.9,23.5
202508101321,744,262.0,2.4,304.0,3.0,275.7,2.5,29.1,0.0,0.0,0.0,73.0,80.5,76.4,1001.0,1001.6,24.5
202508101321,745,113.4,2.0,105.3,2.4,88.1,1.5,27.5,0.0,0.0,0.0,96.0,109.0,79.9,995.7,1001.2,23.7
202508101321,746,1.7,2.6,334.7,3.5,353.1,1.8,28.3,0.0,0.0,0.0,78.5,106.5,82.7,-99.7,-99.9,25.1
202508101321,747,250.0,0.7,242.8,1.2,242.3,0.7,26.0,0.0,0.0,0.0,39.0,46.0,95.5,998.5,1001.3,25.2
202508101321,748,96.9,1.1,90.0,1.8,112.3,1.5,26.4,0.0,0.0,0.0,71.5,76.0,94.6,1001.8,1002.0,25.5
202508101321,749,41.0,2.1,81.7,2.8,41.0,2.1,26.5,0.0,0.0,0.0,68.0,73.5,85.9,997.1,999.9,23.9
202508101321,750,44.5,2.6,43.4,3.3,39.7,2.8,23.6,0.0,0.0,0.5,61.0,64.0,95.7,999.2,1001.8,22.9
202508101321,751,273.8,2.1,272.9,3.5,277.1,1.7,27.8,0.0,0.0,0.0,2.5,4.0,82.4,-99.7,-99.9,24.5
202508101321,752,263.7,2.1,281.6,4.7,260.4,2.6,26.5,0.0,0.0,0.0,18.0,18.5,91.9,-99.7,-99.9,25.1
202508101321,753,222.5,3.7,215.0,6.7,222.7,4.2,22.3,0.0,0.0,0.0,12.5,18.0,99.6,-99.7,-99.9,22.2
202508101321,754,321.7,3.2,309.7,4.0,316.3,2.8,30.0,0.0,0.0,0.0,25.0,29.5,67.5,999.3,1000.5,23.3
202508101321,755,88.0,0.9,168.0,1.5,80.1,0.9,28.5,0.0,0.0,0.0,25.5,28.0,74.6,980.4,1001.2,23.6
202508101321,756,330.3,8.2,330.1,9.5,325.3,8.5,27.8,0.0,0.0,0.0,3.0,9.5,66.1,1001.6,1002.1,20.9
202508101321,757,309.2,3.1,340.9,4.5,354.3,1.8,28.3,0.0,0.0,0.0,5.5,6.5,62.3,971.2,1000.9,20.4
202508101321,758,310.9,3.3,325.0,5.1,311.6,2.5,30.0,0.0,0.0,0.0,12.5,13.5,64.6,964.3,999.3,22.6
202508101321,759,67.4,2.2,61.3,2.8,75.9,1.9,25.7,0.0,0.0,0.0,22.5,36.0,78.9,947.1,999.6,21.8
202508101321,760,311.1,2.5,327.3,2.8,306.0,2.5,28.3,0.0,0.0,0.0,17.0,33.5,67.9,969.2,1000.2,21.8
202508101321,761,293.5,2.9,297.7,3.8,319.3,2.5,30.1,0.0,0.0,0.0,11.0,19.0,64.7,999.5,1001.1,22.7
202508101321,762,274.7,1.4,276.3,1.8,262.2,2.0,29.0,0.0,0.0,0.0,23.0,39.0,75.4,983.3,999.5,24.2
202508101321,763,315.8,2.1,304.0,3.6,333.2,1.7,29.4,0.0,0.0,0.0,0.5,1.0,55.1,997.3,1001.5,19.5
202508101321,764,327.9,3.0,341.8,5.0,325.7,3.1,29.0,0.0,0.0,0.0,12.5,26.5,67.7,977.3,1000.7,22.4
202508101321,765,4.2,0.7,5.5,1.2,24.7,0.5,26.4,0.0,0.0,0.0,22.0,23.0,88.2,990.1,1002.4,24.3
202508101321,766,80.0,3.9,80.6,5.0,65.2,3.2,24.2,0.0,0.0,0.0,76.5,77.0,90.4,993.0,1001.9,22.5
202508101321,767,181.6,0.8,171.6,1.4,170.8,1.3,25.1,0.0,0.0,0.0,53.0,54.5,99.8,1001.8,1002.2,25.1
202508101321,768,115.9,1.7,112.5,2.4,86.8,1.6,30.4,0.0,0.0,0.0,19.0,26.5,73.7,990.0,1001.1,25.2
202508101321,769,7.5,4.1,8.5,5.3,355.4,3.5,28.8,0.0,0.0,0.0,17.0,23.5,70.7,1001.3,1001.9,23.0
202508101321,770,59.8,2.8,61.5,3.5,47.8,1.9,28.1,0.0,0.0,0.0,43.5,45.0,80.9,989.8,1000.8,24.5
202508101321,771,326.4,4.4,293.2,5.4,340.2,4.4,27.5,0.0,0.0,0.0,49.0,50.0,76.0,1001.6,1002.0,22.9
202508101321,772,343.4,4.0,337.7,4.4,345.8,4.2,27.2,0.0,0.0,0.0,23.5,27.5,78.8,1002.1,1002.3,23.2
202508101321,773,287.5,2.2,313.3,3.7,284.9,2.9,28.5,0.0,0.0,0.0,94.0,100.5,92.6,993.4,1001.5,27.2
202508101321,774,187.0,1.6,177.5,2.4,12.4,1.6,29.0,0.0,0.0,0.0,35.5,39.0,74.7,1000.1,1001.3,24.1
202508101321,775,288.9,2.1,286.1,2.8,290.6,2.2,29.3,0.0,0.0,0.0,19.5,27.0,70.7,996.7,1001.1,23.4
202508101321,776,289.7,1.6,334.5,2.0,290.8,1.7,28.0,0.0,0.0,0.0,50.5,77.0,81.8,998.8,1000.7,24.6
202508101321,777,231.0,1.6,227.3,1.7,222.1,1.3,25.7,0.0,0.0,0.0,99.0,112.5,94.8,997.5,1001.7,24.8
202508101321,778,12.6,0.9,30.3,1.5,342.5,1.1,27.3,0.0,0.0,0.0,38.0,42.5,82.3,990.3,1001.1,24.0
202508101321,779,239.6,1.6,252.4,2.7,245.6,3.1,29.5,0.0,0.0,0.0,4.5,5.0,89.9,-99.7,-99.9,27.7
202508101321,780,247.5,6.4,258.3,9.3,252.6,4.6,28.2,0.0,0.0,0.0,14.0,14.5,92.4,-99.7,-99.9,26.9
202508101321,781,278.2,4.9,291.8,6.9,275.4,5.4,31.1,0.0,0.0,0.0,2.0,4.5,78.5,-99.7,-99.9,26.9
202508101321,782,234.5,2.8,235.2,3.8,246.8,2.3,26.5,0.0,0.0,0.0,19.5,21.5,75.6,-99.7,-99.9,21.8
202508101321,783,254.7,0.7,242.2,1.4,225.3,0.9,30.7,0.0,0.0,0.0,14.5,18.0,71.6,996.8,1000.2,25.0
202508101321,784,332.3,1.6,329.1,2.0,1.1,2.8,28.5,0.0,0.0,0.0,24.5,29.5,82.7,999.1,1001.6,25.3
202508101321,785,29.5,3.9,34.2,4.8,14.2,2.9,28.4,0.0,0.0,0.0,102.0,126.5,79.8,999.5,1001.0,24.6
202508101321,786,46.6,0.7,25.2,1.1,42.8,1.3,24.7,0.0,0.0,1.0,56.0,64.5,94.0,999.5,1001.4,23.7
202508101321,787,53.3,3.1,52.2,4.2,49.8,3.0,25.4,0.0,0.0,0.0,56.5,59.5,86.3,1000.4,1001.8,22.9
202508101321,788,358.8,0.8,340.3,1.1,329.7,1.1,29.3,0.0,0.0,0.0,27.5,30.5,72.6,991.9,999.1,23.9
202508101321,789,327.8,5.4,322.8,6.3,331.6,4.6,29.4,0.0,0.0,0.0,29.0,31.5,80.0,1001.0,1002.0,25.6
202508101321,790,29.9,2.9,46.0,3.3,29.3,2.6,23.1,0.0,0.0,0.0,68.5,70.0,99.1,985.2,1000.5,23.0
202508101321,791,208.7,1.0,261.1,1.7,200.5,1.7,26.2,0.0,0.0,0.0,21.5,33.5,83.6,954.3,999.4,23.2
202508101321,792,235.9,4.1,236.5,5.1,233.1,4.2,28.0,0.0,0.0,0.5,23.5,25.0,94.3,991.0,1000.9,27.0
202508101321,793,241.6,4.0,239.0,5.1,240.7,4.2,27.7,0.0,0.0,0.0,2.5,3.0,94.7,1001.3,1001.6,26.8
202508101321,794,240.5,1.0,241.5,1.2,232.2,0.9,28.0,0.0,0.0,0.0,42.5,45.5,78.7,992.2,1000.7,24.0
202508101321,795,242.1,1.1,238.8,1.4,299.0,0.8,29.9,0.0,0.0,0.0,22.5,26.0,66.7,990.7,1000.3,23.0
202508101321,796,0.0,0.0,0.0,0.0,247.6,1.0,25.9,0.0,0.0,0.0,51.5,53.5,90.5,997.4,1001.6,24.2
202508101321,797,28.4,7.1,25.8,8.6,25.0,7.5,27.0,0.0,0.0,0.0,43.0,43.0,72.6,998.1,1002.1,21.7
202508101321,798,304.2,9.8,297.6,11.4,307.4,9.1,27.5,0.0,0.0,0.0,94.0,94.5,77.9,997.9,1000.5,23.3
202508101321,799,241.3,2.2,237.8,3.3,240.2,1.8,28.1,0.0,0.0,0.0,17.0,25.5,67.6,998.7,1000.9,21.5
202508101321,800,75.2,4.9,71.0,6.6,78.2,5.0,27.7,0.0,0.0,0.0,0.0,0.0,67.4,1001.4,1002.1,21.1
202508101321,801,290.6,2.3,292.5,2.7,331.1,2.2,29.1,0.0,0.0,0.0,0.0,0.0,50.5,-99.7,-99.9,17.8
202508101321,802,99.6,3.1,98.0,5.2,97.6,3.3,27.5,0.0,0.0,0.0,0.0,0.0,56.5,986.3,1002.2,18.1
202508101321,803,84.7,1.9,109.6,2.8,44.9,2.5,28.6,0.0,0.0,0.0,0.5,0.5,55.9,976.9,1001.2,18.9
202508101321,804,98.5,3.5,101.9,4.6,92.5,3.3,26.4,0.0,0.0,0.0,2.0,2.0,70.8,997.2,1001.4,20.7
202508101321,805,106.4,0.5,93.3,1.2,195.5,1.7,29.0,0.0,0.0,0.0,3.5,3.5,58.5,975.7,1000.7,20.1
202508101321,806,152.6,1.2,92.1,1.5,249.6,1.4,28.3,0.0,0.0,0.0,3.0,3.0,66.3,996.4,1001.0,21.4
202508101321,807,83.5,1.2,95.2,1.7,274.4,1.4,29.8,0.0,0.0,0.0,4.0,4.0,63.8,988.0,1000.7,22.2
202508101321,808,38.6,2.6,42.2,3.4,26.7,2.3,27.5,0.0,0.0,0.0,4.0,4.0,70.9,-99.7,-99.9,21.8
202508101321,809,38.7,3.2,24.0,4.2,33.9,2.5,28.1,0.0,0.0,0.0,10.0,10.0,69.8,977.4,1000.1,22.1
202508101321,810,296.1,1.1,296.4,1.4,39.6,1.6,28.5,0.0,0.0,0.0,10.5,10.5,63.3,997.3,1001.7,20.9
202508101321,811,45.9,2.8,41.9,3.8,45.0,2.6,28.3,0.0,0.0,0.0,13.0,13.0,64.2,997.5,1001.1,20.9
202508101321,812,122.7,1.4,118.1,2.0,70.1,1.5,29.0,0.0,0.0,0.0,25.0,25.0,64.7,-99.7,-99.9,21.7
202508101321,813,26.6,3.0,29.7,3.6,50.3,2.3,28.7,0.0,0.0,0.0,23.0,23.0,71.2,991.7,1000.3,23.0
202508101321,814,90.0,0.4,261.0,0.7,212.5,0.9,29.8,0.0,0.0,0.0,0.0,0.0,50.9,967.6,1000.7,18.6
202508101321,815,145.0,1.1,201.0,2.0,0.7,0.8,30.2,0.0,0.0,0.0,0.0,0.0,53.6,990.0,1001.3,19.8
202508101321,816,98.0,2.7,106.0,3.5,102.4,2.9,26.8,0.0,0.0,0.0,8.0,8.0,71.3,995.5,1000.3,21.2
202508101321,817,117.0,1.6,167.0,2.9,74.0,3.0,27.7,0.0,0.0,0.0,0.0,0.0,58.4,959.3,1001.1,18.8
202508101321,818,263.1,3.3,260.2,4.2,264.8,2.2,28.6,0.0,0.0,0.0,0.0,0.0,63.8,976.0,1000.0,21.1
202508101321,819,270.0,0.2,247.3,0.5,208.6,0.8,30.4,0.0,0.0,0.0,0.0,0.0,55.4,978.4,1000.7,20.5
202508101321,820,48.2,1.5,33.7,2.1,74.4,2.0,30.0,0.0,0.0,0.0,0.0,0.0,56.0,993.5,1001.9,20.3
202508101321,821,74.3,1.2,69.8,1.7,52.5,1.6,28.3,0.0,0.0,0.0,2.0,2.0,62.9,990.4,1000.6,20.6
202508101321,822,337.0,0.5,323.7,0.9,46.0,1.4,28.7,0.0,0.0,0.0,6.5,6.5,59.1,992.3,1001.1,19.9
202508101321,823,290.6,1.4,203.7,2.2,340.4,1.4,29.8,0.0,0.0,0.0,3.0,3.0,66.8,990.6,999.6,23.0
202508101321,824,331.5,2.6,336.6,2.9,40.8,1.2,29.7,0.0,0.0,0.0,9.0,9.0,65.1,987.5,1000.2,22.5
202508101321,825,1.9,1.6,357.5,2.4,1.0,2.0,29.9,0.0,0.0,0.0,7.5,7.5,60.2,998.0,1001.3,21.4
202508101321,826,228.8,0.3,197.0,0.7,189.2,0.5,28.5,0.0,0.0,0.0,8.0,8.0,68.9,986.7,1001.3,22.2
202508101321,827,62.5,1.9,61.9,2.5,60.4,1.7,28.6,0.0,0.0,0.0,14.0,14.0,61.5,993.5,1000.3,20.5
202508101321,828,211.5,0.9,180.0,1.2,195.6,1.0,28.9,0.0,0.0,0.0,26.5,26.5,72.8,997.8,1000.6,23.5
202508101321,829,53.1,3.2,40.2,4.9,106.4,2.1,28.8,0.0,0.0,0.0,22.5,22.5,59.5,993.0,1001.1,20.1
202508101321,830,93.3,3.6,61.5,5.7,102.1,3.6,29.5,0.0,0.0,0.0,5.5,5.5,53.4,996.7,1001.7,19.0
202508101321,831,36.1,1.6,16.9,3.1,24.6,0.9,27.5,0.0,0.0,0.0,0.0,0.0,53.9,-99.7,-99.9,17.3
202508101321,832,254.6,1.9,255.8,2.8,256.7,1.9,28.7,0.0,0.0,0.0,0.5,0.5,72.6,992.5,1000.0,23.3
202508101321,833,110.5,1.2,105.2,1.9,97.4,1.6,29.5,0.0,0.0,0.0,0.0,0.0,50.8,981.1,1000.4,18.3
202508101321,834,93.4,2.8,75.4,4.3,95.3,2.7,27.7,0.0,0.0,0.0,0.0,0.0,49.5,968.6,1000.0,16.2
202508101321,835,180.1,1.8,158.1,2.6,196.6,1.7,29.6,0.0,0.0,0.0,0.0,0.0,52.6,980.3,1000.7,18.9
202508101321,836,134.3,1.4,134.9,1.9,97.2,2.0,27.4,0.0,-99.9,-99.9,-99.9,-99.2,62.7,964.7,999.5,19.7
202508101321,837,330.3,0.6,292.7,0.8,357.5,0.9,28.9,0.0,0.0,0.0,0.0,0.0,53.6,980.5,1001.2,18.6
202508101321,838,219.5,2.7,202.0,3.8,218.5,2.6,27.9,0.0,0.0,0.0,0.0,0.0,59.7,950.8,1000.0,19.3
202508101321,839,299.9,2.0,281.1,2.9,303.1,2.0,30.5,0.0,0.0,0.0,0.0,0.0,52.6,986.0,1000.3,19.7
202508101321,840,74.4,1.6,31.7,2.4,82.8,2.0,27.4,0.0,0.0,0.0,14.5,14.5,73.1,991.9,999.8,22.2
202508101321,841,136.2,1.6,143.1,2.1,150.2,2.6,28.3,0.0,0.0,0.0,6.5,6.5,66.9,985.8,1001.2,21.6
202508101321,842,77.7,3.6,80.0,3.9,91.8,3.3,26.7,0.0,0.0,0.0,19.5,19.5,74.7,981.8,1000.8,21.8
202508101321,843,130.7,4.0,138.3,5.1,125.2,3.5,28.7,0.0,0.0,0.0,0.0,0.0,51.4,977.4,1001.7,17.7
202508101321,844,324.8,0.4,62.9,1.1,43.9,1.6,29.0,0.0,0.0,0.0,0.5,0.5,52.0,998.7,1001.2,18.2
202508101321,845,52.2,0.8,35.7,1.5,66.1,0.7,29.7,0.0,0.0,0.0,14.0,14.0,64.6,997.3,1000.7,22.3
202508101321,846,314.8,1.3,338.1,2.5,328.5,0.7,27.2,0.0,0.0,0.0,13.5,13.5,72.4,992.3,1000.9,21.8
202508101321,847,359.1,1.3,348.2,1.9,345.5,1.6,30.0,0.0,0.0,0.0,2.0,2.0,61.0,993.6,1001.4,21.7
202508101321,848,38.6,3.2,16.9,5.0,46.0,3.1,29.5,0.0,0.0,0.0,24.0,24.0,57.6,988.9,1000.5,20.3
202508101321,849,134.1,2.6,121.1,3.2,63.9,1.3,30.3,0.0,0.0,0.0,0.0,0.0,46.6,992.1,1001.5,17.6
202508101321,850,84.6,1.2,95.6,1.5,109.2,1.2,27.1,0.0,0.0,0.0,20.0,20.0,-99.2,-99.7,-99.9,-99.9
202508101321,851,262.0,2.9,253.1,4.2,253.6,2.8,28.7,0.0,0.0,0.0,0.0,0.0,56.9,993.8,1002.7,19.3
202508101321,852,53.3,3.7,56.6,4.4,57.4,3.8,26.4,0.0,0.0,0.0,0.0,0.0,65.3,997.4,1002.0,19.4
202508101321,853,270.7,0.9,254.1,1.4,261.5,1.0,24.3,0.0,0.0,0.0,11.0,11.0,79.6,938.6,1000.9,20.6
202508101321,854,33.0,0.9,64.0,1.8,24.8,1.3,25.9,0.0,0.0,0.0,25.0,25.0,79.4,982.9,1001.6,22.1
202508101321,855,238.6,6.8,238.9,8.0,240.1,7.3,27.3,0.0,0.0,0.0,5.0,6.0,93.9,1002.1,1002.6,26.2
202508101321,856,245.0,0.8,298.0,1.3,215.0,1.0,22.4,1.0,0.0,0.0,34.0,35.0,99.1,945.0,1002.1,22.3
202508101321,857,54.1,3.3,81.3,4.3,46.4,2.7,27.0,0.0,0.0,0.0,51.5,58.5,87.0,999.5,1000.5,24.7
202508101321,858,320.0,1.5,359.0,2.8,338.1,2.8,27.7,0.0,0.0,0.0,29.5,35.0,78.1,997.5,1001.4,23.5
202508101321,859,44.3,1.6,42.0,2.6,63.4,2.1,23.9,0.0,0.0,0.0,19.5,19.5,74.3,948.8,1001.3,19.1
202508101321,860,156.4,2.1,169.0,3.5,144.4,2.5,29.5,0.0,0.0,0.0,15.0,15.0,61.1,994.0,1000.5,21.2
202508101321,861,291.1,6.5,295.9,8.4,291.8,6.2,27.2,0.0,0.0,0.0,0.0,2.0,89.1,999.1,1001.5,25.2
202508101321,862,279.9,3.7,287.0,5.3,284.9,4.5,28.7,0.0,0.0,0.0,4.5,6.5,83.0,978.8,1000.5,25.5
202508101321,863,256.0,3.4,301.0,5.4,246.5,4.5,30.4,0.0,0.0,0.0,1.5,2.0,80.8,995.5,1001.3,26.7
202508101321,864,304.0,2.1,309.0,3.0,288.9,2.5,31.1,0.0,0.0,0.0,12.5,16.0,55.2,994.1,1000.1,21.1
202508101321,865,238.8,1.7,239.4,2.4,241.9,1.5,28.3,0.0,0.0,0.0,1.5,3.0,84.2,976.2,1002.1,25.4
202508101321,867,332.2,2.0,11.5,6.5,68.2,2.5,20.1,0.0,0.0,0.0,27.5,31.0,100.0,844.1,1001.6,20.1
202508101321,868,268.5,6.3,273.9,8.9,268.2,6.4,20.7,0.0,0.0,0.0,20.0,25.0,99.9,854.9,1002.1,20.7
202508101321,869,133.7,1.1,122.2,2.9,255.3,2.2,21.2,0.0,0.0,0.0,22.0,26.5,100.0,870.6,1004.6,21.2
202508101321,870,266.8,4.9,262.9,5.2,269.8,5.3,19.9,0.0,0.0,0.0,35.5,43.0,100.0,845.0,1001.2,19.9
202508101321,871,257.4,7.1,248.5,8.6,271.1,7.7,19.2,1.0,0.0,0.0,22.5,26.0,100.0,828.3,1002.7,19.2
202508101321,872,110.3,2.2,99.0,2.8,141.8,0.8,22.0,0.0,0.0,0.0,32.5,42.0,92.8,906.9,1001.2,20.8
202508101321,874,109.2,2.7,106.1,3.2,129.5,1.8,30.1,0.0,0.0,0.0,0.0,0.0,51.5,983.5,1001.5,19.0
202508101321,875,42.6,3.2,52.2,3.7,54.8,2.5,16.2,0.0,0.0,0.0,0.0,0.0,92.5,834.1,1002.9,15.0
202508101321,876,65.0,3.2,77.0,4.4,70.2,2.1,28.6,0.0,0.0,0.0,0.0,0.0,57.5,996.2,1002.6,19.4
202508101321,877,160.5,2.3,160.5,2.8,157.1,1.9,30.5,0.0,0.0,0.0,0.0,0.0,55.1,994.6,1001.2,20.5
202508101321,878,27.0,1.4,354.4,3.5,26.5,2.0,25.3,0.0,0.0,0.0,0.0,0.0,55.2,-99.7,-99.9,15.7
202508101321,881,290.0,4.3,305.0,5.3,288.3,4.4,28.6,0.0,0.0,0.0,3.5,10.0,57.9,1000.6,1001.8,19.5
202508101321,882,37.6,3.3,23.1,4.8,47.6,3.9,29.1,0.0,0.0,0.0,18.0,23.5,61.5,987.0,1000.4,21.0
202508101321,883,270.4,4.7,270.7,6.4,267.5,3.9,25.6,0.0,0.0,0.0,6.5,7.5,97.3,954.0,1001.9,25.1
202508101321,885,255.0,5.9,259.6,8.0,252.5,4.7,26.8,0.0,0.0,0.0,22.0,22.5,85.9,974.6,1001.7,24.2
202508101321,886,291.0,3.9,315.0,5.1,279.4,3.8,29.3,0.0,0.0,0.0,0.0,1.0,57.2,1001.2,1001.8,20.0
202508101321,888,6.2,1.6,42.2,2.3,12.0,1.8,29.5,0.0,0.0,0.0,0.0,0.0,57.5,-99.7,-99.9,20.2
202508101321,889,356.3,0.7,11.3,1.0,350.6,1.0,31.4,0.0,0.0,0.0,0.0,0.0,46.1,999.8,1001.6,18.4
202508101321,890,242.3,2.0,185.4,2.8,209.3,3.0,27.6,0.0,0.0,0.0,13.0,16.0,94.0,970.4,1000.8,26.5
202508101321,892,250.6,2.3,272.8,3.0,248.2,3.0,29.4,0.0,0.0,0.0,11.5,13.5,91.1,989.9,1001.3,27.8
202508101321,893,302.6,5.4,302.3,7.4,268.8,5.5,28.2,0.0,0.0,0.0,1.5,2.5,78.9,1001.7,1002.3,24.2
202508101321,898,22.1,1.3,21.5,1.9,7.1,1.5,27.0,0.0,0.0,0.0,32.5,32.5,71.0,1001.6,1001.8,21.3
202508101321,899,0.0,0.0,244.7,0.0,0.0,0.0,25.2,0.0,0.0,0.0,37.0,37.0,80.2,997.7,1001.5,21.5
202508101321,900,297.4,1.6,289.4,2.3,310.3,1.3,25.0,0.0,0.0,0.0,20.0,20.0,83.1,987.5,1000.7,21.9
202508101321,901,56.7,3.9,55.5,5.6,49.9,3.3,24.6,0.0,0.0,0.0,29.0,29.0,78.9,993.1,1000.8,20.7
202508101321,902,24.8,2.5,8.5,2.8,25.4,2.6,26.6,0.0,0.0,0.0,31.5,39.0,81.2,984.4,999.7,23.1
202508101321,903,201.8,1.5,197.8,2.0,210.8,1.6,27.4,0.0,0.0,0.0,32.5,32.5,77.3,998.7,1000.4,23.1
202508101321,904,324.3,2.0,330.1,2.5,330.1,1.5,24.8,0.0,0.0,0.5,36.5,37.0,91.3,1000.1,1000.2,23.3
202508101321,905,32.7,2.1,37.6,2.9,40.6,2.7,26.1,0.0,0.0,0.0,37.5,37.5,72.8,992.0,1001.4,20.8
202508101321,906,150.2,1.0,128.7,1.6,149.8,1.3,28.3,0.0,0.0,0.0,28.5,39.0,75.9,991.0,1001.0,23.6
202508101321,907,168.3,1.6,146.5,2.1,170.1,1.4,25.3,0.0,0.0,0.0,54.0,58.0,94.7,997.9,1001.2,24.4
202508101321,908,202.8,1.5,199.3,1.9,198.2,1.5,23.9,0.0,0.0,0.5,26.5,28.5,95.9,1000.5,1001.8,23.2
202508101321,909,15.4,3.0,42.2,4.5,22.3,2.9,22.1,0.0,0.5,2.5,66.0,68.5,99.5,989.6,1002.1,22.0
202508101321,910,60.7,4.7,62.9,6.6,58.7,4.4,22.0,0.0,0.0,1.5,33.0,37.0,99.9,984.2,1000.0,22.0
202508101321,911,54.1,5.7,50.4,6.6,56.3,5.9,23.3,1.0,0.5,1.0,39.5,43.0,99.9,993.6,1001.5,23.3
202508101321,912,205.5,1.4,198.7,1.9,159.8,2.4,28.5,0.0,0.0,0.0,37.5,44.5,74.5,985.8,1001.4,23.5
202508101321,913,156.4,2.4,155.3,2.8,175.8,2.6,23.9,1.0,0.0,0.5,40.0,49.5,94.9,998.4,1000.6,23.0
202508101321,914,192.6,2.3,154.8,3.6,155.8,1.1,26.9,0.0,0.0,0.0,31.0,33.5,74.3,961.7,1000.7,21.9
202508101321,915,59.2,1.1,54.9,2.5,113.7,2.0,28.5,0.0,0.0,0.0,37.0,37.0,72.8,990.1,999.6,23.1
202508101321,916,291.1,2.4,283.5,2.9,316.3,2.8,28.1,0.0,0.0,0.0,20.0,25.5,73.7,994.0,1000.1,23.0
202508101321,917,87.6,2.7,83.0,3.8,66.6,2.0,24.9,0.0,0.0,0.5,55.5,60.0,84.4,999.0,1001.9,22.1
202508101321,918,28.6,2.5,26.0,2.8,25.6,2.8,25.3,0.0,0.0,0.0,51.0,56.0,89.6,1000.6,1001.4,23.5
202508101321,919,270.6,2.3,278.6,2.7,291.4,2.0,29.7,0.0,0.0,0.0,28.5,28.5,70.6,998.4,1001.7,23.8
202508101321,920,152.6,1.8,147.8,2.3,145.5,1.5,26.0,0.0,0.0,0.0,33.0,33.0,81.2,1000.4,1001.3,22.5
202508101321,921,292.2,1.8,273.7,2.5,294.2,2.2,22.8,0.0,0.0,0.5,46.0,50.0,100.0,992.5,1001.1,22.8
202508101321,922,304.0,0.8,149.5,1.1,349.9,0.9,26.2,0.0,0.0,0.0,31.0,31.0,78.9,985.5,1001.0,22.3
202508101321,923,57.4,2.0,103.7,3.1,35.1,1.7,24.2,0.0,0.0,0.5,30.0,30.0,91.2,994.1,1001.6,22.7
202508101321,924,332.0,2.9,52.0,4.2,329.1,2.8,23.2,0.0,0.0,0.0,25.5,25.5,87.5,999.8,1002.3,21.0
202508101321,925,245.5,2.3,240.1,2.7,261.2,1.5,26.5,0.0,0.0,0.0,42.0,42.0,79.0,998.5,999.5,22.6
202508101321,926,162.7,0.9,181.6,1.4,184.2,0.9,24.8,0.0,0.0,0.0,33.0,36.0,99.1,1000.4,1001.9,24.6
202508101321,927,195.9,1.6,202.2,2.3,227.2,1.2,26.9,0.0,0.0,0.0,16.0,16.0,78.6,986.7,1000.9,22.9
202508101321,929,213.9,0.8,223.8,1.4,253.4,1.1,23.6,0.0,0.0,0.0,37.0,39.0,98.5,987.1,1001.8,23.3
202508101321,930,253.3,0.7,253.1,1.3,233.0,0.9,24.8,0.0,0.0,0.5,78.5,82.0,98.6,1001.3,1002.1,24.6
202508101321,931,24.4,2.3,39.4,3.2,17.6,2.2,22.9,1.0,0.5,2.5,67.5,71.5,99.9,993.3,1002.0,22.9
202508101321,932,196.9,2.1,205.5,3.0,202.9,2.0,26.3,0.0,0.0,0.0,39.0,43.0,79.5,1001.2,1001.7,22.5
202508101321,933,236.2,0.5,227.1,1.4,141.8,1.1,26.6,0.0,0.0,0.0,51.5,52.5,78.2,997.9,1001.5,22.5
202508101321,934,117.2,1.8,87.8,2.8,81.7,2.6,27.0,0.0,0.0,0.0,31.0,36.0,73.9,991.4,1000.7,22.0
202508101321,935,88.1,2.0,80.0,2.9,66.7,1.2,28.5,0.0,0.0,0.0,35.0,35.0,79.8,998.7,1001.3,24.7
202508101321,936,84.6,3.2,81.6,3.8,79.7,3.0,27.3,0.0,0.0,0.0,26.5,27.5,78.1,994.4,1001.3,23.2
202508101321,937,69.2,0.6,93.8,1.4,67.7,1.5,23.0,0.0,0.0,0.5,32.5,32.5,96.3,990.9,1000.2,22.4
202508101321,938,120.6,1.7,122.2,2.7,126.9,1.7,23.5,0.0,0.0,1.0,37.5,38.0,92.6,988.3,1001.3,22.2
202508101321,939,35.5,0.5,35.6,1.3,348.0,0.3,24.4,0.0,0.0,0.0,41.0,41.5,86.9,995.7,1001.3,22.1
202508101321,940,318.9,1.6,329.6,2.4,347.1,1.0,23.4,0.0,0.0,0.5,34.0,34.5,91.9,992.9,1000.9,22.0
202508101321,941,30.9,1.6,38.3,2.3,6.9,1.5,25.1,0.0,0.0,0.5,30.5,31.0,86.7,1001.0,1001.8,22.7
202508101321,942,31.8,2.4,18.2,2.8,37.5,2.3,22.8,0.0,0.0,1.0,40.0,40.0,97.1,987.6,1001.7,22.3
202508101321,943,358.1,1.7,289.7,2.9,3.9,2.0,23.9,0.0,0.0,0.0,30.0,30.0,73.1,-99.7,-99.9,18.8
202508101321,944,150.2,1.4,163.8,1.8,148.7,1.8,26.6,0.0,0.0,0.0,29.0,29.5,74.3,999.9,1001.0,21.7
202508101321,945,44.1,1.2,67.7,1.8,10.9,0.9,25.9,0.0,0.0,0.0,45.0,46.5,74.3,976.1,1001.9,21.0
202508101321,946,117.0,2.7,111.1,3.6,113.5,2.3,28.3,0.0,0.0,0.0,19.0,19.5,68.3,964.8,1000.4,21.9
202508101321,947,345.4,1.3,284.4,2.2,11.7,1.4,23.5,1.0,0.5,1.0,51.0,55.5,91.3,998.0,1001.5,22.0
202508101321,948,218.2,2.8,222.3,3.1,221.2,2.2,26.8,0.0,0.0,0.0,22.5,28.0,82.4,985.7,1001.4,23.6
202508101321,949,43.2,1.6,42.2,1.8,46.3,1.6,26.5,0.0,0.0,0.0,35.0,35.0,71.8,1001.2,1002.1,21.0
202508101321,950,347.3,1.6,323.4,2.2,24.9,1.7,23.2,0.0,0.0,1.5,40.5,42.0,96.0,-99.7,-99.9,22.5
202508101321,951,304.9,2.9,321.9,4.0,313.1,3.0,29.3,0.0,0.0,0.0,17.5,35.0,69.5,988.6,1000.4,23.1
202508101321,953,167.8,0.0,201.3,0.1,78.1,0.2,23.8,0.0,0.0,1.0,49.5,51.5,99.0,997.9,1001.4,23.6
202508101321,954,9.0,2.6,35.0,3.9,16.0,2.2,25.9,0.0,0.0,0.0,30.5,30.5,76.4,995.0,1001.1,21.4
202508101321,955,314.0,4.6,318.2,4.9,316.6,4.9,26.1,-99.7,-99.9,-99.9,-99.9,-99.7,78.8,1001.3,1003.3,22.1
202508101321,956,343.9,6.2,343.6,6.6,344.8,6.3,23.8,-99.7,-99.9,-99.9,-99.9,-99.7,87.6,1000.9,1002.7,21.6
202508101321,957,-99.9,-99.9,-99.9,-99.9,-99.9,-99.9,-99.9,-99.9,-99.9,-99.9,-99.9,-99.9,-99.9,-99.9,-99.9,-99.9
202508101321,958,7.2,7.4,4.9,8.2,4.3,7.8,26.5,-99.7,-99.9,-99.9,-99.9,-99.7,77.6,1000.5,1002.2,22.3
202508101321,959,335.1,4.9,335.1,5.3,326.1,5.1,24.2,-99.7,-99.9,-99.9,-99.9,-99.7,84.1,1000.6,1002.0,21.3
202508101321,960,241.6,7.1,239.7,8.4,243.0,6.8,28.2,-99.7,-99.9,-99.9,-99.9,-99.7,93.1,1001.0,1003.0,27.0
202508101321,961,28.3,7.5,27.1,8.2,27.7,7.7,24.2,-99.7,-99.9,-99.9,-99.9,-99.7,93.6,998.8,1001.9,23.1
202508101321,963,11.5,4.1,11.8,4.3,14.4,4.7,24.9,-99.7,-99.9,-99.9,-99.9,-99.7,80.1,1000.3,1002.1,21.2
202508101321,964,287.5,2.5,273.6,3.4,290.2,2.1,27.8,0.0,0.0,0.0,87.0,98.5,70.3,995.8,1001.4,21.9
202508101321,965,204.2,4.9,209.9,8.0,212.7,4.2,19.8,0.0,0.0,0.0,28.0,34.5,97.9,-99.7,-99.9,19.5
202508101321,966,305.2,5.1,311.4,5.6,311.8,5.5,25.0,0.0,0.0,0.0,0.0,0.0,78.6,997.6,1001.9,21.0
202508101321,967,295.4,6.3,296.4,7.5,296.5,5.2,26.2,0.0,0.0,0.0,0.0,0.0,73.8,994.5,1002.4,21.2
202508101321,970,211.1,0.5,210.2,1.4,292.8,1.4,29.3,0.0,0.0,0.0,0.0,0.0,57.3,981.6,1001.4,20.0
202508101321,972,121.7,1.4,143.4,1.6,126.0,0.9,30.3,0.0,0.0,0.0,0.0,0.0,61.5,992.1,1001.9,22.1
202508101321,973,99.2,0.7,104.3,1.3,193.8,1.2,27.7,0.0,0.0,0.0,44.5,47.5,81.5,996.3,1000.7,24.2
202508101321,974,139.4,2.5,143.4,2.8,147.0,2.9,26.1,0.0,0.0,0.0,40.5,49.5,92.4,-99.7,-99.9,24.8
202508101321,977,17.5,2.2,16.9,2.8,352.0,1.9,30.2,0.0,0.0,0.0,0.0,0.0,57.8,-99.7,-99.9,21.0
202508101321,978,218.7,1.9,205.3,2.4,278.4,1.5,30.5,0.0,0.0,0.0,0.0,0.0,55.1,-99.7,-99.9,20.5
202508101321,980,181.8,1.9,249.6,5.9,249.9,2.9,27.0,0.0,0.0,0.0,14.0,14.5,96.0,986.5,1001.6,26.3
202508101321,984,198.7,1.3,234.1,2.7,174.7,1.4,23.6,-99.7,-99.9,-99.9,-99.9,-99.7,88.6,997.2,1001.3,21.6
202508101321,989,256.8,1.8,253.6,4.3,250.5,2.7,27.5,0.0,0.0,0.0,13.0,13.5,96.6,991.1,1001.3,26.9
202508101321,990,268.7,4.1,267.3,4.9,272.9,4.2,28.5,0.0,0.0,0.0,7.5,8.0,93.9,993.9,1002.6,27.4
202508101321,991,276.5,1.0,33.5,1.5,307.4,1.2,29.6,0.0,0.0,0.0,17.0,17.0,70.8,997.9,1001.0,23.7
202508101321,992,20.5,1.9,26.1,2.6,37.6,1.5,28.9,0.0,0.0,0.0,15.5,15.5,67.3,996.9,1000.9,22.2
202508101321,993,258.4,4.1,274.1,5.7,273.1,4.3,26.3,0.0,0.0,0.0,6.0,7.0,99.0,971.4,1002.4,26.1
202508101321,994,9.9,4.8,8.4,5.1,7.0,4.7,30.4,0.0,0.0,0.0,1.5,9.0,50.8,1001.5,1001.8,19.1
202508101321,995,55.7,2.7,44.2,4.0,54.7,2.8,27.3,0.0,0.0,0.0,8.0,8.0,64.0,991.4,1000.4,19.9
202508101321,996,-99.2,-99.2,-99.2,-99.2,-99.9,-99.9,26.3,0.0,0.0,0.0,0.0,0.0,54.7,960.7,1000.5,16.5
